:020000040000fa
:10000000f07f002001910000375a00009b5d000046
:1000100000000000000000000000000000000000e0
:1000200000000000000000000000000071a80000b7
:100030000000000000000000c1930000d1a50000f6
:1000400093570000935700009357000099860000d3
:10005000935700009357000093570000d57e00008f
:10006000935700009357000045b5000093570000d8
:1000700093570000935700009357000093570000d8
:10008000d160000093570000935700009357000081
:1000900093570000935700009357000093570000b8
:1000a00093570000935700009357000093570000a8
:0c00b00093570000935700009357000086
:020000040000fa
:1000bc00f8b5c046f8bc08bc9e4670479990000045
:1000cc00f8b5c046f8bc08bc9e467047719000005d
:020000040000fa
:0800dc007c5800000100000047
:020000040000fa
:1000e40053595354454d5f53544154455f546173c0
:1000f4006b7300000000000044454255475f4c4fbd
:10010400474745525f5461736b73000043414e5f30
:100114005461736b73000000434d445f504152536c
:1001240045525f5461736b730000000057415443a0
:1001340048444f475f4b49434b45525f5461736b8f
:100144007300000049444c4500000000546d7220c7
:10015400537663000a2d2d2d2d2d4754726f6e207a
:1001640046726f6e742050616e656c2d2d2d2d2d91
:100174000a0000000a53797374656d205374617426
:1001840065205461736b20696e697469616c697a66
:1001940065640a000a23232323232d53797374658a
:1001a4006d205374617465205461736b3a2043412c
:1001b4004e20577269746520444c43203e20382dec
:1001c40023232323230a00000a53797374656d20c3
:1001d400537461746520496e69740a000a496e207b
:1001e40053797374656d205374617465205365721b
:1001f40076696365205461736b2e0a000a2d2d2dd8
:100204002d2d496e2053797374656d205374617478
:10021400652053656c6563742d2d2d2d2d0a00000a
:100224000a2d2d2d2d2d496e2053797374656d2063
:1002340053746174652052756e2d2d2d2d2d0a0079
:100244000a436d645061727365723a2053656e742b
:100254002053616720456e61626c652043414e20e6
:100264004d65737361676520746f2053797374658a
:100274006d20436f6e74726f6c6c65720a000000bf
:100284000a2d2d2d2d2d496e2053797374656d2003
:10029400537461746520506173732d2d2d2d2d0ab7
:1002a400000000000a2d2d2d2d2d496e2053797349
:1002b40074656d2053746174652050617573652d88
:1002c4002d2d2d2d0a0000000a436d6450617273b8
:1002d40065723a2053656e742053616720446973d4
:1002e40061626c652043414e204d6573736167659f
:1002f40020746f2053797374656d20436f6e74722c
:100304006f6c6c657220616e642041786973204360
:100314006f6e74726f6c6c65720a00000a2d2d2d5d
:100324002d2d496e2053797374656d205374617457
:1003340065204661696c2d2d2d2d2d0a00000000cd
:100344000a2d2d2d2d2d496e2053797374656d2042
:10035400537461746520425a524f464644522d2dbf
:100364002d2d2d0a000000000a2d2d2d2d2d496e56
:100374002053797374656d20537461746520425af7
:10038400524f464645522d2d2d2d2d0a00000000ba
:100394000a2d2d2d2d2d496e2053797374656d20f2
:1003a40053746174652044697361626c6520416ca7
:1003b4006c2d2d2d2d2d0a000a2d2d2d2d2d496e40
:1003c4002053797374656d20537461746520446996
:1003d4007361626c6520485720427574746f6e7344
:1003e4002d2d2d2d2d0a00000a2d2d2d2d2d496e7c
:1003f4002053797374656d20537461746520456e60
:1004040061626c652044697361626c652042757435
:10041400746f6e732d2d2d2d2d0a00000a53535425
:100424003a20496e2053797374656d205374617456
:100434006520427574746f6e205072657373205317
:10044400746174650a0000000a5353543a20626fc1
:100454006f6c204448424c53203d2025640a000020
:100464000a5353543a2052756e20427574746f6e59
:100474002050726573736564205061727365640af9
:10048400000000000a5353543a2052756e204275fe
:1004940074746f6e2050726573736564204e6f744c
:1004a400205061727365642e2052756e20427574fb
:1004b400746f6e2069732044697361626c65640aa9
:1004c400000000000a5353543a2050617573656468
:1004d40020427574746f6e20507265737365642066
:1004e4005061727365640a000a5353543a20506190
:1004f40075736520427574746f6e205072657373e2
:100504006564204e6f74205061727365642e2050b0
:100514006175736520427574746f6e20697320442d
:10052400697361626c65640a000000000a535354e5
:100534003a2053544f5020427574746f6e20507299
:100544006573736564205061727365640a0000000a
:100554000a5353543a2053544f5020427574746fc5
:100564006e2050726573736564204e6f7420506101
:10057400727365642e2053544f5020427574746f07
:100584006e2069732044697361626c65640a0000bb
:100594000a5353543a2042757a7a6572204f66663c
:1005a40020427574746f6e20507265737365642095
:1005b4005061727365640a000a436c656172656414
:1005c40020546f7765726c616d702042757a7a651c
:1005d400722e2044697361626c65642042757a7a74
:1005e4006572204f666620427574746f6e20616e6a
:1005f4006420636c656172656420697473204c4582
:10060400442e0a000a5353543a2042757a7a65728a
:10061400204f666620427574746f6e205072657345
:10062400736564204e6f74205061727365642e206c
:1006340042757a7a6572204f666620427574746fcb
:100644006e2069732044697361626c65640a0000fa
:100654000a5353543a206d73675f6964203d203018
:1006640078257820307825782030782578203078df
:1006740025780a000a5353543a2053656e74204275
:100684007574746f6e205072657373656420434192
:100694004e20517565756520746f2043414e20547a
:1006a40061736b0a000000000a5353543a204672e7
:1006b4006f6e7420446f6f72204c696d697420549e
:1006c40072696767657265640a0000000a535354cf
:1006d4003a204261636b20446f6f72204c696d69ec
:1006e40074205472696767657265640a00000000cb
:1006f4000a5353543a2053656e7420446f6f72202a
:100704004c696d697420507265737365642043414c
:100714004e20517565756520746f2043414e2054f9
:1007240061736b0a000000000a5353543a20452dac
:1007340050616e656c20446f6f72204c696d6974f2
:10074400205472696767657265640a000a2d2d2d4d
:100754002d2d496e2053797374656d205374617423
:10076400652053757370656e642d2d2d2d2d0a0033
:100774000a5353543a2053757370656e642053744e
:10078400617465204576656e742047726f757020bc
:1007940072656365697665640a0000002053454c00
:1007a40045435420537461746520466c616720523c
:1007b400656365697665640a000000002052554e41
:1007c40020537461746520466c61672052656365cb
:1007d400697665640a000000205041535320537425
:1007e40061746520466c616720526563656976654e
:1007f400640a0000205041555345205374617465c8
:1008040020466c61672052656365697665640a00f9
:10081400204641494c20537461746520466c6167dd
:100824002052656365697665640a000020425a5265
:100834004f4646445220537461746520466c616788
:100844002052656365697665640a000020425a5245
:100854004f4646455220537461746520466c616767
:100864002052656365697665640a00002044495333
:1008740041424c4520414c4c2053746174652046e0
:100884006c61672052656365697665640a000000df
:100894002044495341424c452048572042544e532a
:1008a40020537461746520466c61672052656365ea
:1008b400697665640a00000020454e2044495320af
:1008c400425554544f4e5320537461746520466c02
:1008d40061672052656365697665640a00000000fb
:1008e40020427574746f6e20507265737365642052
:1008f400000000000a4953523a204261636b2044cd
:100904006f6f72204c696d697420547269676765f2
:10091400726564210a0000000a4953523a20527554
:100924006e20427574746f6e2050726573736564c3
:10093400210a00000a4953523a2050617573652018
:10094400427574746f6e2050726573736564210a06
:10095400000000000a4953523a2053746f70204239
:100964007574746f6e2050726573736564210a0028
:100974000a4953523a2042757a7a6572204f666664
:1009840020427574746f6e205072657373656421b0
:100994000a0000000a4953523a2046726f6e7420ce
:1009a400446f6f72204c696d697420547269676773
:1009b40065726564210a00000a4953523a20452da4
:1009c40050616e656c20446f6f72204c696d697460
:1009d40020547269676765726564210a000000002b
:1009e400257300000a416674657220496e6974209b
:1009f4002d2057445420456e61626c65640a0000e2
:100a04000a416674657220496e6974202d2057442a
:100a1400542044697361626c65640a000a5243415c
:100a2400555345203d3e20504f520a000a5243413f
:100a3400555345203d3e20424f44434f52450a0002
:100a44000a524341555345203d3e20424f445644ab
:100a5400440a00000a524341555345203d3e204577
:100a640058545f5253540a000a5243415553452087
:100a74003d3e205744540a000a52434155534520f1
:100a84003d3e20535953540a000000000a5243418a
:100a9400555345203d3e20554e4b4e4f574e0a0070
:100aa40020527820427566666572203a0000000084
:100ab400205278204649464f30203a002052782070
:100ac4004649464f31203a00204e6577204d6573e4
:100ad400736167652052656365697665640d0a0014
:100ae4000a52637664204d657373616765202d2017
:100af4004944203a203078257820307825782030f1
:100b04007825782030782578207c20444c43203a7e
:100b140020307825780a000052637664204461749a
:100b240061203a2000000000307825782000000081
:100b34000a0000000a53656e74204d657373616783
:100b440065202d204944203a2030782578204c65b2
:100b54006e677468203a2030782578200000000001
:100b640053656e742044617461203a2000000000d3
:100b74000a4661696c656420746f2073656e642035
:100b840043414e204d6573736167650a00000000a0
:100b94000a43414e2053746174652053657276692b
:100ba4006365205461736b202d2057616974696eed
:100bb4006720666f722043414e2051756575652e1e
:100bc4002e2e0a000a43414e5461736b3a20546f2f
:100bd4002062652073656e7420746f20436d6450c9
:100be4006172736572207c204d7367204944203df7
:100bf40020307825782030782578203078257820a2
:100c040030782578207c20444c43203d20307825c2
:100c140078207c2044617461203d000020307825d8
:100c2400780000000a436d645061727365723a2063
:100c34005065726970686572616c204279746520d0
:100c44002d3e2052756e20427574746f6e0a00003a
:100c54000a436d645061727365723a20506572691b
:100c640070686572616c2042797465202d3e205253
:100c7400756e204c45440a000a436d6450617273da
:100c840065723a205065726970686572616c2042c1
:100c9400797465202d3e205061757365204275740a
:100ca400746f6e0a000000000a436d645061727331
:100cb40065723a205065726970686572616c204291
:100cc400797465202d3e205061757365204c454430
:100cd4000a0000000a436d645061727365723a2021
:100ce4005065726970686572616c20427974652020
:100cf4002d3e2053746f7020427574746f6e0a0019
:100d04000a436d645061727365723a20506572696a
:100d140070686572616c2042797465202d3e2053a1
:100d2400746f70204c45440a000000000a436d644f
:100d34005061727365723a205065726970686572a9
:100d4400616c2042797465202d3e2042757a7a6563
:100d540072204f66660a00000a436d645061727324
:100d640065723a205065726970686572616c2042e0
:100d7400797465202d3e2042757a7a6572204f661b
:100d840066204c45440a00000a436d645061727346
:100d940065723a205065726970686572616c2042b0
:100da400797465202d3e20546f776572204c616df7
:100db400702031202d205265640a00000a436d64be
:100dc4005061727365723a20506572697068657219
:100dd400616c2042797465202d3e20546f776572d2
:100de400204c616d702032202d2059656c6c6f771a
:100df4000a0000000a436d645061727365723a2000
:100e04005065726970686572616c204279746520fe
:100e14002d3e20546f776572204c616d7020332015
:100e24002d20477265656e0a000000000a436d6458
:100e34005061727365723a205065726970686572a8
:100e4400616c2042797465202d3e20546f77657261
:100e5400204c616d702034202d20426c75650a0091
:100e64000a436d645061727365723a205065726909
:100e740070686572616c2042797465202d3e20543f
:100e84006f776572204c616d702035202d2042757e
:100e94007a7a65720a0000000a436d6450617273c5
:100ea40065723a205065726970686572616c20429f
:100eb400797465202d3e2046726f6e7420446f6fe6
:100ec40072204c696d69740a000000000a436d6465
:100ed4005061727365723a20506572697068657208
:100ee400616c2042797465202d3e204261636b2041
:100ef400446f6f72204c696d69740a000a436d6413
:100f04005061727365723a205065726970686572d7
:100f1400616c2042797465202d3e20452d50616e10
:100f2400656c20446f6f72204c696d69740a00000f
:100f34000a436d645061727365723a205065726938
:100f440070686572616c2042797465202d3e205072
:100f540072657373757265205377697463680a00e8
:100f64000a436d645061727365723a205065726908
:100f740070686572616c2042797465202d3e20434f
:100f84006c65616e696e6720556e697420536f6c71
:100f9400656e6f69640a00000a436d645061727380
:100fa40065723a205065726970686572616c20429e
:100fb400797465202d3e205374616d70696e6720cd
:100fc40052656c61790a00000a436d645061727362
:100fd40065723a205065726970686572616c20426e
:100fe400797465202d3e2057696e64696e672052be
:100ff400656c61790a0000000a47726f7570203dc4
:1010040020256c64207c2050696e204e6f203d208a
:10101400256c640a000000000a436d645061727319
:1010240065723a204f7065726174696f6e204279ff
:101034007465202d3e20496e697469616c697a6516
:101044000a0000000a436d645061727365723a20ad
:101054004f7065726174696f6e2042797465202dda
:101064003e20456e61626c650a0000000a436d64af
:101074005061727365723a204f7065726174696f62
:101084006e2042797465202d3e2044697361626c40
:10109400650a00000a436d645061727365723a20f8
:1010a4004f7065726174696f6e2042797465202d8a
:1010b4003e2050696e204f6e0a0000000a436d64a2
:1010c4005061727365723a204f7065726174696f12
:1010d4006e2042797465202d3e2050696e204f6643
:1010e400660a00000a436d645061727365723a20a7
:1010f4004f7065726174696f6e2042797465202d3a
:101104003e20436865636b205374617475730a00f1
:101114000a436d645061727365723a204f70657250
:101124006174696f6e2042797465202d3e2053747a
:101134006172740a000000000a436d6450617273a6
:1011440065723a204f7065726174696f6e204279de
:101154007465202d3e2053746f700a000a436d6439
:101164005061727365723a204f7065726174696f71
:101174006e2042797465202d3e205072657373652c
:10118400640a00000a436d645061727365723a2008
:101194004f7065726174696f6e2042797465202d99
:1011a4003e204e6f7420507265737365640a0000ac
:1011b4000a436d645061727365723a20476f696eb9
:1011c4006720746f2053757370656e642c205761ab
:1011d4006974696e6720666f722043414e20436fc5
:1011e4006d6d616e642066726f6d2043414e2054b4
:1011f40061736b2e2e2e00000a436d64506172736e
:1012040065723a2043414e205061636b65742044fb
:101214004c43203d2025640a000000000a436d640d
:101224005061727365723a2043414e205061636b82
:10123400657420444c43203d20350a000a436d6404
:101244005061727365723a2043414e205175657541
:1012540065205265636569766564207c204d7367fb
:10126400204944203d203078257820307825782086
:10127400307825782030782578207c20446174618a
:101284005b305d203d2030782578207c20446174db
:10129400615b315d203d2030782578200a00000014
:1012a4000a63436d645061727365723a204d7367cb
:1012b400204944207278637664203d2042544e20b5
:1012c4005457524c4d5020494e440a000a436d6411
:1012d4005061727365723a204d73672049442072dd
:1012e40078637664203d205374617465204368619b
:1012f4006e67650a000000000a436d6450617273f2
:1013040065723a204d73672049442072786376648d
:10131400203d20426f6172642041637469766520c8
:1013240050696e670a53656e7420426f617264205f
:101334004163746976652050696e67205265706cec
:10134400790a00000a436d645061727365723a2031
:101354004f70636f646520726563656976656420a8
:10136400776974686f7574207465726d696e6174e1
:10137400696e67205c302e2e2e4164646564205ca7
:10138400302061742074686520656e64206f662067
:10139400746865204f70636f64650a000a436d6466
:1013a4005061727365723a2043414e2051756575e0
:1013b40065205265636569766564207c204d73679a
:1013c400204944203d203078257820307825782025
:1013d400307825782030782578207c2000000000a3
:1013e4000a4f70636f64653a2044617461203d2044
:1013f40025730a000a4f70636f6465206973207651
:10140400616c69640a0000000a506572697068655d
:1014140072616c20427974652030203d203078253b
:1014240078207c204f7065726174696f6e204279f8
:1014340074652031203d20307825780a00000000b2
:101444000a23232d4f70636f646520697320494e0e
:1014540056414c49442d23230a0000000a436d647d
:101464005061727365723a205374617465204279d5
:101474007465202d3e2053656c656374205374613c
:1014840074650a000a436d645061727365723a2090
:1014940053746174652042797465202d3e20527521
:1014a4006e2053746174650a000000000a436d6481
:1014b4005061727365723a20537461746520427985
:1014c4007465202d3e2050617373205374617465dc
:1014d4000a0000000a436d645061727365723a2019
:1014e40053746174652042797465202d3e205061e7
:1014f4007573652053746174650a00000a436d6452
:101504005061727365723a20537461746520427934
:101514007465202d3e204661696c205374617465a6
:101524000a0000000a436d645061727365723a20c8
:1015340053746174652042797465202d3e20427590
:101544007a4f666644522053746174650a00000041
:101554000a436d645061727365723a205374617406
:10156400652042797465202d3e2042757a4f666667
:1015740045522053746174650a0000000a436d6487
:101584005061727365723a205374617465204279b4
:101594007465202d3e2044697361626c6520416c42
:1015a4006c204448424c532053746174650a000013
:1015b4000a436d645061727365723a2053746174a6
:1015c400652042797465202d3e2044697361626c04
:1015d4006520416c6c2048617264776172652042b9
:0e15e4007574746f6e732053746174650a0021
:020000040000fa
:0215f200704740
:020000040000fa
:1015f400f0b5d6464f464646c0b584b0ec4b1a7893
:101604000e2a00d9b4e39300ea4ad3589f46e84b24
:1016140001221a7009f0f2fe032800d8a8e309f0a9
:10162400dbfee54908f0eafba2e309f0e7fe032844
:1016340033d88224e40580235b0263615b08636121
:101644005b0863615b08636109f040fe09f012fd09
:1016540004f024ff03f096f88a2149008022120541
:10166400625080235b0563506261636194231201bd
:10167400e250d24b00221a70cd4c2678a568a01ceb
:101684001232002109f028fd0e2323706670cc4b22
:10169400a360e560012323746ae309f09dfec94950
:1016a40008f0acfbc5e709f0a9fe032846d882245c
:1016b400e40580267602666180231b0263615b0871
:1016c40063615b08636109f001fe09f0d3fc04f077
:1016d400e5fe03f057f88a21490080221205625082
:1016e40080235b056350626163619425db00635171
:1016f400b24b00221a7009f0e9fdff2300220021f9
:101704001d2008f0e7ff04f0c9fe03f03bf8a661d2
:1017140004236351a64c2678a568a01c122200213c
:1017240009f0dafc0e2323706670a54ba360e56014
:1017340001232374a44bf1221a6019e309f04cfe2f
:10174400a24908f05bfbb2e709f058fe032859d818
:101754008224e40580235b0263615b08984663612d
:101764008027ff0167619b08636109f0affd09f001
:1017740081fc04f093fe03f005f88a2252008026cf
:101784003605a65080235b05a350666163619425ea
:10179400db006351894b00221a704346a361a761a1
:1017a40009f094fd0023ff2200211d2008f092ff80
:1017b40004f074fe02f0e6ffa66104236351023bc9
:1017c40063510f216944013b0b7006200122ff3055
:1017d40007f0d2f809f012fe032819d8744c2678c1
:1017e400a568a01c1222002109f076fc0e232370a8
:1017f4006670734ba360e56001232374724bf62279
:101804001a60b5e209f0e8fd714908f0f7fa9fe7bc
:1018140009f0e2fd6f4908f0f1fadfe709f0eefda7
:1018240003284cd88224e40580235b0263615b08af
:10183400984663618027ff0167619b08636109f033
:1018440045fd09f017fc04f029fe02f09bff8a22f3
:10185400520080263605a65080235b05a35066619e
:1018640063619425db006351544b00221a70434694
:10187400a361a76109f02afd0023ff2200211d2096
:1018840008f028ff04f00afe02f07cffa66104239e
:101894006351023b6351464c2678a568a01c122272
:1018a400002109f019fc0e2323706670444ba360d9
:1018b400e56001232374444bf6221a6058e209f0d0
:1018c4008bfd454908f09afaace709f097fd032827
:1018d40062d88224e40580235b02984663615b0836
:1018e40063618027ff0167619b08636109f0eefc77
:1018f40004f0d4fd09f0befb02f044ff8a2252003a
:1019040080231b05a35080256d05a5506361656187
:1019140094235207e250294b00261e704346a361cc
:10192400a76109f0d3fc00233222c8211d2008f04e
:10193400d1fe04f0b3fd02f025ff8c235b00e550db
:10194400803b0422e250023ae2500f246c44267099
:101954000620013a2100ff3007f00ef8862001220c
:101964002100400007f008f809f048fd032819d8c1
:101974000f4c2678a568a01c1222002109f0acfbac
:101984000e23237066700e4ba360e560012323745d
:101994000d4bf5221a60ebe109f01efd0f4908f02a
:1019a4002dfa96e709f018fd0d4908f027fadfe74c
:1019b400844b00207c980000cc0100002f460020be
:1019c400ffff7f00e00100008c4d002000020000ba
:1019d400240200004402000084020000a802000067
:1019e400cc02000009f00afd032868d88224e4052b
:1019f40080235b029a4663615b0863615b089946d6
:101a040063615b089846636109f060fc09f032fb8e
:101a140004f044fd02f0b6fe8a22520080252d0512
:101a2400a55080235b05a3506561636180273f0651
:101a34009423e750da4b00261e705346a3614b46ad
:101a4400a3614346a36109f041fc00230022ff2166
:101a54001d2008f03ffe04f021fd02f093fe8c23cc
:101a64005b00e550803be7500422e250023ae2502a
:101a74000f246c4426700620013a2100ff3006f042
:101a84007bff862001222100400006f075ff09f04b
:101a9400b5fc032819d8c34c2678a568a01c1222cb
:101aa400002109f019fb0e2323706670be4ba3605e
:101ab400e56001232374bd4bfd221a6058e109f04f
:101ac4008bfcbb4908f09af990e709f085fcb94909
:101ad40008f094f9dfe709f091fc03283cd882244c
:101ae400e40580277f02676180231b0263618026ef
:101af400f60166618025ad01656109f0e7fb09f037
:101b0400b9fa04f0cbfc02f03dfe8a2149008022a0
:101b14001205625080235b05635062616361942304
:101b24001201e2509e4b00221a70a761a661a561c2
:101b34009c4c2678a568a01c1232002109f0ccfa2e
:101b44000e2323706670984ba360e5600123237411
:101b5400964bf1221a600be109f03efc964908f01d
:101b64004df9bce709f04afc03283cd88224e4057b
:101b740080277f02676180231b0263618026f60150
:101b840066618025ad01656109f0a0fb09f072fa78
:101b940004f084fc02f0f6fd8a214900802212053b
:101ba400625080235b056350626163619423120178
:101bb400e2507b4b00221a70a761a661a561794ca3
:101bc4002678a568a01c1232002109f085fa0e239c
:101bd40023706670744ba360e56001232374734b18
:101be400ff221a60c4e009f0f7fb744908f006f913
:101bf400bce709f003fc032835d88224e4058023dc
:101c04005b0263615b0863615b0863615b0863613a
:101c140009f05cfb09f02efa04f040fc02f0b2fd7e
:101c24008a21490080221205625080235b0563509b
:101c34006261636194231201e250594b01251d70c6
:101c4400584c2778a668a01c1222002109f044faf7
:101c54000e2323706770544ba360e6602574534bc6
:101c6400f0221a6084e009f0b7fb554908f0c6f881
:101c7400c3e709f0c3fb032822d88223db058022b3
:101c840052025a6152085a6152085a6152085a6102
:101c9400434b00221a70434c2678a568a01c1232cc
:101ca400002109f019fa0e2323706670454ba360d6
:101cb400e560ff3bff3b23743c4bf0221a6057e086
:101cc40009f08afb404908f099f8d6e709f096fb39
:101cd400032819d8334b5b68ff22d20313408022b8
:101ce4001203934250d01fd89208934246d011d881
:101cf4009208934228d0520093422ad12b4a136867
:101d040001218b43136024e009f066fb2f4908f09e
:101d140075f8dfe78022d20293421ad1234a13686e
:101d240002218b43136014e080229203934231d04a
:101d3400520093424cd0920893420ad11b4a136832
:101d440004218b43136004e0184a136801210b43f8
:101d54001360144c2578a01c1222002109f0bcf950
:101d64000e2323706570104ba360e360012323747a
:101d740004b0e0bcba46b146a846f0bd0b4a1368ad
:101d840002210b431360e4e7084a136804210b4360
:101d94001360dee7054a136808210b431360d8e794
:101da4002f460020844b0020ffff7f008c4d002035
:101db40020030000cc020000440300006c03000078
:101dc40094030000ff010000bc030000ec030000ca
:101dd400c94a136808218b431360bae709f00efb64
:101de400032822d8c54b5c6809f008fb032822d8d5
:101df400c34b1b78002b62d1fc23db0123408022e0
:101e04009201934200d188e01dd89208934233d0c6
:101e1400520093424bd1b84b1b689b0773d509f012
:101e2400edfa032869d801232fe009f0d5fab54962
:101e340007f0e4ffd6e709f0cffab14b1a78b249bc
:101e440006f074f9d4e78022d20193422fd1aa4b31
:101e54001b681b0700d499e009f0d0fa032876d850
:101e64008222d205a023d358002b76dba34b5b78c8
:101e7400062b72d0032308e09f4b1b68db0732d587
:101e840009f0bcfa032828d80023a0490b700023ca
:101e94004b7082200122400006f06efd09f0aefa7c
:101ea40003287dd809f0aafa032800d984e0934bcb
:101eb4005b689a0500d585e05b0500d5abe08f4ce7
:101ec400a01c1222002109f007f90e232370904b65
:101ed400a360e360012323744ae709f07dfa8d4986
:101ee40007f08cffd0e709f089fa0328dfd909f05d
:101ef40073fa894907f082ffd9e709f06dfa874937
:101f040007f07cff8fe709f079fa0328cfd909f0ad
:101f140063fa834907f072ffc9e7774b1b685b07d5
:101f24000bd509f06bfa032801d80223ade709f0b9
:101f340053fa7c4907f062fff7e709f05ffa0328d8
:101f4400b5d909f049fa784907f058ffafe709f025
:101f540043fa764907f052ff82e78222d20594239e
:101f640080210906d15064490b68082083430b6023
:101f740080239b01536109f041fa032800d879e7d3
:101f840009f02afa6a4907f039ff73e709f036facb
:101f940003288cd909f020fa664907f02fff86e759
:101fa40009f01afa644982235b0001930023009329
:101fb400002206f0bbf875e709f00efa5f4907f056
:101fc4001dff74e7514904230b7000234b708220da
:101fd4000122400006f0d0fc09f010fa03280ed8c4
:101fe40009f00cfa032810d809f008fa032800d8dd
:101ff40065e709f0f1f9524907f000ff5fe709f0de
:10200400ebf9504907f0fafeeae709f0e5f94e4921
:1020140007f0f4fee8e73d4904230b7000234b70fe
:1020240082200122400006f0a7fc09f0e7f903280a
:102034000ad809f0e3f9032800d840e709f0ccf9fd
:102044003f4907f0dbfe3ae709f0c6f93f4907f0dc
:10205400d5feeee709f0d2f9032828d8274c637c93
:10206400227ca1683a48006801256d42009504f07d
:1020740031fb606009f0c2f903281ed81f4b5a686f
:1020840099681140334b00241a680a421bd1013469
:102094000c330b2cf8d108f00ffe184b1c49d960f7
:1020a4002b4b186808f081fd08f012fe60e609f079
:1020b40093f9294907f0a2fed0e709f08df92749e1
:1020c40007f09cfedae709f099f9032808d80b49d0
:1020d400204b6200121992009b181b790b70dae7ef
:1020e40009f07af91b4b6200121992009b18996847
:1020f40007f084feebe7c0468c4d0020844b0020a3
:102104002f460020200400004c0400005c4d0020f9
:10211400ffff7f006404000088040000c80400007e
:10212400ec04000030050000540500009405000094
:10213400bc050000080600005406000078060000f4
:10214400f4060000ac060000d00600002c070000d6
:10215400244d0020d87b00005007000074070000c5
:020000040000fa
:10216400f0b59db012930b6814900b934b681191ca
:1021740004938b680d930b691593cb6808931368cc
:10218400546806930794069807990022002307f0e1
:10219400befa00280dd10b9b5b073ed408230b9a93
:1021a4001a400c920d9a09920b9a1a4213d01833c2
:1021b4000ae080200006844606990a0007996144d3
:1021c4000b00069207932d23089a13700d9b013b75
:1021d400099301230c93079b06995b00c74a5b088c
:1021e40000291cd193421ad1089a129b94460c9848
:1021f400413bc3496044192b00d9c24909f070f925
:10220400089808f0d1fd0b9b0200009308990d9be0
:10221400149805f0d8fe1db0f0bd2b23d4e79342eb
:1022240002d80cd100290ad0089a129b94460c9823
:10223400413bb5496044192be0d9b449dee700229b
:1022440006980799002307f0e7fe0026b04f002800
:1022540000d120e100230393129809f085f8c3b25a
:102264001093049b002b00daebe1109b0a93672b7d
:1022740012d1049b002b01d10133049365230a93eb
:10228400039b04331ddb039b049a934219da6623f0
:102294000a93039b002b14da049b013304930a9bd7
:1022a400662b0ed1039b002b03da00230026984fe4
:1022b4000393109b672b04d0039a049b94466344b6
:1022c4000493069a079b0e920f93002334003d005b
:1022d400139322000e980f992b0004f01df804f0bc
:1022e40057fa8022120694460e9b16901791189363
:1022f4000f9b63441993189a199b0092019322002f
:102304002b0009f013f880231b06cb1800222900a8
:102314000e900f9320007f4b03f0feff139b0400ed
:1023240001331393139a049b0d009342d1d10022dd
:10233400794b02f009f80e9a0f9b04000d0007f088
:10234400c7f9002800d0d5e00e9a0f9b2000290081
:1023540007f062fe002806d01698179907f09cfd36
:10236400c00700d4c6e00698079922002b0001f0ac
:1023740071fc002206900791664b3000390001f091
:10238400e3ff069a079b0e900f9107f07df8002853
:1023940000d1c7e0039b013303930a9b662b00d053
:1023a400c2e0049b039d0133049300263700049b81
:1023b4000c9ceb1a1693169b9d4200d0dee0002f76
:1023c40000d11de10026089b1f190a9b3e70652b56
:1023d4002dd1159b5d1e089b5e55039bb34202da0b
:1023e4005b4203930136039b002b00d011e1159b44
:1023f400eb1a0333002b00dd0be12b236a1e002ea6
:1024040000d002330899023d8b54129b413b192b97
:1024140001d845230a93089b59190a9b0b70ac42b7
:1024240002da380009f05cf8099b023b09930323a4
:102434000b9a1340022b00d0e2e6099b002b00dc30
:10244400dee6089808f0b0fc0c9b834200dcf1e067
:102454001800089b30219c46099a604408f03cfe11
:1024640000230d93cce626002f00039b0133039336
:102474000022284b3000390001f066ff04000d00f3
:1024840002000b000698079907f041f90028ead0ea
:102494000024012523e00390eae7204b039a9a42a3
:1024a40012da002c10d10698079900221c4b01f077
:1024b4004bff002206900791194b3000390001f0c0
:1024c40043ff2c0006000f0030003900114b00229e
:1024d40003f022ff06000f00039b013b039332002d
:1024e400069807993b0007f012f90028d5d1b3e606
:1024f4000623c2e60024002535e7c0460000f07f2d
:1025040078a900007ca9000080a9000084a900002b
:102514000000f03f0000244000001440d4feffff00
:10252400000050430e960f970a9d653d6b1e9d411a
:10253400039b6d421d4038e7002f0ad1002d08dab5
:102544002e23089a139901345354099b0137013bf4
:102554000993321923009446302102e0089ad15499
:1025640001336345fad1099a3419961b089a30301d
:10257400d054731e01340026099320e0119b139458
:102584001b69053ba34200d819e70e9a0f9b0698d6
:10259400079903f0c1fe04f0fbf80490059107f0dd
:1025a4007bfc092800dd092010230b9a1340034308
:1025b400c2d1109b672bbfd1002dbdda013680221a
:1025c4000e980f9912069446069b013d1a93079b99
:1025d40063441b931a9a1b9b00920193049a059bd4
:1025e40008f0a4fe80231b06cb18069007930e98d0
:1025f4000f990022174b03f08ffe0e900f91dae62d
:102604000b9bdb0600d4dde62e23089a1355013418
:10261400d8e603980a2104f0d1fc089b3031013d2f
:10262400595503980a2104f07ffc099b0390013b50
:102634000993d8e6089b09991a5c5b181a54013867
:1026440002e7109b672b00d152e70a9306230493f9
:0826540022e6c046000024400c
:020000040000fa
:10265c0070b582b0be4b5a78142a00d9bce19300f5
:10266c00bc4ad3589f4608f0c5fe2725032804d83a
:10267c00b74b1c78203d01260de008f0a9feb649a9
:10268c0007f0b8fbf4e708f0b5fe102503280ed8c8
:10269c00af4b1c78002608f0adfe032800d9e0e013
:1026ac00092c00d998e1a400ac4b1a59974608f0b4
:1026bc008ffeab4907f09efbeae708f09bfe28254e
:1026cc000328d5d908f084fea64907f093fbcfe781
:1026dc0008f090fe0f250328dad908f079fea249fc
:1026ec0007f088fbd4e708f085fe29250328bfd91d
:1026fc0008f06efe9d4907f07dfbb9e708f07afe05
:10270c000e250328c4d908f063fe994907f072fb23
:10271c00bee708f06ffe04250328b9d908f058fe6f
:10272c00944907f067fbb3e708f064fe0d25032816
:10273c00aed908f04dfe904907f05cfba8e708f015
:10274c0059fe5b25032804d8814b1c78403d02269a
:10275c00a1e708f03dfe894907f04cfbf4e708f0cf
:10276c0049fe5c250328efd908f032fe844907f0b6
:10277c0041fbe9e708f03efe1b25032888d908f049
:10278c0027fe804907f036fb82e708f033fe1c2554
:10279c00032800d87ce708f01bfe7b4907f02afbd6
:1027ac0076e708f027fe3f25032800d860e708f0fd
:1027bc000ffe764907f01efb5ae708f01bfe0625b4
:1027cc00032800d864e708f003fe714907f012fbf8
:1027dc005ee708f00ffe1325032800d858e708f031
:1027ec00f7fd6c4907f006fb52e708f003fe1225d3
:1027fc00032800d84ce708f0ebfd674907f0fafa1c
:10280c0046e708f0f7fd1125032800d840e708f04b
:10281c00dffd624907f0eefa3ae708f0ebfd2125ff
:10282c00032800d824e708f0d3fd5d4907f0e2fa4d
:10283c001ee708f0dffd2225032800d818e708f072
:10284c00c7fd584907f0d6fa12e708f0d3fd522518
:10285c00032800d878e708f0bbfd534907f0cafa03
:10286c0072e708f0b5fd51492b00320005f05afc17
:10287c0016e708f0bffd032800d8ade008f0a8fd6e
:10288c004b4907f0b7faa7e008f0b4fd032810d8bd
:10289c002f4b5b78052b23d011d8012b19d0032b90
:1028ac0000d099e08021434b1868890205f08afe1c
:1028bc0092e008f08dfd404907f09cfae8e7072b01
:1028cc0000d089e080213b4b1868890305f07afe23
:1028dc0082e08021374b1868090205f073fe7be01b
:1028ec008021344b1868090305f06cfe74e008f085
:1028fc0081fd03280fd8164b5b78052b21d010d8ff
:10290c00012b17d0032b67d180212a4b1868c902e1
:10291c0005f058fe60e008f05bfd284907f06afa04
:10292c00e9e7072b58d18021224b1868c90305f021
:10293c0049fe51e080211f4b1868490205f042fe08
:10294c004ae080211b4b1868490305f03bfe43e02d
:10295c00884a0020587e0000280c0000ac7e000045
:10296c00540c00007c0c0000ac0c0000d80c0000d7
:10297c00040d0000300d00005c0d00008c0d0000fb
:10298c00c00d0000f80d0000300e0000640e0000b9
:10299c009c0e0000d00e0000000f0000340f000051
:1029ac00640f00009c0f0000cc0f0000fc0f000017
:1029bc001c100000244d0020481000007010000076
:1029cc0008f018fd032809d80123ab40f601822238
:1029dc00d20594466644b36102b070bd08f0f8fcb1
:1029ec003d4907f007faefe708f004fd032808d883
:1029fc000123ab40f6018222d205944666447361f2
:102a0c00eae708f0e5fc354907f0f4f9f0e708f0df
:102a1c00f1fc032828d8f6018223db059c4666448a
:102a2c00336aeb40db0725d501ab06221a70002276
:102a3c005a702b4a188810802a49002200244c8096
:102a4c008a80ca800a814a8102230b70013b4b7039
:102a5c000433ff33cb60c8700122234b186800236a
:102a6c00524202f029fcb7e708f0b2fc1f4907f00c
:102a7c00c1f9d0e707236a461370002353706b46e5
:102a8c00d7e708f0b7fc0328a6d908f0a1fc184931
:102a9c0007f0b0f9a0e708f0adfc03289cd908f0ca
:102aac0097fc144907f0a6f996e708f0a3fc032855
:102abc0000d891e708f08cfc0f4907f09bf98be7e5
:102acc0008f098fc032800d886e708f081fc0b4935
:102adc0007f090f980e7c04698100000c010000085
:102aec00504d0020184c00201c4d0020e810000018
:102afc00141100003c11000060110000881100004e
:020000040000fa
:102b0c00f0b5c64600b586b0c64b1c7b042c06d867
:102b1c00a300c54ad3589f46c24b01221a7306b074
:102b2c0080bcb846f0bdbf4b02221a73f7e708f021
:102b3c0061fc032815d80122bc4cbd4b18685242cd
:102b4c00210002f0b7fc23785a1e012a0fd9052b5d
:102b5c00e5d108f04ffc032819d8b24b04221a73a4
:102b6c00dde708f035fcb34907f044f9e3e708f07a
:102b7c0041fc032803d8ab4b03221a73cfe708f0b0
:102b8c0027fca84b1a7cac4905f0ccfaf3e708f00b
:102b9c001ffcaa4905f0c6fadfe7a24bda699a6076
:102bac005a7c5a709a7c1a7008f024fc032815d8a9
:102bbc009c4b9b680422ff3293422cd00b329342e5
:102bcc0036d00c3a934205d108f014fc03281cd8db
:102bdc00fff73efd934b02221a73a0e708f0f8fbb7
:102bec00904eb468630cff252b40e200120f944901
:102bfc003778039776780296e605f60d0196640a07
:102c0c002540009505f08efad2e708f0e1fb8d49de
:102c1c0007f0f0f8dce708f0edfb032802d806f02b
:102c2c00f3fcd7e708f0d4fb874907f0e3f8f6e7a5
:102c3c007c4b5b78042bcdd1172169440b70102091
:102c4c000122ff3005f094fe08f0d4fb0328c1d913
:102c5c0008f0befb7d4907f0cdf8bbe77149cb69a5
:102c6c008b608b1c0831da7b1a7001338b42fad1e2
:102c7c006c4bdb79002b16d108f0bcfb03281fd85a
:102c8c0008f0b8fb03282ed8664b9b6881225200b3
:102c9c0093422fd087225200934200d16fe1614bb7
:102cac0002221a733be75f4b0022da7108f0a2fb99
:102cbc000328e1d908f08cfb654907f09bf8dbe7aa
:102ccc0008f086fb574b9d686b0cff263340ea00df
:102cdc00120f6049ef05ff0d01976d0a2e4000960b
:102cec0005f020facce708f073fb5b4a5b4905f072
:102cfc0019fac9e75a4e0025574f5a4b98462ce102
:102d0c0008f078fb03280cd8554b6a005219920036
:102d1c009b189a68272a00d904e19300524ad35889
:102d2c009f4608f055fb514907f064f8ece707247f
:102d3c003c4b5c7008f05efb032800d805e10124d5
:102d4c00f8e0384b07225a70063a1a7008f052fb1a
:102d5c00032800d9ede0fff77bfca0e7314b032201
:102d6c005a70023a1a70f1e72e4b01225a701a70ff
:102d7c00ece72c4b05225a70043a1a70e6e7294b03
:102d8c0006225a70e2e7274b07225a70033a1a7050
:102d9c00dce7244b07225a70043a1a70d6e7214b11
:102dac000e225a70093a1a70d0e71e4b07225a703d
:102dbc00053a1a70cae71b4b03225a70013a1a7073
:102dcc00c4e7184b01225a7001321a70bee7154b3a
:102ddc0005225a70033a1a70b8e70224a8e70324b4
:102dec00a6e70124a4e70024a2e70e4b04225a70a4
:102dfc001a70abe70b4b04225a70013a1a70a5e714
:102e0c00084b02225a7002321a709fe7054b0222bd
:102e1c005a7001321a7099e7024b12225a700e3a0c
:102e2c001a7093e7884a0020bc690000984a002079
:102e3c00184d0020b4110000fc11000020120000fd
:102e4c0040120000a4120000d0120000fc1200007e
:102e5c0048130000a01300008a4a0020e41300006d
:102e6c00783a000044140000d0690000f813000008
:102e7c004c4b12225a700f3a1a7067e7494b0622d4
:102e8c005a70023a1a7061e7464b06225a70033a9e
:102e9c001a705be7434b13225a700f3a1a7055e7be
:102eac00404b13225a70103a1a704fe73d4b0d22cb
:102ebc005a70093a1a7049e73a4b0d225a700a3a7d
:102ecc001a7043e7374b0b225a70073a1a703de7da
:102edc00344b0b225a70083a1a7037e7314b0922df
:102eec005a70053a1a7031e72e4b09225a70063a7d
:102efc001a702be72b4b0a225a70063a1a7025e7e8
:102f0c00284b0a225a70073a1a701fe7254b1422d5
:102f1c005a70103a1a7019e7224b14225a70113a4f
:102f2c001a7013e708f066fa0024032800d812e799
:102f3c0000e0002408f04cfa1a4a137852781a4927
:102f4c0005f0f0f8002c00d105e706f05dfba6e6d5
:102f5c0001350c36282d00d1a1e6062231003800af
:102f6c0007f02efd002800d1cae608f043fa03282a
:102f7c00eed908f02dfa414606f03cffe8e7094b84
:102f8c005b78042b00d08ae6172169440b70102063
:102f9c000e3aff3aff3005f0ebfc80e60524c7e65d
:0c2fac000824c5e6884a00200c14000030
:020000040000fa
:102fb800f0b599b012930b68cf680a934b681690d6
:102fc8000e938b680b930b691193136854680693df
:102fd8000794069807990022002306f096fb00281c
:102fe8000ed10a9b5b072ed408230a9a0a991a4025
:102ff80005920b9a194213d018333b7013000ce05a
:1030080080200006844606990a00079961440b004f
:10301800069207932d233b700b9b5a1e01230593a1
:10302800079b06995b005b0800290ed1af488342d5
:103038000bd1129b059a413bad4cae49b818192be0
:1030480011d921000fe02b23e5e7a848834202d8d5
:1030580018d1002916d0129b059a413ba64ca749c6
:10306800b818192bedd808f039fa200007f09afea5
:103078000a9b0200009339000b9b169804f0a1ffed
:1030880019b0f0bd059b0598591c30233b54129b81
:10309800413b0f930f987823192800d8203b0598b7
:1030a8007b540230931e05900993002206980799d5
:1030b800002306f0afff002800d16de10023904cfb
:1030c800089302930394182310930e9b002b00dba4
:1030d80010930026029c039d109b01331793069ab8
:1030e800079b0c920d930c980d9922002b0003f06e
:1030f80011f903f04bfb22002b001490159101f0fd
:1031080021f902000b000c980d9908f015f97d4b78
:103118000c900d9100222000290001f013f90e9b5c
:1031280004000d000136002b07da0c980d990022d7
:10313800002306f06fff002804d1179b9e42d2d1ce
:10314800109e01360022200029006f4b01f0faf88a
:1031580004000d0002000b000c980d9906f0d5fa3a
:10316800002800d01ee10c980d9922002b0006f0d3
:1031780051ff002806d01498159906f08bfec00759
:1031880000d40fe10698079922002b0000f060fd9b
:1031980006900791079b069a5b005b08002a03d1fb
:1031a800524a934200d144e7119b059a053b149378
:1031b800934200d83de1002573421400160017938e
:1031c80010950c95029a039b0698079903f0a2f8ac
:1031d80003f0dcfa1290139106f05cfe031e00d097
:1031e800e3e00c9a002a00d1dfe00135029a039b44
:1031f8001298139901f0a6f802000b000698079997
:1032080008f09af8002206900791029803993d4b1e
:1032180001f098f80c9b179a013b029003910c93cc
:10322800934203d0149b26009c42cbd3109b002bc7
:103238001ad1002d00dcfde00e9b002b00dcf9e02c
:103248000a9bdb0700d5f5e02e2230213b191a70c6
:103258002a19ba18597001339342fbd16419ed4306
:10326800099b0134eb18099300263b191e70029341
:10327800119b5d1e089b7e55b34202da5b420893a0
:103288000136089b002b00d0bce0119beb1a0133e0
:1032980000d1b7e02b236a1e002e00d00233bb54a6
:1032a8000f9a7023023d192a00d8203b79190b7018
:1032b800ac4202da029808f011f903230a9a134083
:1032c800022b11d1099b9c1e002c0ddd380007f044
:1032d80069fd059b984200dba4e0f8182200302124
:1032e80007f0f8fe00230b933800bfe60000f07fdc
:1032f8007ca9000078a9000084a9000080a900002a
:103308000000f03f0000b03f00002040089b0294fe
:10331800039501330893029a039b1000190000f0eb
:1033280097fc04000d0002000b000698079906f0b0
:10333800ecf90028ead0029a039b0698079906f050
:10334800e4f9002800d1bee60298039900223d4b1b
:1033580000f0f8ff0022002306f05cfe00280fd0e2
:10336800029803990022384b00f0ecff00220290eb
:10337800039106980799344b00f0e4ff06900791f3
:10338800029803992f4b002200f0dcff089b029063
:103398000391013b0893cee700232c4c089002933d
:1033a8000394b8e700240025ece6109a002a0ad115
:1033b8000c9a002a07d02e22ba55099a0134013aec
:1033c80009920122109230222e1901e03a55013457
:1033d800b442fbd11800099a5730551b092b01dc60
:1033e800303318000f9b192b06d820230343613b69
:1033f800192b01d807f0bdff6b1e741c0025b855aa
:103408000993f3e608980a2103f0d6fd013d30310f
:10341800089879550a2103f085fd099b0890013b1e
:1034280009932ee7099b3a5c023bfb181a540138b2
:103438004fe7059c0a9bdb0600d415e72e233b5576
:10344800013411e70000e03f000050430000f03f66
:020000040000fa
:103458000023f0b51600b1b0039007910493079dbf
:103468002b78002b00d1cfe001235b420c9310abeb
:1034780000240e9380230b940d940f932b5d002b47
:1034880001d0252b30d1002c06d02900220003982a
:103498002d1906f00bff0795079b1a78252a00d0ef
:1034a800a7e001331800002105930793243a037815
:1034b8002b2b25d02dd8202b25d0232b26d0002907
:1034c80000d007902a2b2cd005f0baff01250d90cb
:1034d8000020079a11000b780132303b092b64d980
:1034e80000282dd007912be00134c7e701230b9961
:1034f8000b430b9311000130d9e702230b99f7e72f
:1035080004230b99f4e708230b99f1e710230b998f
:10351800eee72d2bead0302befd00029d4d007903e
:10352800d2e7336801301a1d1b68079032600d938b
:10353800002b05da01220b995b424a400b920d934e
:103548000b9bda0702d5022293430b93079b1a7849
:103558002e2a0dd100270c975a785d1c07952a2a28
:1035680025d10233079333681a1d1b6832600c9308
:1035780007a806f075fc079d0700287807f0f2fefb
:10358800252800d1d5e06138172800d9dbe007f0fd
:10359800b5fd1fdab63ea6a6a6da3edadadada9c76
:1035a8005e7fdadac6da4edada6e280092e72800a9
:1035b80005f046ff01210c902a0013780135303bb5
:1035c800092b03d9002fd3d00792d1e70f00f3e7d7
:1035d8003200390008a806f0bffb002800d17be0c4
:1035e8006b1c079303982b7808aa0ba9fff7e0fc3c
:1035f8002418049b1c19a34200dcb0e04f22594b4d
:103608001a6001235b420493049831b0f0bd330083
:103618000122390008a802f051fb00285cd00135ce
:10362800039808aa0ba9079503f01efae0e73300f0
:103638000022390008a802f041fb00284cd00135cf
:10364800039808aa0ba9079505f0ecf9d0e7330011
:103658000022390008a802f031fb00283cd00135cf
:10366800039808aa0ba9079504f00afec0e73300df
:103678000022390008a802f021fb00282cd06b1c7e
:1036880007932b78039808aa0ba901f064faafe70f
:1036980033000022f02108a802f010fb00281bd0fc
:1036a800089b099a0135079513430cd12e4d280024
:1036b80007f078fb290002000b9b00930d9b0398f1
:1036c80004f07ffc94e77823dce7049b39001a199f
:1036d80008a8330004f0b1fc0135079589e73200ea
:1036e800390008a806f038fb0028f5d06b1c0793b2
:1036f80003982b7808aa0ba9fef730fd78e7802fee
:10370800ead1336801351a1d1b68326008aa1370a4
:103718000123079503980ba905f0e6fb68e7802fbe
:10372800dad132680135131d33601268002307951a
:10373800f0e7802fd0d10b9b0135009301220b4974
:103748000d9b0795bbe7059b012207930023524277
:103758000c9206490b930d9300930232afe7049441
:103768007de6c046484d002070a9000076a90000fb
:020000040000fa
:10377800844d00200400000001000000000000004b
:10378800a84a00203800000000000000704c00200b
:103798000800000000000000984b00201000000006
:1037a80000000000784c002010000000000000001d
:1037b80030470020c001000000000000484a0020f7
:1037c8004000000000000000a04c002004000000a1
:1037d800000000002e46002001000000000000004c
:1037e800304200200002000000000000584c002079
:1037f8001800000000000000a44c00200800000091
:1038080000000000884c00200800000000000000b4
:10381800ac4c00201400000000000000884d00207f
:103828000400000001000000aaaaaaaac04c0020b7
:103838000800000000000000000000200040000018
:1038480000000000c84c00202c0000000000000010
:10385800f84a00201400000000000000f44c00208a
:1038680004000000000000000c4b002028000000ad
:1038780000000000f84c00200800000000000000d4
:10388800344b00202800000000000000f048002011
:103898006400000000000000004d00201800000037
:1038a800000000005c4b0020280000000000000021
:1038b800a84b002010000000000000002f46002048
:1038c80001000000000000005c4d00200200000024
:1038d800000000008c4d00200400000001000000e2
:1038e800ff000000844b00201400000000000000ce
:1038f800004a00204800000000000000904c002012
:103908001000000000000000304600200001000008
:1039180000000000b84b002010000000000000006c
:10392800184d00201400000000000000584d002031
:103938000100000000000000c84b0020100000003b
:10394800000000002c4d00200c00000000000000ca
:10395800d84b00204000000000000000524d00201d
:10396800010000000100000005000000ae49002031
:103978000200000000000000384d00200800000090
:1039880000000000544d002001000000000000006d
:10399800604d0020240000000100000060140000b9
:1039a80088140000b0140000d814000000150000ae
:1039b800281500005415000080150000b4150000fb
:1039c800504d00200200000000000000184c0020ac
:1039d8001000000000000000e04a00201500000070
:1039e80000000000884a00202000000000000000bd
:1039f8004c4d002001000000000000003044002071
:103a0800fe0100000000000000400020300200001d
:103a180000000000544900205a0000000000000087
:103a2800284c00203000000000000000404d00201d
:103a38000400000000000000b04900205000000011
:103a480000000000444d00200800000000000000b5
:103a5800904d00200400000001000000000000005c
:103a6800000000000000000066666666666666661e
:020000040000fa
:103a78004154424f460000000000000041545041ac
:103a88005500000001000000415452554e0000004e
:103a9800020000004154535450000000030000008d
:103aa800424f46445200000004000000424f464581
:103ab8005200000005000000425a524f4600000024
:103ac80006000000425a524f4e0000000700000056
:103ad8004448424c5300000008000000444f4f5235
:103ae80043000000090000004454424f4600000013
:103af8000a00000044545041550000000b0000002b
:103b0800445452554e0000000c00000044545354d5
:103b1800500000000d0000004857424442000000d9
:103b28000e00000049454641490000000f00000012
:103b380049455041530000001000000049455041dc
:103b48005500000011000000494552554e00000084
:103b580012000000494553454c00000013000000c6
:103b68005041554f46000000140000005041554f89
:103b78004e0000001500000052554e4f4600000050
:103b88001600000052554e4f4e000000170000006e
:103b9800534f4c4f4600000018000000534f4c4f45
:103ba8004e0000001900000053544d503000000032
:103bb8001c00000053544d50310000001d0000004f
:103bc8005354504f460000001a0000005354504f01
:103bd8004e0000001b00000054425a523000000002
:103be8001e00000054425a52310000001f0000001d
:103bf8005447524e30000000200000005447524ef7
:103c080031000000210000005452454430000000fb
:103c180022000000545245443100000023000000f7
:103c28005459454c30000000240000005459454cbc
:103c3800310000002500000057494e4430000000c4
:103c48002600000057494e443100000027000000bc
:020000040000fa
:103c5800f0b40125ed070f005f405ad48b4200d124
:103c6800824205d950404240504059404b4059404b
:103c78004e18760ddf187f0d3bd0741c640529d0d3
:103c8800f41b352c26d80e0ddb022b43db0ac902a8
:103c98002943c9121700202c1ed2e741e2405740a1
:103ca800e3415a40a340e3405a4000248018594158
:103cb8000ad3b21c520521d0c207012f6241170056
:103cc8004008cb0718434908013636054208af417a
:103cd80060417141f0bc7047203c06d01f00e741ad
:103ce800e3405f400024012a6741c0186141ebd3db
:103cf800dfe7002eeed129400020ebe70136310541
:103d08000020e7e7e742e5d10020c143090dc904d7
:103d1800e0e76b400e00871a9e4104d26e40c01b3c
:103d2800b141d21973414e18df18ac0ae642e9d204
:103d3800760d7f0d31d0f41b362ccbd8b4460e0d42
:103d4800db022b43db0ac9022943c90a012c32d8fa
:103d580004d1d4075208df073a435b08ef0a6442ec
:103d6800904199411ed0002239424dd12419404139
:103d780049410124394204d10134001849413942ea
:103d8800fad06246a24204d9361b013e360589198b
:103d9800a0e7f10ac90700209ce736429ad1002023
:103da800002197e70200224394d0b842ded20100f6
:103db80020002024e3d1202c13dd203ce241170011
:103dc800a240e2405740e3415a40a340e3405a40f2
:103dd800012fbf410137174300227c42984191418e
:103de8000ce01700e741e2405740e3415a40a34046
:103df800e3405a407c429041994100220f0303d28c
:103e0800013e241940414941013e36054708ac416d
:083e180050417141f0bc7047fc
:020000040000fa
:103e2000f0b583b000900f0001939400200003f0e0
:103e300047fb061e59d0542003f042fb051e51d00b
:103e40005422002107f04af92e632200a5213000f8
:103e500007f044f9043c2e6b361907229643002fd5
:103e60000cd000242a0034323b5d1355002b02d0c5
:103e70000134102cf8d143230022ea54089f042f68
:103e800000d90427ef626f642c1d200007f0a3fb0c
:103e90002800183007f09ffb2d610523db1bab6169
:103ea0006d62019a0099300003f038f92860099b8f
:103eb000002b00d01d6006f001ff394a1368013362
:103ec0001360384b1b68002b13d0374b1b68002b3b
:103ed00015d1344b1b68da6aeb6a9a420fd8314b22
:103ee0001d600ce0300004f006fa0120404203b0ef
:103ef000f0bd2c4b1d602a4b1b68012b31d02b4a87
:103f0000136801331360ea6a294b1b689a4201d98e
:103f1000274b1a60274993009b189b00cb185b68be
:103f2000ab609a68ea6054609c60e86a83001a1883
:103f3000920052186a611a18920053580133535074
:103f400006f0c8fe184b1b680120002bcfd0154b84
:103f50001b68da6aeb6a9a42c9d206f0a3fe012016
:103f6000c5e7144e37006437300006f071ff143691
:103f7000be42f9d1104f380006f06aff0f4e3000f4
:103f800006f066ff0e4806f063ff0e4806f060ff7d
:103f90000d4806f05dff0d4b1f600d4b1e60aee738
:103fa000f04c0020004d0020e44c0020d44c0020b8
:103fb000e84c0020f0480020484b0020344b002003
:103fc000204b00200c4b0020f84a0020fc4c002025
:043fd000f84c002089
:020000040000fa
:103fd400f0b5de4657464e464546e0b58346904624
:103fe400002937d0002835d0604a526807242000c1
:103ff40010408446144243d14246002a00d196e040
:104004005a4a127e520705d5584a0425946a147eea
:104014002c42fbd1554a548b04252c435483147ee3
:104024007c352c431476002291468b4201d95a1ace
:1040340091466246002a04d05b0849084a46520861
:1040440091464a4d01242a7e2242fcd000220027b8
:10405400464c2de00022002b5ed04246002a62d05e
:10406400424a52680724200010408446144200d17a
:1040740070e0002900d073e0da0705d500224be098
:10408400ca0752d4002bf7d15a46541ea2415242b9
:104094001140b1e77d0058462d5aed05ed0da5629e
:1040a40001370426002b10d10126257e3542fcd091
:1040b4008f421ed06546002decd15846c55da562e1
:1040c4000137eee72a4da5621be0257e3542fcd080
:1040d400a56a9a42ecd26646002e03d14646b554f0
:1040e4000132e5e75600ed05ed0d4046355201324b
:1040f400dee74d46002d09d06546002de2d1ff359f
:10410400a56201256d42aa46d144cae71749022295
:104114000b7e1342fcd001221000f0bcbb46b24619
:10412400a946a046f0bd0022f6e70022f4e70f4bb3
:104134001a7e0023520700d566e70c4b5a8b0424e1
:1041440022435a831a7e7c3422431a7600230022a7
:1041540091466ee75a46002a00d04de761464fe784
:10416400ca0700d488e70022d6e7c0460010004200
:04417400ff01000047
:020000040000fa
:10417800f0b5de4657464e464546e0b583b0584b47
:104188001b68002b00d09de0564b1c68621c0092f7
:104198001a60002a11d0544b1b6800229346009adb
:1041a80093421dd8514b1b681b68002b12d04f4df2
:1041b8004f4fbc464f4901955ce04c4a11684e4b45
:1041c8001868106019604d4a13680133136005f0d0
:1041d800ebffe0e700239b46434b012252421a6063
:1041e800474b1b68434ad96a8b005b189b009b5856
:1041f800012b01d901239b46424b1b68002b67d03a
:1042080001239b4664e0384b1a60e9e7dc68546098
:1042180041e000229a622268013a2260dc6a3a6828
:10422800944201d962461460a200121992008a18b9
:1042380052689a609468dc6060609060d86a820016
:104248001418a400a046884444465c611418a400cd
:104258006258013262502a4a12689046da6a434626
:10426800db6a9a4201d901239b46019b1b681b68a4
:10427800002bb1d02b68db68db685a680098904245
:10428800c1d35a699c68d868a0609c684460181dae
:1042980054688442bad000245c611468013c1460fc
:1042a8009c6a002cbad0da6992461a6a5646b260fd
:1042b800de6956601a00183266689642a9d11a6af1
:1042c8006260a6e7104a13680133136000239b4617
:1042d800584603b0f0bcbb46b246a946a046f0bd5e
:1042e800c84c0020ec4c0020d04c0020fc4c002096
:1042f800e84c0020f0480020f84c0020d84c002062
:0c430800004d0020dc4c0020e04c0020a8
:020000040000fa
:1043140008d1002806d1f54204d801d3002a01d1de
:104324006d0d09d10020c143090dc904f0bdf9d1b7
:104334001242f7d1640df5d00020c1434905490864
:10434400a6e000206146f0bdf0b50127ff070e008e
:104354005e403e40b446be0a4c18dd18f442d7d243
:10436400f542e4d2640decd06d0dead06419c902b3
:104374003943460dc0023143db023b43db0a10b430
:104384008e4685b297b26f43140c6c433e0ca4194d
:10439400260c2404bfb227439cb26c43a419190c05
:1043a4006943250ca4b249190d04090c6419000cc5
:1043b40095b245433e0c76193743bfb2360c150c03
:1043c4004543ad19a6b2240cad192e0437432e0c67
:1043d40036199db24543ad19acb22e0c89191d0c8a
:1043e40045436d182e04290c3443704680b295b2af
:1043f40045433e0c76193743bfb2360c150c454382
:10440400ad19a6b2ad19240c2e0437432e0c36195f
:104414009db24543ad19acb22e0c89191d0c454310
:104424006d182e043443290c75462d0c90b2684344
:104434003e0c80190604bfb23e43070ca0b23f18dd
:10444400120c6a43d019020c80b2240ca4189ab23c
:104454006a43121914042043120c89181b0c6b4371
:10446400c91810bc01273d05294203d1b6194041a2
:104474004941013cff077d0d013d641b0bdb6d00d1
:10448400ac4209da240500254208be416841614175
:0a44940066463143f0bd54e74ee7e1
:020000040000fa
:02449e00704765
:020000040000fa
:1044a000f0b5ce46474680b587b004f054f9564b78
:1044b0009946564b984600254b461b681e68002eb1
:1044c00000d182e0db681e6806f002ff02a804f05b
:1044d0009ff90400029a002a0cd1864200d982e09a
:1044e00000f052f92100300005f06ef985e006f089
:1044f000d9fb82e000f048f97fe005990498039b1e
:104500009847029b002b09da30682a0002a900f0c4
:10451000d7ff0028d0d0029b002beedb049c002ca0
:10452000f2d06369002b02d0201d06f07bf801a8b1
:1045300004f06ef90700029b092be5d89900344b73
:104540005b589f462422a35c01210b43a354039b89
:10455000a16959180200200004f0f6fd0028d3d00c
:104560002423e35c5a0707d4012293432332a35444
:10457000236a20009847c7e70399a369c9183a003e
:10458000200005f025fff3e72422a35c01218b43e3
:10459000a354b9e72422a35c01210b43a35403993c
:1045a000a161411803000200200004f0cdfdabe73b
:1045b0002423e35c9a0704d5012293432332a354b6
:1045c000a2e7200003f097fe9ee706f081fe02a816
:1045d00004f01ef90400029b002b8bd143461b689c
:1045e0001a6853425a41311b0a4b186804f0f0fa1a
:1045f00000f0caf8002800d179e7029503950495e8
:104600000595044e80e7c046144d0020104d002053
:08461000f8a300000c4d00208e
:020000040000fa
:10461800f0b5d6464f464646c0b584b081460e0032
:104628009246012b23d0022b0dd0002b15d0083633
:10463800002398464b46002b65d104b0e0bcba462f
:10464800b146a846f0bd06f0d7fe0328efd906f01c
:10465800c1fe424905f0d0fbe9e706f0cdfe03288c
:10466800e5d906f0b7fe3e4905f0c6fbdfe706f0e0
:10467800c3fe0328dbd906f0adfe3a4905f0bcfbc2
:10468800d5e706f0a7fe384905f0b6fb41e02b68f0
:10469800db005b0d43e006f09dfe344ffc68630cc5
:1046a800ff252b40e200120f31493f780297e705ba
:1046b800ff0d0197640a2540009503f035fd3ae0a7
:1046c80006f088fe2b4905f097fb38e001340135e8
:1046d8003b78a3420cdd335d6b7006f08dfe03283a
:1046e800f4d906f077fe6a78234903f01dfdede75b
:1046f80006f082fe03282ad843460133dbb29846e7
:104708005644994599d03500083d06f075fe0328b2
:10471800b7d8eb785b06bad52b68db00db08134cff
:10472800e360a8790007000f06f014fa207006f07d
:1047380063fe0328afd806f05ffe0328c0d80b4bf2
:104748001b78002bd4d0094d00242f00c3e706f0b6
:1047580041fe0a4905f050fbcee7c046a40a000016
:10476800b40a0000c00a0000cc0a0000c84b0020b0
:10477800e40a00001c0b00002c0b0000340b0000a6
:020000040000fa
:10478800f8b5de4657464e464546e0b506f092fa7d
:10479800494b1a68013a1a601b680024002b7bd128
:1047a800464b1b68002b77d0454b1b68002b5cd011
:1047b800434e00239b46434dac46434b9a46340038
:1047c80008e0196a516012e0d96851601ee0236858
:1047d800002b48d0f368db689a6ad869196a816047
:1047e800d86948601900183150688842e9d059469c
:1047f80099621168013911605a699868d9688160ad
:10480800986848601f1d5168b942ddd05946596102
:10481800116801391160d86a2a68904201d9624644
:1048280010602a498200121892008a1852689a6009
:104838009068d86047609760df6aba00d019800036
:104848008046884440465861d01980004258013259
:1048580042501f4a1168da6acb6a9a42b7d90123d3
:1048680052461360b3e705f09ffc1a4b1c68002cf6
:104878000ed0154e012502e0013c002c05d0fff7b3
:1048880077fc0028f8d03560f6e7124b00221a6052
:104898000d4b1c68002c08d106f018fa2000f0bc5b
:1048a800bb46b246a946a046f8bd094b1b6806f0b0
:1048b800f5f90124f0e7c046c84c0020f04c002070
:1048c800204b0020e84c0020dc4c0020f048002061
:0848d800004d0020e04c00201f
:020000040000fa
:1048e000f8b506000c0015001f0006f043fe069bfd
:1048f000002b06d0230012339b00f3185b68069a46
:104900001360311950310b78dbb202220a70032f89
:104910001fd009d8012f10d0022f13d1a4003419b1
:10492000e26c0132e2640de0042f0bd1022b68d05f
:104930001234a4003419656004e0a4003419e26c58
:104940002a43e2640124012b08d006f041fe200036
:10495000f8bd1234a40034196560f3e72a4b1b68d4
:10496000002b40d17369b168f2688a60b168516008
:10497000341d5a68a24233d0002272611a68013a8b
:104980001a60f26a214b1b689a4201d91f4b1a60c8
:104990001f4993009b189b00cb185b68b3609a6813
:1049a000f26054609c60f46aa3001a1992005218d5
:1049b00072611a199200535801335350154b1b68fa
:1049c000f26adb6a01249a42bfd9079b002b02d00e
:1049d0000123079a1360104b01221a600124b4e7e7
:1049e000f2685a60c8e70d4b5a68f2619468346205
:1049f0003100183161609160b3621a6801321a6047
:104a0000dce70024a1e7c046c84c0020e84c0020a9
:104a1000f0480020004d0020dc4c0020204b0020fe
:020000040000fa
:104a2000f0b5c64600b584b0040001910023984655
:104a300000274425002645e0013ba3632368002ba3
:104a40000bd02369002b0cd106f044f901239846c2
:104a5000404604b080bcb846f0bd06f0f9faa0604c
:104a6000efe72000103000f0e7ff0028ecd006f060
:104a700019f9e9e706f02ef900239846e8e702a8bd
:104a800006f040f928e0665530e04523e65432e070
:104a900006f014f9a06802f04bf9804606f01af906
:104aa00039e0200003f01cf9fff76efe09e020005a
:104ab00003f016f9fff768fe200006f0abfa0028b5
:104ac00038d1012706f0faf8a36b002bb4d1019b73
:104ad000002bcfd0002fd2d006f0fcf806f0f8fb68
:104ae00006f0ecf8635d5bb20133ccd04523e35ca8
:104af0005bb20133c9d006f0edf801a902a803f0ba
:104b000059fe0028d3d1200006f084fa0028c8d02e
:104b10002368002bbcd001992000243005f0f4ff5d
:104b2000200003f0ddf8fff72ffe0028c9d106f0c2
:104b3000b9f8c6e74346002b00d189e706f0bef876
:104b4000616a002903d0236b1b680521c91aa0687c
:0e4b500002f078ff06f0bef80023984678e7e2
:020000040000fa
:104b5e00f0b58fb00c934b680d0008938b68160060
:104b6e000993cb680f680393089b0b90002b43dbd4
:104b7e0002239f4310233a001a400d92099a049281
:104b8e001f4206d033687268134302d0099b023b62
:104b9e00049308233b400a935a1e9341049a2c69ae
:104bae00d31a04933368039a06937368013c0793f0
:104bbe0000231355049b0593012c20dc0d9b002b29
:104bce0050d10a9b002b03d02023039a013c13558e
:104bde002a69039b013a19190b98099b121b00971e
:104bee0003f0ecf90b9b5b68db0503d56b68984211
:104bfe0000da18000fb0f0bd01230893bae7069b48
:104c0e00079a13430ad1049a089b9b1a059a9b187c
:104c1e00002b03dc002ad1ddbb07cfd50f23069a6c
:104c2e00013c134018005730092b01dc30331800bb
:104c3e000c9b413b192b06d820230343613b192bb8
:104c4e0001d806f093fb039b1855059b013b05937a
:104c5e00079b1a07069b1b091a43079b06921b0903
:104c6e000793a9e70cce1343abd0039b0c9a1b19e9
:0e4c7e00013b1a703023039a023c1355a1e744
:020000040000fa
:104c8c0070b504000d00002879d002680020002abd
:104c9c0076d0002900d13b4d1301ab4209d9d3008a
:104cac00ab4251d953009b18ab4250d9002000267f
:104cbc0001e0102000260023002104f003fc030c6b
:104ccc000904194300042a00002304f0ddfc8023ae
:104cdc005b02181a2c4a136802218b431360d369a8
:104cec00002bfcd180b2284a90816368022b31d012
:104cfc00254a136825490b4076031e4380235b0429
:104d0c00334313605168a368e068034320480140b3
:104d1c000b4361680b4353601b4ad369002bfcd1d6
:104d2c00194a136802210b431360d369002bfcd181
:104d3c00154b5a6807231340012b1ad0154b8022b0
:104d4c001a631a6101201be008200226b3e7032036
:104d5c000426b0e713680d490b4076031e4316601a
:104d6c005168a368e0680343472081430b435360b9
:104d7c00d2e7084b40221a631a61012000e00020a0
:104d8c0070bdc046006cdc0200040043ff1ffff046
:084d9c00b8dfffff484a0020c8
:020000040000fa
:104da40030b58223db053e4a1a600121442299541e
:104db4000232995400224d201a5401301a54013001
:104dc4001a5401301a540130195401301954013065
:104dd400195408301a5401301a542a381a5401301c
:104de4001a5436241a5501341a5501341a5501340b
:104df4001a5504341a5501341a554234294d1d519b
:104e040041341a5501341a550534195501341955cc
:104e140001341955053419550134195503341955fc
:104e24000134195501341955013419550a341a55e8
:104e34002f3c1a5501341a5502341a5501341a55a7
:104e4400033466251d55023418558730973c1c548d
:104e540005301a544130144c1c504a20ff301a5467
:104e6400033019545020ff3019545231ff315a5431
:104e74005c21ff315a5401315a5428395a540231b1
:104e84004e38ff3858543821ff311e3058543a21d7
:104e9400ff315a543e21ff315a5401315a5430bd26
:0c4ea40000e00118060000800002041865
:020000040000fa
:104eb00070b584b0364b1b78002b19d0012b1ad15a
:104ec00006f09efa032818d80122324c324b18689b
:104ed0005242210000f0f4fa2378012b13d0022b68
:104ee00009d12c4b5a78d91cd86801f00dfd02e08d
:104ef000274b01221a7004b070bd06f06ffa2749e3
:104f000004f07effe0e700f0dbf8254b254a1a604d
:104f100006f076fa032804d8234c25000835234ee2
:104f200017e006f05bfa204ef468630cff252b4077
:104f3000e200120f1e4936780296e605f60d01963c
:104f4000640a2540009503f0f3f8e5e70134ac422c
:104f50000ad006f055fa0328f8d906f03ffa62782d
:104f6000310003f0e5f8f1e706f04afa032808d823
:104f700001220d490f4b18680023524200f0a2f99c
:104f8000b9e706f02bfa0c4904f03afff0e7c04607
:104f9000544d0020d84b00201c4d0020940b0000e5
:104fa000304d0020f84b0020c84b0020200c0000a2
:0c4fb000c80b0000184d0020340b00005e
:020000040000fa
:104fbc00f0b5de4657464e464546e0b583b0019007
:104fcc008c4600296dd005000123374f374a914696
:104fdc009346160092460de040003549009c0c5457
:104fec00013000240c5451468a605a1c023563452a
:104ffc0047d213005a1e9046796807220a40012aac
:10500c0017d0b068f468421c31698a4289410a4061
:10501c00944237d001990139cc5c00947968884668
:10502c000721444621400129d6d02149009c0c542b
:10503c00d9e74a469068d468421c494609698a42b5
:10504c0089410a4094421dd0697809022c78214389
:10505c0000917c68a046072441460c40012c06d0e8
:10506c0069460978124c215459468a60bde74000c4
:10507c00694609780e4c215401300099090a2154d3
:10508c00f2e7984605f0e6fc002802d0064b012218
:10509c009a75404603b0f0bcbb46b246a946a04642
:1050ac00f0bd8846eee7c04600040043484a0020a5
:0450bc00f047002099
:020000040000fa
:1050c00070b5394b1b78002b04d1384b1b78002b63
:1050d00036d170bd344a013b137004f0e5ff344b08
:1050e0001860072202408123d340db0724d52e4bd2
:1050f0001b79002bedd12c4b5d782a012d4c002122
:10510000200005f0ebff22002900002000f0aefe99
:10511000002803d1284b04221a70dae72549224bd4
:10512000587800231022fff777fa234b03221a70d6
:10513000224b023a1a70cce71f4b04221a70c8e7c0
:105140001a4a013b137004f0afff194b1860072295
:1051500002408123d340db0721d5144b1b79002b60
:10516000b7d1124b5d782a01154c0021200005f0c3
:10517000b5ff22002900012000f078fe002803d1ad
:105180000d4b04221a70a4e70d49084b58780023f0
:105190001022fff741fa084b03221a7099e7064bd9
:1051a00004221a7095e7c046984c0020904c0020cd
:1051b0003c4d0020f84b0020524d0020544d002063
:0451c000e84b002098
:020000040000fa
:1051c400f8b506000c0015001f0005f075fd069be0
:1051d400002b06d0230012339b00f3185b68069a59
:1051e4001360311950310b78dbb202220a70032f9d
:1051f4001fd009d8012f10d0022f13d1a4003419c5
:10520400e26c0132e2640de0042f0bd1022b4ed08c
:105214001234a4003419656004e0a4003419e26c6b
:105224002a43e2640124012b08d005f051fd20003b
:10523400f8bd1234a40034196560f3e77369b168ea
:10524400f2688a60b1685160301d5a6882422bd07e
:10525400002272611a68013a1a60f26a154b1b68df
:105264009a4201d9134b1a60134993009b189b006f
:10527400cb185b68b3609a68f26050609860f06a1b
:1052840083001a189200521872611a189200535827
:1052940001335350094b1b68da6af36a01249a42ba
:1052a400c3d205f0fdfcc0e7f2685a60d0e70024e1
:1052b400bbe7c046e84c0020f0480020004d002029
:020000040000fa
:1052c400f0b5ce4600b584b00400009101921e00f2
:1052d4000025442730e032000099200002f060ffee
:1052e400636a002b08d100280fd105f0f1fc0120de
:1052f40004b080bcb946f0bd2000243000f09afb15
:105304000028f2d005f0ccfcefe705f0c9fcece78f
:1053140005f0defc0020ebe702a805f0f1fc18e044
:105324000023e3551fe00022e25421e0200002f0b4
:10533400d5fcfff727fa012505f0befca26be36b51
:105344009a42c8d3022ec6d0019b002be0d0002d78
:10535400e2d005f0bdfc05f0b9ff05f0adfce15d60
:1053640049b20131dcd04523e05c40b20130dad0ef
:1053740005f0aefc01a902a803f01afa002817d11f
:1053840005f09afca36b9946e56b05f0a1fca945d1
:10539400ccd101992000103005f0b4fb200002f0bc
:1053a4009dfcfff7eff90028c5d105f079fcc2e7b1
:0e53b400200002f093fcfff7e5f9002098e7d7
:020000040000fa
:1053c20070b5072301268221c90598258022520340
:1053d20038e04a51c046c046c046c046c046c046f4
:1053e200c046c046c046c046c046c04694240a5184
:1053f200c046c046c046c046c046c046c046c0467b
:10540200c046c046c046c046c046c046c046c0466a
:10541200c046c046c046c046c046c046c046c0465a
:10542200c046c046c046c046c046c046c046c0464a
:10543200c046c046c046c046c046c046c046c0463a
:10544200013b3bd304001c412642c2d04a51c04614
:10545200c046c046c046c046c046c046c046c0461a
:10546200c046c046c046c046c046c046c046c0460a
:10547200c046c046c046c046c046c046c046c046fa
:10548200c046c046c046c046c046c046c046c046ea
:10549200c046c046c046c046c046c046c046942428
:1054a2000a51c046c046c046c046c046c046c04675
:0e54b200c046c046c046c046c046c1e770bdf9
:020000040000fa
:1054c000f0b5c64600b584b00400009101920027f3
:1054d00044260023984638e00099200005f0b4f8ef
:1054e0006b1ea3632369002b06d105f0f3fb01209b
:1054f00004b080bcb846f0bd2000103000f09cfa2b
:105500000028f2d005f0cefbefe705f0e3fb00202a
:10551000eee702a805f0f6fb21e04346a35528e09c
:1055200045234246e25429e0200002f0d9fbfff770
:105530002bf909e0200002f0d3fbfff725f920004a
:1055400005f068fd002835d1012705f0b7fba56bf4
:10555000002dc1d1019b002bd7d0002fd9d005f051
:10556000b9fb05f0b5fe05f0a9fba35d5bb2013305
:10557000d3d04523e35c5bb20133d1d005f0aafb65
:1055800001a902a803f016f90028d3d1200005f0e4
:1055900041fd0028c8d001992000243005f0b4fa5c
:1055a000200002f09dfbfff7eff80028ccd105f0ba
:0855b00079fbc9e700209be72d
:020000040000fa
:1055b800f8b5de4657464e464546e0b5354d364bbe
:1055c8002f001e00354a01239b46324b9846b246af
:1055d8001e0016e0580030498c46095c8946ff21b8
:1055e8008c4349460c4301306146085c0002e4b232
:1055f8000443013319e0ff2323401385337d002b37
:1056080021d1137e584603423ed0a868eb689842e1
:1056180037d05068072108400128dbd05046c05ccd
:10562800f8318c430443a4b2013338698342804182
:1056380003404046c360536807210b40012bdad171
:10564800164b1c85dae7564605f086fc114b1b689d
:10565800002bb7d00f4b59681b7f002b08d00d4b80
:105668009b699842aed30b4b1b6803209847a9e768
:10567800084b9b699842a5d1064b1b6803209847a5
:10568800a0e7064b01221a75f0bcbb46b246a946f4
:10569800a046f8bd484a0020f04700200004004317
:020000040000fa
:1056a800f0b585b00400009101920025442600273a
:1056b80034e0e6680099200004f0c2ffe660636aff
:1056c800002b04d105f002fb012005b0f0bd20003d
:1056d800243000f0adf90028f4d005f0dffaf1e746
:1056e80005f0f4fa0020f0e702a805f007fb1fe038
:1056f800a75527e04523e75429e0200002f0ecfafb
:10570800fff73ef809e0200002f0e6fafff738f864
:10571800200005f07bfc002835d1012505f0cafae8
:10572800a36b002bc5d1019b002bd9d0002ddbd05a
:1057380005f0ccfa05f0c8fd05f0bcfaa35d5bb234
:105748000133d5d04523e35c5bb20133d2d005f0f9
:10575800bdfa01a902a803f029f80028d3d1200036
:1057680005f054fc0028c8d001992000243005f029
:10577800c7f9200002f0b0fafff702f80028ccd1f0
:0a57880005f08cfac9e700209fe746
:020000040000fa
:02579200fee730
:020000040000fa
:10579400f8b5ce46474680b5334d2f00a846a946f6
:1057a4005be04246126a002a42d0716a336a0120e1
:1057b4009847b36a0133326b93429241134037e006
:1057c4004a46926a5200e0b2284988540132240ab7
:1057d4008c543ce005f050f9234b1b6a002b3cd061
:1057e400214b596a3c229b5c002b08d01e4b9b6bbf
:1057f400984232d31c4b1b6a002098472de01a4b69
:105804009b6b984229d1184b1b6a0020984724e0cf
:10581400174b1b7e5b0722d5154b1c8da4b2ab6abc
:1058240001332a6b934292411340fa6a9a42b8d0e8
:105834000d4ad26a9a42ebd00d4a516807220a40b7
:10584400012abdd0084a926ae4b208498c54064a37
:1058540093623423d35c002bbcd1034ed8e7c0bc85
:10586400b946b046f8bdc046484a002070480020fa
:0458740000040043e9
:020000040000fa
:1058780070b506000c00150005f078fe331950339a
:105888001a7802211970a4003419e36c0133e36417
:10589800012a02d005f098fe70bd274b1b68002b2b
:1058a8003cd17369b168f2688a60b1685160341d8f
:1058b8005a68a2422fd0002272611a68013a1a600f
:1058c800f26a1e4b1b689a4201d91c4b1a601c498c
:1058d80093009b189b00cb185b68b3609a68f260d2
:1058e80054609c60f46aa3001a19920052187261fd
:1058f8001a199200535801335350124b1b68f26a1d
:10590800db6a9a42c6d9002d01d001232b600e4bc9
:1059180001221a60bee7f2685a60cce70b4b5a685e
:10592800f261946834623100183161609160b36249
:105938001a6801321a60e0e7c84c0020e84c0020e1
:10594800f0480020004d0020dc4c0020204b0020b7
:020000040000fa
:10595800f0b506000f0015001c0085b08b4263d817
:1059680001d1824260d82100280005f04bfa3900a5
:105978000090300005f046fa009b21001b1a1a001f
:105988002800039305f032fa00900191b94245d8f6
:1059980001d1b04242d8009b019c01200021039a0a
:1059a800f61aa74105f022fa04000d00039b002b0c
:1059b8002bd0019b009adb0750081843019b59081c
:1059c800039b9c46b9422cd801d1b04229d8320059
:1059d8003b00121a8b41012692185b410027b6182a
:1059e8005f4101235b429c446346002bead13000af
:1059f8003900039a05f0eef9039aa4197d410600cf
:105a08000f0005f0f3f9241a8d410a9b002b01d0f1
:105a18001e605f602000290005b0f0bd002400254d
:0e5a2800c4e7b6197f41dce700240025ede756
:020000040000fa
:025a3600fee789
:020000040000fa
:105a380010b5c368db689a6ad869196a8160d86941
:105a48004860180018305168814240d0002199629e
:105a5800116801391160274a1268002a3dd15a6934
:105a68009868d9688160986848601c1d5168a1428f
:105a780030d000215961116801391160d96a1e4a74
:105a88001268914201d91c4a11601c488a005218b8
:105a98009200821852689a609168d9604c6094604c
:105aa800dc6aa200111989000918596111198900c5
:105ab8000a5801320a50124a1168da6acb6a002081
:105ac8009a4203d90f4b01221a60013010bd196a9e
:105ad8005160bbe7d9685160cbe70b4a5168d9617f
:105ae8008c681c62606088609a621168013111607c
:105af800e1e7c046c84c0020e84c0020f0480020f0
:0c5b0800004d0020dc4c0020204b002051
:020000040000fa
:105b140010b52e4b1b68002b03d02d4b01221a60ad
:105b240010bd2b4b00221a602a4b1a68116b1a689d
:105b34001b6812681b6b9a4203d9274b0a689a4266
:105b440033d0244b19681868343105f053fd234bc6
:105b54001b6823499a00d21892005258002a09d18e
:105b64009a00d21892001f495218013b143a516905
:105b74000029fad01a489a00d118890041184c68b3
:105b840064684c60d218920008321218944216d0fd
:105b9400134a9900c918890052185268d1680d4aed
:105ba40011600e490b601368bae74a689a42c8d17b
:105bb4008a689a42c5d1ca689a42c2d1c7e7990095
:105bc400c91889004218d1685160e1e7c84c002027
:105bd400dc4c0020004d0020a5a5a5a5e84c002024
:085be400f0480020dc4800201d
:020000040000fa
:105bec00f0b5c64600b586b004008846170003938e
:105bfc008368013b027fd20705d53e1db34206d216
:105c0c00002303932fe03e009f4200d91e00039b0c
:105c1c00002b28d004a804f047fd05f049f820001b
:105c2c0004f0bffe0500864219d9216a002003f05a
:105c3c00e9ff05f01bfc606105f046f8206a039b48
:105c4c00009300230022002100f09efa00236361e0
:105c5c0003a904a802f0a8fd0028ded001e005f09d
:105c6c0033f8002d03d1200004f09bfe05000096b4
:105c7c002b003a004146200003f05cf9051e04d1cc
:105c8c00280006b080bcb846f0bd200005f07dfab7
:105c9c00e3689842f4d305f015fb2369002b08d078
:105cac002069216a0026009600230022fff784fa5f
:085cbc002661fef763fde3e73a
:020000040000fa
:105cc40010b50400902911dc00207f2928dd8039db
:105cd4000800102910d805f013fa31313d0f110fc7
:105ce4000f0f240f0f0f0f0f0f0f3d00c0294bd0c4
:105cf400f02949d0a02928d0002011e01968002af1
:105d040007d00a1d1a6000228b5e2360db176360d4
:105d140005e0081d18600b689bb2236062600120d7
:105d240010bd1968002a04d00a1d1a600023cb563e
:105d3400ebe7081d18600b68dbb2eee71968002a70
:105d44001ed00a1d1a600b68dfe71a68111d19605e
:105d54001368dae707201968002a09d00918814373
:105d64000a0008321a600a684b6822606360d6e74a
:105d7400ca1d824311000831196053681268f4e7a0
:105d8400081d18600b68c8e71a68111d19601368ac
:065d940023600023bbe7c1
:020000040000fa
:025d9a00fee722
:020000040000fa
:105d9c0070b504000d00042900d9042504f088ff17
:105dac00002c0ed0636c9d422ad00dd9294a126862
:105dbc00a24228d0274a1268d66aae42b641764231
:105dcc0007e0244b1c68ede7224a1668361b72422a
:105ddc005641e26a934201d0954200d9e56265646e
:105dec00a369002b02db05235b1ba36193009b18ab
:105dfc009b00194a9b1862699a4206d0002e26d144
:105e0c0004f062ff70bd0026e3e7251d280004f0b6
:105e1c0003fce26a114b1b689a4201d90f4b1a60c2
:105e2c000d4993009b189b00cb185b68a3609a6884
:105e3c00e26055609d60e06a83001a189200521867
:105e4c0062611a189200535801335350d6e704f08c
:105e5c0023ffd5e7004d0020f0480020e84c00203f
:020000040000fa
:105e6c00f8b5ce46474680b507008846151e53d078
:105e7c00002829d00020012f4fd12a4ab423d4580e
:105e8c00a404a40e002918d04f1effb20026264be6
:105e9c0059682301c9181022280005f00ff9b742e0
:105eac000bd010350134e4b2631e5a1e93415b4291
:105ebc001c400136f6b2b045e9d13f2323401949c5
:105ecc00b8228b50012028e0164aa423d458a404ed
:105edc00a40e0b1e19d0013bdbb29946060003e061
:105eec000136f6b2b04510d00f4b19682301c91812
:105efc001022280005f0e2f8b14506d01035013427
:105f0c00e4b2022cecd13c00eae73f2323400549e4
:105f1c00a8228b50012000e00020c0bcb946b0463e
:0c5f2c00f8bdc04600200042c44a00201e
:020000040000fa
:105f38002b4b5a6852031b68db0c13439b029b0aca
:105f4800284a936300235375110004228b691a426f
:105f5800fcd124491022cb681a42fcd0214a137d77
:105f680080210b431375204b00229a611a611f4b45
:105f78001f4a1a62190004224b681a42fcd11b4ab4
:105f880088234021d15010004831402243581a42fa
:105f9800fcd0164ad8234021d15010009831402215
:105fa80043581a42fcd0114aec234021d15010002a
:105fb800ac31402243581a42fcd00c4a94235b006f
:105fc8004021d15010001900402243581a42fcd0f9
:105fd800084b094a1a611022da610e3a1a627047b0
:105fe800206080000010004000140040001c0040a9
:0c5ff8000601010000080040ff3e000010
:020000040000fa
:1060040010b505f0c5f9202807d8002844d0202869
:1060140042d88000254b1b589f4640283cd105f0b0
:10602400edf9032809d905f0d7f9214903f0e6fe73
:1060340003e005f0e3f9032800d810bd05f0ccf91e
:106044001c4903f0dbfef8e705f0d8f90328f4d97e
:1060540005f0c2f9184903f0d1feeee705f0cef9d8
:106064000328ead905f0b8f9144903f0c7fee4e7b8
:1060740005f0c4f90328e0d905f0aef9104903f09e
:10608400bdfedae705f0baf90328d6d905f0a4f97c
:106094000c4903f0b3fed0e705f0b0f90328ccd9de
:1060a40005f09af9084903f0a9fec6e75c7c0000f4
:1060b4007c0a0000200a0000300a0000440a0000a4
:0c60c400580a00006c0a0000900a00005e
:020000040000fa
:1060d00010b52a4b1c6d2a4b22001a401c420ad0d4
:1060e000264b1a65274b1b68002b04d0254b59689b
:1060f0001b6820009847e3070ed5204b01221a6544
:10610000a3329a58204b1b68002b05d01e4b5968b0
:106110001b687f2010409847e3060ed5174b1022ce
:106120001a65a4329a58184b9b68002b05d0164b61
:10613000d9689b687f201040984723050bd50f4beb
:10614000802212011a65114b1b68002b03d00f4be4
:1061500058681b689847e4040fd5084b8022520109
:106160001a65f4229a580a4b1b68002b05d0084b7d
:1061700059681b683f201040984710bd002000421e
:10618000eee7ffff704c0020984b0020804c002071
:04619000784c002027
:020000040000fa
:10619400f8b504000e0015001f002d4b1a681218e4
:1061a40050321378022b02d0069b002b1dd104f031
:1061b40083fd002f07d0264b1b6822001232920069
:1061c4009b185b683b60224b1b681b1950331b7880
:1061d4000026022b32d01e4b1b681b1950330022a1
:1061e4001a7004f075fd3000f8bd05f06ff804f086
:1061f40063fd174b1b681b1950331b78022b18d0f7
:1062040013490b68a2009b18da6cb243da640b687a
:106214001b19503301221a7004f05afd012106980b
:1062240000f09cf9fef7aefa0028c0d104f038fd66
:10623400bde704f04dfdfef7a5fab8e7044b1b6873
:10624400a2009b18da6caa43da640136c3e7c0469d
:04625400004d0020d9
:020000040000fa
:10625800f0b504002c4825014019067bf6b22b48fe
:106268003f27c55dedb2c4550f37c05d800702d129
:106278000020002e39d1254e4e20032737542248be
:1062880026018019023f07732148305a400530d54e
:10629800c9181f48801941601d492001415a090544
:1062a8002cd5d2181a4909188a60194a2001815a2e
:1062b8008905890fcb409bb212185380134b40219c
:1062c8005a5c022002435a54596c5a6c08230b40fa
:1062d800fc2189010a4013430138002b05d10b4ae0
:1062e80011690133a3400b431361084a3f23d55476
:1062f800f0bd0748260180194160cde70449200117
:1063080009188a60d1e7c046284c00200060004187
:04631800384c0020dd
:020000040000fa
:10631c00f0b40125ed070c005c402c40a446ae0afd
:10632c004c18df18f4423dd2f74245d2640d4cd0e4
:10633c007f0d3cd0e41bc9022943cf0adb022b435f
:10634c00db0a0600b61a9f4104d2013cb6197f4104
:10635c00b6185f416812800d241838dd001884428d
:10636c0025d8e80c0021b6197f41b61a9f4103d3fa
:10637c0040414941f7d304e0b6185f410018494148
:10638c00f1d32405b6197f41b61a9f4105d3374383
:10639c00c20717430022012f50416141624611434d
:1063ac00f0bc70470cd100280ad1f74208d200206b
:1063bc00c143490d0905f1e7002a01d1f74206d086
:1063cc000020c143090dc904eae77f0df8d0002075
:0463dc006146e5e74a
:020000040000fa
:1063e000f0b5ce46474680b583b080460d00914655
:1063f000002848d0002619e02f68bf041ce004f0f4
:10640000edff2349019b3a0001f092fe1fe004f0ea
:10641000e5ff204901f08cfe1de004f0f1ff0328a8
:106420002bd84d440136f6b2b0452cd0eb785b0644
:10643000e2d52b68db00df08a8790007000f04f025
:106440008dfb0190040004f0dbff0328d7d804f093
:10645000d7ff0328dbd82f000837002cddd004f04d
:10646000cfff0328f9d904f0b9ff013ce4b23a7830
:10647000094901f05dfe0137efe704f0afff07497e
:1064800001f056fecde703b0c0bcb946b046f0bd42
:10649000380b0000640b00002c0b0000340b0000d4
:020000040000fa
:1064a000f0b5d6464f464646c0b582b0274bc046eb
:1064b000013b002bfbd1002003f01afc0028fad18d
:1064c000234cc8220021200004f008fe214fc823dd
:1064d0009c46a444994601adc13b6b4498461e4876
:1064e00008e00c239a46d1440337d4448c239b0004
:1064f00099451cd0bb782b703b786b707b78ab7068
:106500002900624603260b789c09045d14701c095f
:106510003440045d54709c083440045d94703340f2
:10652000c35cd370013104324145ecd1d9e7a53bbe
:10653000ff3b07499b00094a0020fff78dfe02b090
:10654000e0bcba46b146a846f0bdc046983a000045
:10655000004000205449002024b6000028100042ca
:020000040000fa
:10656000f0b583b004000191264b1e68264b1f68ce
:10657000264b1d68264b1868043004f053f8631c42
:106580000dd03419224b1b685c60a6421ed9204beb
:1065900019680431280003f013fd03b0f0bd019b1e
:1065a000002b20d01b4a5168194b1868816018686d
:1065b0008c68c460186804306060186804308860b3
:1065c0001b685a61136801331360e6e7104b1968c2
:1065d0000431380003f0f4fc0f4b1b68a342dcd9f4
:1065e0000d4b1c60d9e7731e094a126853609e4226
:1065f000cdd8074b19680431380003f0e1fc064b95
:106600001b68cae7ec4c0020fc4c0020f84c002032
:0c661000004d0020f84a0020d04c002073
:020000040000fa
:10661c0070b504000d0016002b4b1b6802001232e3
:10662c0092009b185b68002b01d1002e1ed104f048
:10663c003ffb254b1b682200123292009b185e68b0
:10664c00002e09d0002d36d01f4b1b6822001232b1
:10665c0092009b1800225a601b4b1b681b1950336d
:10666c0000221a7004f030fb300070bd04f02afeda
:10667c0004f01efb144b1b682200123292009b1874
:10668c005b68002b04d004f01ffbfef777f8cee715
:10669c000d4b1b681b19503301221a7004f014fbac
:1066ac0001213000fff756fffef768f80028bed135
:1066bc0004f0f2fabbe7044b1b68721e2100123186
:0c66cc0089005b185a60c7e7004d0020f1
:020000040000fa
:1066d800f0b5c64600b506000d0090461f0004f050
:1066e800f3fd3468002f25d1290021404b1e994124
:1066f800002925d1069b002b28d041464b1e9941e5
:106708000906002f02d08023db0419432943301dda
:10671800069a02f03bfffef733f8002819d004f080
:10672800f9fa0400830117d52402240a200080bc4a
:10673800b846f0bd29002140491b4b425941d7e7d3
:106748004346002b02d02300ab433360fef718f812
:10675800ece704f0a3fae2e704f0acfa3468002f9f
:106768000ed123002b405a1e9341002b05d04346df
:10677800002b02d02300ab43336004f0a7fad3e721
:0c67880023002b405b1b5a425341eee7fc
:020000040000fa
:106794004b005b0d284af0b50d00591e04009142d0
:1067a40039d8264a9e1825d420002900332e20dc0f
:1067b400234a9b1826d4234ada4013002700214a8f
:1067c4009f43f24038002f00234097432a4039006a
:1067d40013430ed0002f0cda3400203c25d480253e
:1067e4006d03e5402a0080246403f44023008018ec
:1067f4005941f0bd002d02db00200021f9e7002003
:106804001149f6e720230f4a9b1b9a4001235b4260
:10681400f3401343d2e720002900002be9d10022e2
:10682400e90fcb0710001900e3e720248025a41bff
:106834006d03a5402a00d6e7fd07000001fcffff19
:0c684400e1fbffffffff0f000000f0bfb2
:020000040000fa
:1068500030b405004d400124e407254042004b00c0
:10686000120e32d01b0e3cd0ff2a33d0ff2b3fd06c
:10687000d21800022043000a09022143090ac4b2c7
:106880004c43000ac3b24b43000a4843210a5b1839
:10689000190a091801d44900013a080a7f3a2adb8b
:1068a000fe2a0fd2d2051c43240601d00124214325
:1068b000c9b280295041802901d1400840002843b5
:1068c00030bc7047ff20c005f9e71b0eff2b0ad034
:1068d0002800f5e7400206d1ff2bf3d1490202d18f
:1068e000f0e7ff2af4d17f2000010c300005e7e734
:1068f0004902f8d1e6e743020132e9d15b120233e3
:06690000e6d9d805e4e72a
:020000040000fa
:026906007047d8
:020000040000fa
:10690800f8b506000c001500234f0d2200213800b1
:1069180004f0e0fb214bfa1e1a60f600f608136833
:106928005b0f5b07334313600f2006002e40f97896
:106938000f27b943314391711b0e40210b43d3708c
:10694800174b00221a70310028420ad00023154d37
:106958001348e25cea545a1c02701300d2b2914206
:10696800f7d8114b02221a701049012002f0e0fcfe
:10697800002809d104f040fd03280bd904f02afdb2
:106988000b4901f0d1fb05e0044b196810220120e6
:10699800fff722fdf8bdc0460b4c00202c4d00200f
:1069a800af490020104c0020524d0020084c002018
:0469b800740b00005c
:020000040000fa
:1069bc00242b0000322b00003a2b0000a62b0000e9
:1069cc00682c00004e2d0000682d0000742d000076
:1069dc007e2d0000a82f00008a2d0000922d0000b3
:1069ec009e2d00003a2d0000aa2d0000b62d0000af
:1069fc00c22d0000ce2d0000da2d0000ac2f0000bf
:106a0c003c2d0000e62d0000ea2d0000ee2d0000cc
:106a1c00f22d0000f62d0000002e00000c2e0000c0
:106a2c00182e0000242e00007c2e0000882e000062
:106a3c00942e0000a02e0000ac2e0000b82e0000fa
:106a4c00c42e0000d02e0000dc2e0000e82e00002a
:106a5c00f42e0000002f00000c2f0000182f000057
:046a6c00242f0000d3
:020000040000fa
:106a7000f0b54b6889b004930b6805000c009c4688
:106a80008e68cf68079310685168cb0f0593002973
:106a900044da0b000200002150429941049b002b74
:106aa00009db0222634693430793059b002b02d127
:106ab000079b5a0723d5731e07aa02920a22009346
:106ac00001920b000200200001f0f6fa059b002b5a
:106ad00019d02d2301383b542269079b013a121a21
:106ae000391800932800330001f06ffa6b68db055a
:106af00003d56368984200da180009b0f0bd1b079f
:106b0000db0ff31ad8e7079b5a0702d52b2301386e
:106b1000e1e71b07e0d520230138dce7049b002bcd
:046b2000bfdac5e72c
:020000040000fa
:106b2400f8b504000d00002850d0c36b0020002be2
:106b34004dd00026190c226c100c00292fd181b2e3
:106b440000291ed10020002e41d104f0b5f822689e
:106b5400216ce36b4b43d018a0600020a0636260fb
:106b64005b1ad218e260ff234422a3540132a354d7
:106b7400002d22d12369002b16d104f0a9f801209d
:106b840025e0011c181c9bb292b25a4380b28bb20e
:106b94004343120c9b181b0cd4d00126d2e780b2bd
:106ba4000028fad1101ceee720001030fef742ff57
:106bb4000028e2d004f074f8dfe72000103004f07d
:106bc40045f92000243004f041f9d6e70020f8bd4f
:020000040000fa
:106bd40010b580231b060b430360c3680269446835
:106be4008168a16044684c60516881423ad00021b8
:106bf40001611168013911605a699868d968816026
:106c0400986848601c1d5168a1422ed0002159612a
:106c1400116801391160d96a154a1268914201d983
:106c2400134a116013488a0052189200821852685d
:106c34009a609168d9604c609460dc6aa200111972
:106c4400890009185961111989000a5801320a503a
:106c5400094a1168da6acb6a9a4202d9074b0122bf
:106c64001a6010bd81685160c1e7d9685160cde7f1
:106c7400e84c0020f0480020004d0020dc4c0020af
:020000040000fa
:106c840030b583b080256d0019491a481a4b019319
:106c94000224009400232a00fdf7c0f8174918487d
:106ca400184b01930123009300234022fdf7b6f80b
:106cb40015491648164b0193009400232a00fdf74a
:106cc400adf814491448154b0193009400232a008d
:106cd400fdf7a4f812491348134b019300940023c1
:106ce4008022fdf79bf800f067fe03b030bdc0467c
:106cf400e40000006db50000bc4c0020fc00000066
:106d040065b50000b84c0020100100005db500001e
:106d1400b44c00201c01000055b50000b04c00200c
:0c6d2400300100004db50000ac4c002018
:020000040000fa
:106d300070b5041e4ad0c26a254b1b68db6a9a42b2
:106d40003cd28369002b05db214b1b68d96a0523e4
:106d50005b1a836193009b189b001e4a9b18626913
:106d60009a4205d01a4b1b68db6ae36201202ce0d3
:106d7000251d280003f056fc154b1b68da6ae262f9
:106d8000154b1b689a4201d9134b1a6011499300a5
:106d90009b189b00cb185b68a3609a68e260556003
:106da0009d60e06a83001a189200521862611a18f6
:106db0009200535801335350012006e0044b1b68e6
:106dc000406cdb6a98428041404270bd0020fce785
:0c6dd000004d0020f0480020e84c00209e
:020000040000fa
:106ddc00f0b585b00400029103921e00037f0427d6
:106dec00da0703d400275b0700d5c768002e39d01b
:106dfc0003f05eff200004f0c8f9050087421ad2a8
:106e0c0003f062ff2b00039a0299200002f0b8f8fd
:106e1c00061e2ed004f056fa6369002b08d0606968
:106e2c00216a0025009500230022fef7c5f9656153
:106e3c00fdf7a4fc1de0216a002002f0e3fe04f043
:106e4c0015fb206103f040ff206a0096002300220e
:106e5c000021fff799f900232361200004f095f934
:106e6c00050003e0200004f090f905000026bd4267
:086e7c00c8d8300005b0f0bddc
:020000040000fa
:106e840010b51f4800f0e8f91e48012104f0a4f9e8
:106e94001d490022002004f025f81c49002201208d
:106ea40004f020f800221021062000f056ff184bb1
:106eb400186000221021062000f04fff154b1860c7
:106ec400154a0023137053705360144a137053709f
:106ed400536000f087fb03f043ff114b1860002858
:106ee40002d0002103f061fe00220421062000f0fc
:106ef40034ff0c4b186004f0e1fafff781f810bd81
:106f0400004a002005940000d98f0000919f0000e2
:106f14001c4d0020184d0020984c0020904c00205f
:086f2400244d0020204d002047
:020000040000fa
:106f2c00002941d010b404004c40a4460123002297
:106f3c00002900d54942002800d5404288422cd374
:106f4c0001242407a14204d2814202d209011b016f
:106f5c00f8e7e400a14204d2814202d249005b006e
:106f6c00f8e7884201d3401a1a434c08a04202d3d6
:106f7c00001b5c0822438c08a04202d3001b9c0817
:106f8c002243cc08a04202d3001bdc082243002879
:106f9c0003d01b0901d00909e3e710006446002c5b
:106fac0000d5404210bc704701b5002004f03efbf8
:106fbc0002bdc0460029f7d003b5fff7b3ff0ebce6
:086fcc004243891a1847c04630
:020000040000fa
:106fd40070b5040003f070fe002c2dd0251d280090
:106fe40003f01efba36a002b03d02000183003f02b
:106ff40017fb1a4a136801331360194b1a68194bab
:107004001b68002b01d0a24219d0174a1368013b18
:10701400136003f0cbf803f05bfe206b01f069f919
:10702400200001f066f90f4b1b68002b03d00c4bba
:107034001b68a3420ed070bd094b1c68cee70b48f9
:10704400290003f00eff0a4a13680133136003f0aa
:107054003ffee8e703f024feede7c046d44c0020f1
:10706400004d0020e44c0020f04c00200c4b00208c
:04707400f44c0020b8
:020000040000fa
:10707800f0b5d6464f464646c0b582b0224c962259
:107088000021200004f026f8204f96239c46a444b3
:10709800994601ad8f3b6b4498461d4808e00c2388
:1070a8009a46d1440337d444f333ff3399451cd06f
:1070b800bb782b703b786b707b78ab70290062468d
:1070c80003260b789c09045d14701c093440045d88
:1070d80054709c083440045d94703340c35cd37092
:1070e800013104324145ecd1d9e7ff210648490076
:1070f80004f0e8f903f0c6ff0028fbd102b0e0bcb9
:10710800ba46b146a846f0bd304400205449002094
:0471180024b6000099
:020000040000fa
:10711c0010b5031f802464041c60043b1960043bfd
:10712c0016491960043b16491960043b154919604e
:10713c00043b15491960043b14491960043b1a605f
:10714c00043b134a1a60043b124a1a60043b124a6d
:10715c001a60043b114a1a60043b114a1a60043b42
:10716c00104a1a60043b104a1a60043b0f4a1a601a
:10717c00443803235b42036010bdc0463db10000a0
:10718c001212121203030303020202020101010193
:10719c00111111111010101009090909080808081b
:1071ac00070707070606060605050505040404047b
:020000040000fa
:1071bc0070b50400214b1b68834209d0002807d00e
:1071cc0003f076fd1e4b62699a4202d003f07cfdff
:1071dc0070bda36a1b4a9342f8d0002bf6d15033f2
:1071ec00e35c012bf2d0251d280003f015fae26aae
:1071fc00154b1b689a4201d9134b1a601349930023
:10720c009b189b00cb185b68a3609a68e260556082
:10721c009d60e06a83001a189200521862611a1875
:10722c009200535801335350044b1b68da6ae36adb
:10723c009a42cbd203f030fdc8e7c046004d002087
:10724c00f84a0020204b0020e84c0020f048002099
:020000040000fa
:10725c0010b504004822002103f03aff204a93693c
:10726c0001210b439361110001228b691a42fcd05e
:10727c001b4b9a6902210a439a611a4a14601168dd
:10728c000904090c802080020143a0201950210020
:10729c001031516051680904090c13480143b020a6
:1072ac00195021002031d160d1680904090c8020cb
:1072bc0040040143c0201950303414611269120487
:1072cc00120c802149020a43f0215a509a69ef3975
:1072dc008a439a61190001228b691a42fcd110bdb4
:0c72ec0000200042c44a00200000018085
:020000040000fa
:1072f80070b5040003f0defc002c1dd0251d28000d
:1073080003f08cf9a36a002b03d02000183003f097
:1073180085f91a48290003f0a2fd5023e35c012bec
:107328000dd003f0d3fc164b1b68002b0bd1154b6b
:107338001b68a3420ed070bd124b1c68dee74f33aa
:107348000022e254ede703f0b5fc02f02dff03f054
:10735800bdfcece70a4b1b68002b09d10a4b1a68e5
:10736800064b1b689a4206d1064b00221a60e2e7d8
:1073780003f094fcdfe7fef7c9fbdce7f84a0020de
:0c738800e44c0020004d0020f04c0020e0
:020000040000fa
:1073940010b5224a137801210b4313701100012206
:1073a4004b681a42fcd11d4a1d4bd3611123136251
:1073b400f7239b0093611363002151631361194bfd
:1073c4001031198101209882013018840130988588
:1073d40001301887403019520c3006241c520c30ee
:1073e40001341c520c3001341c520c3001341c5238
:1073f4000c3019520c3019520c3019520c301952ed
:107404000c3019520c30195213780e390b43137087
:10741400110002224b681a42fcd110bd0028004022
:087424000011011130470020a6
:020000040000fa
:10742c00f0b5d6464f464646c0b582461e4ad36a8c
:10743c00956a002933d0ab4234d0040001201b4a9a
:10744c0094469046184f13e05a006646b65c267078
:10745c0001326646b25c627001333a6b93429241e0
:10746c001340814213d9421c0234ab4210d010009d
:10747c000f4a566807223240012ae5d04246d25cb8
:10748c0091465246013a4e4616540133e5e71d002b
:10749c00054bdd62e0bcba46b146a846f0bd1d0006
:1074ac000800f5e70020f3e7484a00207048002068
:0474bc000004004385
:020000040000fa
:1074c00070b5040007231a000240034205d01300e0
:1074d000093b834229d30834a41a03f0f9fe194b5f
:1074e0001b68002b0ed0002c25d0174b1b68e243e5
:1074f0009a420dd31c19154a94420cd9fdf744f950
:107500001be000240f4a124b07218b431360eae76c
:10751000fdf73af911e00b4a1568ed180a4b1c60ab
:10752000fdf732f9002d0bd107e003f0d1fe054b3a
:107530001b68002be5d0fdf727f904f05ff8002564
:10754000280070bdc04c0020c44c0020f73f000054
:047550000700002010
:020000040000fa
:1075540030b405004d400124e407254042004b00af
:10756400120e26d01b0e34d0ff2a2dd0ff2b35d07f
:10757400d21a000220430902214343084908a00dfe
:107584005b1a02d2013a5b005b185b008b4200d3aa
:107594005b1a4041f9d37f3222ddff2a06d2d2059d
:1075a400c91a8b425041284330bc7047ff20c005a4
:1075b400f9e71b0e03d0ff2b12d1490210d07f2014
:1075c40000010c300005efe74002f8d1ff2bedd1ac
:1075d400f5e7ff2aead14002f1d1e7e74902eed10b
:0475e4002800e1e7b3
:020000040000fa
:1075e80010b51c490022072002f070fd072003f0a7
:1075f80009fe19490022082002f068fd082003f05e
:1076080001fe16490022092002f060fd092003f05e
:10761800f9fd13490022042002f058fd042003f06c
:10762800f1fd10490022062002f050fd062003f06b
:10763800e9fd0d490022032002f048fd032003f074
:10764800e1fd0a490022022002f040fd022003f079
:10765800d9fd10bdc18c0000118d0000618d0000a6
:10766800b18d0000018e000025ab0000518e000096
:020000040000fa
:1076780070b504000d1e00d11e4d1f4a136802216b
:107688008b431360d369002bfcd1002c30d02168c8
:107698006b080020994222d8174a136817480340fc
:1076a80013601068a3686668334303431360490096
:1076b800280000f06bf80138ff2800d9ff20c0b27d
:1076c8000d4b18735a6807218a435a605a68e16853
:1076d8000a435a601a00d369002bfcd10120064adc
:1076e800136802210b431360d369002bfcd170bdd2
:1076f8000020f4e7006cdc0200100042ffffffcf1f
:020000040000fa
:10770800f8b504000d00002835d0002936d00678d9
:10771800002e31d08389013341685943184800f05d
:1077280035f80700021fbf235b009a421fd2154994
:10773800a06802f086fc002801d0124ba360380034
:1077480003f04ff9a168fff77ff80f49fff7fefe36
:1077580002f0e2ffc0b2013f3f1affb2af70023839
:10776800e870af71a389ab8001232b7004e000237c
:107778002b70002600e000263000f8bd0026fbe74d
:0c778800006cdc02000048420000c84217
:020000040000fa
:10779400002934d00123002210b488422cd30124c0
:1077a4002407a14204d2814202d209011b01f8e755
:1077b400e400a14204d2814202d249005b00f8e70e
:1077c400884201d3401a1a434c08a04202d3001b3a
:1077d4005c0822438c08a04202d3001b9c0822436d
:1077e400cc08a04202d3001bdc082243002803d0ab
:1077f4001b0901d00909e3e7100010bc704701b56b
:10780400002003f017ff02bd0029f8d003b5fff7ed
:0c781400c1ff0ebc4243891a1847c04651
:020000040000fa
:10782000f0b5c64600b505000f001600984603f0f7
:107830004ffd2c683900280000f0cafe3c4333009d
:107840002340b34206d04346002b07d12c68fcf7f7
:107850009bff15e02b68b3432b60f8e7a021c90418
:107860003143281d424601f095fefcf78dff0028ac
:107870000ad003f053fa0400830108d52402240a35
:10788000200080bcb846f0bd03f00cfaf1e703f02d
:1078900015fa2c6823003340b34202d003f01afae1
:0a78a000ece72300b3432b60f8e788
:020000040000fa
:0278aa00fee7f7
:020000040000fa
:1078ac001d4b1e4a1a601e4a9a81c02292025a60cf
:1078bc001a00d369002bfcd1174a136802210b4321
:1078cc001360d369002bfcd1164b00221a629a620a
:1078dc00da6234215a5408315a549a630021da87f7
:1078ec001a609a60da60197519779a610a4b5a68ae
:1078fc0007231340012b09d00a4b80221a631a610b
:10790c00054b80229a757c3a9a757047054b40223c
:10791c001a631a61f4e7c046000400438401004076
:08792c0055550000484a0020f7
:020000040000fa
:10793400f0b5ce4600b582b00400009101921d005e
:1079440003f016fe0600a26be36b9a420ad30027eb
:10795400022d07d0300003f039fe380002b080bc9d
:10796400b946f0bd4523e35c5bb29946a36b2a009c
:107974000099200000f014fc4b4601330fd1636ad8
:107984000127002be6d020002430fef753f800280e
:10799400e0d0019a002a0dd001231360dae703f046
:1079a4005dfd01278145d5d24b4601335bb24522ab
:0879b400a354cfe70127cde742
:020000040000fa
:1079bc0000b587b00023029303930493059301331e
:1079cc001648c25c69460731ca5419000133002ab3
:1079dc00f7d102ab5b18013b1a701148114b0193a4
:1079ec0000920023803202a9fcf714fa012803d07c
:1079fc000d4b1b6807b000bd01f0fefe0128f7d14e
:107a0c0072b60a4b012252421a60094b02321a60ba
:107a1c00084b00221a6001f0abfce9e747010000bb
:107a2c00edac0000cc4c00200cb60000d04c00207b
:087a3c00e44c0020ec4c00209a
:020000040000fa
:107a440070b5041e09d0436c8b4200d20b00e26a6d
:107a54009a4202d0a16c012900d070bde362a169f1
:107a6400002902db0521cb1aa36193009b189b001c
:107a7400134a9b1862699a42efd1251d280002f02f
:107a8400cffde26a0f4b1b689a4201d90d4b1a6075
:107a94000b4993009b189b00cb185b68a3609a6802
:107aa400e26055609d60e06a83001a1892005218e3
:107ab40062611a189200535801335350cde7c046ff
:087ac400f0480020e84c00200e
:020000040000fa
:107acc0070b582b006000c00009201938b0719d19f
:107adc008c08022503f0defa019b1a4a93606b4670
:107aec00197889000c230b402b43802149000b4350
:107afc0053801388fc390b431380002c1dd00020bd
:107b0c00033915e00025cb07e4d44c080135e1e737
:107b1c00012d03d08300f358536002e04300f35a65
:107b2c005360137b0b42fcd011730130844204d0a0
:107b3c00002dedd1335c5360f3e7024b986802b033
:087b4c0070bdc046006000415d
:020000040000fa
:107b540010b503000078002831d0da78002a2dd03f
:107b64009a787f2a2cd8802292009988914229d22f
:107b74009a797f2a28d8154a012191611400a269b3
:107b84001142fcd011498a69022422438a619c78fb
:107b94007f222240dc78240222439c79640622431b
:107ba4009b881b040a4c23401343cb618b6901223d
:107bb40093438b618b691a42fcd100e0002010bd15
:107bc4000020fce70020fae70020f8e7002000424c
:047bd4000000ff01ad
:020000040000fa
:107bd8000100000002000000a007000002000000f1
:107be80003000000c00700000400000004000000bb
:107bf800dc0700000800000005000000f80700008e
:107c0800100000000600000014080000200000001a
:107c180007000000300800004000000008000000d5
:107c280050080000800000000900000070080000f3
:107c3800000100000a0000009408000000807f0096
:107c48000b000000bc080000007e00000c000000d3
:047c5800e40800003c
:020000040000fa
:107c5c009c600000366000004c6000009c600000de
:107c6c00606000009c6000009c6000009c60000054
:107c7c009c6000009c6000009c6000009c60000008
:107c8c009c6000009c6000009c6000009c600000f8
:107c9c00746000009c6000009c6000009c60000010
:107cac009c6000009c6000009c6000009c600000d8
:107cbc009c6000009c6000009c6000009c600000c8
:107ccc009c6000009c6000009c6000009c600000b8
:047cdc0088600000bc
:020000040000fa
:107ce00070b5050002f0eaff4523ec5c64b2002c9d
:107cf00011dd2e00243603e0013c64b2002c0ad0d2
:107d00006b6a002b07d03000fdf796fe0028f3d0f9
:107d100003f0acfbf0e74523ff22ea5402f0daff60
:107d200002f0ccff4423ec5c64b2002c11dd2e0089
:107d3000103603e0013c64b2002c0ad02b69002b02
:107d400007d03000fdf778fe0028f3d003f08efb5b
:0e7d5000f0e74423ff22ea5402f0bcff70bdae
:020000040000fa
:107d5e0070b504000d00002833d00021030c2a0c4e
:107d6e00002b29d193b2002b18d100292cd1280039
:107d7e00604300260300493324d84830fff799fbaf
:107d8e00061e1fd00300002d00d048333360f4636d
:107d9e00356401213000fef7befe13e0131c261cd5
:107dae00a0b2aab24243b6b29bb27343120c9b1856
:107dbe001b0cdad00121d8e792b2002afad12e1c80
:0c7dce00eee70026300070bd0026fbe749
:020000040000fa
:027dda007047f0
:020000040000fa
:107ddc0070b5041e31d0836c013b8364c16a426c64
:107dec0091422cd00020002b00d070bd251d280006
:107dfc0002f012fc626ce26205239b1aa361114b28
:107e0c001b689a4201d90f4b1a600f4993009b18bb
:107e1c009b00cb185b68a3609a68e26055609d601c
:107e2c00e06a83001a189200521862611a189200c4
:107e3c005358013353500120d7e70020d5e70020d9
:0c7e4c00d3e7c046e84c0020f0480020be
:020000040000fa
:107e5800e42900007226000092260000c6260000d1
:107e6800dc260000f2260000082700001e2700007c
:107e7800342700004a2700006a27000080270000f6
:107e880096270000ae270000c6270000de27000066
:107e9800f62700000e280000262800003e280000d3
:107ea800562800007e28000094280000fa280000c8
:107eb800cc290000f42900001a2a00008e2a0000ac
:0c7ec800a22a0000b62a0000cc2a00000c
:020000040000fa
:107ed40010b582b0002301931a4a138c0f210b4072
:107ee4003031545ce4b253540f31525cd2b201923b
:107ef400019a0220920708d512494e228854124a48
:107f040019015218002111730138019ad20709d5b9
:107f14000c494e22012088540b4a190152180021a1
:107f240011730130084a190152185268002a04d00a
:107f3400054a531899685b689847024a3f23d4540a
:0c7f440002b010bd00600041284c00207d
:020000040000fa
:107f5000f0b5c64600b582b004000091019203f06e
:107f600009fb8046a56b0027002d07d1404603f092
:107f70002ffb380002b080bcb846f0bd4423e65c5d
:107f800076b20099200002f05ffb6b1ea363731ca6
:107f90000fd123690137002be8d020001030fdf706
:107fa0004bfd0028e2d0019a002a0cd00123136077
:107fb000dce703f055fa01278642d7d2731c5bb287
:0a7fc0004422a354d2e70127d0e7c2
:020000040000fa
:107fca00f0b589b014000e9a1d0002910123110028
:107fda001940019003911a4201d1a5420ad8220000
:107fea000299019802f061f9a54203d825002800f8
:107ffa0009b0f0bd2e1b37003200102e00d9102216
:10800a00202104a803f065f80f2f0ed80f2201983b
:10801a00324004a902f049f9039b002be7d1220060
:10802a000299019802f041f9e1e71022019804a9a6
:08803a0002f03bf9103fe7e7fb
:020000040000fa
:1080420010b50400902911dc00207f291bdd803946
:10805200080010290ed803f054f80f0f250d170d44
:108062000d0d1e0d0d0d0d0d0d0d2500a02903d0ba
:10807200c02901d0002006e01968081d18600b68ad
:1080820023601a60012010bd1968081d18600b6872
:1080920023601a80f6e71968081d18600b682360d0
:1080a2001a70efe71968081d18600b6823601a60e0
:0680b200d2175a60e6e758
:020000040000fa
:1080b800f7b5040019000a9ee368676800933368ff
:1080c800100001932369013b1c00002f00da0127ef
:1080d8000022009dea540123089d002c03dc002b9c
:1080e8001cd02000febd02000a4309d1089aba1a22
:1080f8005219002a04dc002df1dd019a9207eed511
:10810800099b099adb1701f0c1fa8c460099130004
:10811800013c30320a55013d6146dee710223368e2
:0681280093433360dde724
:020000040000fa
:02812e00704798
:020000040000fa
:108130000eb400b582b000280fd1174b1b785bb28c
:10814000002b0ad0144b5b68002b06d0012113488a
:10815000494202f01afb002803d102b008bc03b068
:10816000184704ab019380210d48039a890000f061
:1081700061fa0200411eff235b00994207d80849bb
:1081800000230b54044b98685b685b69984703486d
:1081900002f0b9f8e1e7c046584c0020a04c00209e
:0481a0003042002049
:020000040000fa
:1081a40070b504001600856b026c002a0cd10368bc
:1081b4000020002b02d00135a56370bda068fff735
:1081c4000bfe0023a360f6e7002e0dd1406802f0f9
:1081d40079ff6368226c9b186360a2683000934245
:1081e400e9d323686360e6e7c06802f06bff226ca2
:1081f4005142e3689b1ae3602268934202d2a36867
:108204005b18e3600020022ed5d1002dd3d0013db0
:02821400d1e7b0
:020000040000fa
:028216007047af
:020000040000fa
:1082180070b505000c00174b1b78002b0bd0002df8
:1082280021d1002c22d0144b1b785bb2002b0bd031
:108238000120404270bd114802f0b3f901280fd166
:108248000c4b01221a70eae7a0680b4b9860626831
:108258005a60022119702168536898470020e9e79d
:1082680001204042e6e701204042e3e70120404286
:10827800e0e7c0462e460020584c0020a04c0020c5
:020000040000fa
:10828800f0b50c004968236887b00600a768e56860
:108298000593002902db02218b43059305a9536846
:1082a800126802910821200001910097fff700ff52
:1082b800059bdb0602d5302301382b54059b1b0791
:1082c80002d5202301382b542269059b013a121a42
:1082d8002918009330003b00fff773fe7368db0535
:0e82e80003d56368984200da180007b0f0bdb5
:020000040000fa
:0282f6007047cf
:020000040000fa
:1082f800f0b5c64600b507000e1e29d0154af4236e
:10830800d458e404e40e002819d0431edbb2984682
:108318000025114b1969e300c9180822300002f042
:10832800cffea8450bd008360134e4b2631e5a1eae
:1083380093415b421c400135edb2af42e9d11f23a6
:1083480023400449f8228b50012080bcb846f0bd78
:0c8358000020fae700200042c44a002088
:020000040000fa
:1083640010b5164b06225a60fcf71afdfdf7e2fd24
:1083740001f05eff02f03cf9f9f739f9fff794fade
:1083840000f08ef800f024fbfff702f80c490020ff
:1083940002f09cfb0b4c20600b490020fff73affd6
:1083a400606002f063f803f077f803f07bf802f002
:1083b4009dff03f07df800f0a5f810bd00400041da
:0c83c40018b40000884c00200cb400002d
:020000040000fa
:1083d000f0b583b00400019103f0ccf80500a36b65
:1083e000e26b00269a420ad94522a75c7fb201338c
:1083f000a3637b1c15d1636a0136002b05d12800cd
:1084000003f0e6f8300003b0f0bd20002430fdf7a3
:1084100013fb0028f3d0019a002a0cd0012313602b
:10842000ede703f01df801268742e8d201377fb25d
:0a8430004523e754e3e70126e1e7e6
:020000040000fa
:10843a00f0b585b004000f0015000393037f160002
:10844a00db0700d5161d200002f0acfa03000096e7
:10845a002a003900200000f06efd051e02d1280016
:10846a0005b0f0bd200002f091fee3689842f6d311
:10847a0003f07bf807002369002b0ad02069216ae0
:10848a00039b01930026009600230022fcf723fa9f
:0a849a002661380003f097f8e1e7cf
:020000040000fa
:1084a400144b01229a6119008b691a42fcd0114bba
:1084b4009a6902210a439a610f4ada6180220021f3
:1084c40099509a6901318a439a61190001228b6992
:1084d4001a42fcd1074b00229a650132da65074a39
:1084e4005a65074b19001c3100221a7001338b4264
:1084f400fbd17047002000421746002eddddf23f1d
:04850400c44a002045
:020000040000fa
:10850800bff35f8f62b6154bc02080001a58120265
:10851800120ac02109060a431a5008221a600430b8
:108528001a581202120a1143195080221a60043094
:1085380019580b4a1140c02212040a431a508022cb
:10854800d2001a60c42189005a58ff2082433f385c
:1085580002435a50802252021a60704700e100e03c
:04856800ffff00ff12
:020000040000fa
:10856c000c4a002313600c4a13600c4a13600c4a2b
:10857c0013600c4a13600c4a13600c4a13600c4acb
:10858c0013600c4a13600c4a13600c4a13600c4abb
:10859c0013607047004d0020f44c0020f04c00207c
:1085ac00ec4c0020e84c0020e44c0020e04c002077
:1085bc00dc4c0020d84c0020d44c0020d04c0020a7
:0485cc00c84c002077
:020000040000fa
:1085d000f8b505000f0006000c3602f079fe2c6994
:1085e000296839432960a6421cd000270ce029687d
:1085f0001940994206d111e02b6880218904194362
:10860000fef7e8faa6420ed0200064680268130262
:108610001b0a5101ebd429681942f3d0d201ebd5e2
:108620001f43e9e700272c68bc432c60fcf7acf83b
:048630002000f8bd71
:020000040000fa
:10863400f0b59bb004000d00160000214c2207a8e1
:108644001f0002f049fd01235b4202930433ff3310
:108654000393002c00d101ac0023049405959d42a2
:1086640000d06b1e0693002d06da4f220120084b22
:1086740040421a601bb0f0bd002d01d000232370ce
:108684003a00310002a80894079402f099fbf1e73c
:04869400484d00202d
:020000040000fa
:10869800f8b50024144d154e03e077610134102c11
:1086a80020d063001b199b00eb181b89dbb2e1b2d9
:1086b8008b42f3d173690127a7401f42eed00a49c4
:1086c80063001b199b005b58002be6d00800630071
:1086d80019198900411849681b199b001b58080083
:1086e8009847dae7f8bdc046304700200028004028
:020000040000fa
:1086f800f0b585b006000d0002920393037f0124b4
:108708001c40a40002f043fd03000027a04202d849
:10871800380005b0f0bd029a2900300000f032fca4
:10872800071ef5d002f022ff04007369002b0ad05f
:108738007069316a039b019300250095002300228c
:0e874800fcf7caf87561200002f03effe0e782
:020000040000fa
:0287560070476a
:020000040000fa
:1087580070b505000c0002f0b7fd134b18682b68c4
:108768001c19834209d9a34202d82c60002411e0c5
:10877800a04209d32c6000240ce0a34204d8a042f4
:1087880002d32c60002405e02c60201a0021fdf79c
:10879800e3fe0124fbf7f4ff002801d0200070bda0
:0c87a80002f07cfafae7c046ec4c00201e
:020000040000fa
:1087b40070b505000c0002f07ffa124b1a682368aa
:1087c400591c1ad06968104800682e68864205d082
:1087d400914203d80023236001240fe0501a8342fe
:1087e40003d800232360012408e09b1a5b1823604c
:1087f400280002f085fa002400e0002402f068fa60
:0c880400200070bdec4c0020d84c00207f
:020000040000fa
:10881000f8b5050002f018fe0400114b1a68002399
:10882000824204d82b600e4b1c602000f8bd0d4b1b
:108830001b681a68002a0bd001277f42094edb68ab
:108840001868390000f0c0ff33681a68002af6d1b2
:10885000044a0549086810600b600123e2e7c0463e
:0c886000044d0020144d0020104d00209d
:020000040000fa
:10886c0000230e4a10b513600d4a13600d4a1360b5
:10887c000d4a13600d4a13600d4a536213610133a4
:10888c00936000f0f8f800f0f6f80a4c0a4b9c42a2
:10889c0000d310bd08cc9847f8e7c046444d0020e3
:1088ac00bc490020b8490020b0490020b449002040
:0c88bc00c0490020c8000000cc000000f3
:020000040000fa
:1088c80070b504001d00002906d001291bd0002323
:1088d8000360012040421fe00020012b1cd8032226
:1088e80000210130fff737fa2060002810d0012d51
:1088f8000ed1002300220021fcf7e0fc013843429e
:10890800584140b208e01900100001f025fe20602f
:0a8918002068431e984140b270bd74
:020000040000fa
:0289220070479c
:020000040000fa
:1089240010b5144b9b7d002b16d0124a137edbb27c
:10893400927d52b2002a10db0e4a137edbb2927d86
:10894400d20701d5db070ed40a4a137edbb2927d2f
:10895400520701d55b0709d410bd5bb2002bebdadb
:1089640000f00cf9e8e7fcf725feede7fcf710ff53
:08897400f2e7c04600040043d5
:020000040000fa
:10897c0070b5082a17d8114c002500266680a580f2
:10898c00e58025816581022323706270e060e01c24
:10899c0002f094fb01220a4b18680023524221007a
:1089ac00fcf78afc70bd02f025fd0028fad002f01d
:1089bc000ffd0449fff7b6fbf4e7c046a84b0020b7
:0889cc001c4d00209801000081
:020000040000fa
:1089d40010b50d4a002111705160916011730b485c
:1089e4000b4b58630b4c9c630b4c5c613f24195537
:1089f4000a4959640a490180012111704d2202314a
:108a04009954084a1a8010bd284c0020384c002084
:108a140000600041484c0020818181810009800070
:088a240009040000020f00002c
:020000040000fa
:108a2c00f0b50c004968236887b00500a768e668b4
:108a3c000593002902db02218b43059305a953689a
:108a4c00126802910a21200001910097fff72efb7a
:108a5c002269059b013a121a3118009328003b0039
:108a6c00fff7adfa6b68db0503d56368984200da53
:068a7c00180007b0f0bd78
:020000040000fa
:028a820070473b
:020000040000fa
:108a840010b583b2002b19d10004010c104bc00b9c
:108a9400401880001b185c68002c12d00c4b4a0054
:108aa400521892009b189868636a984701280ad064
:108ab40002280ad0431e9841404210bd0120404282
:108ac400fbe70020f9e70220f7e70120f5e7c046bd
:048ad400584c0020da
:020000040000fa
:108ad80000b585b0124b1b68002b1dd000281dd097
:108ae8000091019202900020052901dd05b000bd2a
:108af80001f01aff022807d0094b1868002300224a
:108b08006946fcf7dbfbf1e7054b18680023069a7a
:108b18006946fcf7d3fbe9e70020e7e70020e5e733
:048b28000c4d0020d0
:020000040000fa
:108b2c00f8b5ce46474680b5040002f01dfd0500a1
:108b3c0023690026002b07d0280002f043fd3000eb
:108b4c00c0bcb946b046f8bd6369002bf4d1a3692b
:108b5c009946a3689846e768267f242200212000c6
:108b6c0002f0b6fa4b46a3614346a360e760267752
:048b7c000126e1e706
:020000040000fa
:108b800010b5114b5a8b0723110019401a4200d11e
:108b900010bd0e4bd9870c4b80221a76793a5a8336
:108ba0001b7e5b0705d5084b04211a8d1a7e0a42ed
:108bb000fbd1064b1b6a002bead0044b596a1b6a97
:108bc00002209847e4e7c04600040043484a0020da
:020000040000fa
:108bd00070b504000d00160002f070f84423e35c49
:108be0005bb201330dd04523e35c5bb201330cd0a3
:108bf00002f070f8a36b002b0bd02000fff770f889
:108c000070bd44230022e254ede745230022e254e4
:108c1000eee7200024303200290000f0dbfcece716
:020000040000fa
:108c2000f8b5104b1b68002b1ad00f4f0f4e0d4d8f
:108c300002f044f8fb68dc68201d01f0f3fc3368a7
:108c4000013b33602b68013b2b6002f043f8206b43
:108c5000fff751fb2000fff74efb2b68002be7d1fd
:108c6000f8bdc046f44c00200c4b0020f04c002016
:020000040000fa
:108c700070b502f023f80d4b1b68002b02d002f0f8
:108c800029f870bd0a4d280002f0e2f8094c2000d6
:108c900002f0def8084b1d60084b1c60002210211a
:108ca0000a20fff75cf8014b1860e8e70c4d002044
:108cb000704b00205c4b0020144d0020104d002014
:020000040000fa
:108cc00000b583b002f09cfb032812d80023019367
:108cd00080220b4b19680b4801ab120101f0a0fb7d
:108ce000019b002b03d0084b802252051a6003b071
:108cf00000bd02f073fb054901f082f8e6e7c046cb
:108d0000244d002095b5000004ed00e01c09000092
:020000040000fa
:108d100000b583b002f074fb032812d8002301933e
:108d200080220b4b19680b4801ab520101f078fb14
:108d3000019b002b03d0084b802252051a6003b020
:108d400000bd02f04bfb054901f05af8e6e7c046ca
:108d5000244d002095b5000004ed00e03809000026
:020000040000fa
:108d600000b583b002f04cfb032812d80023019316
:108d700080220b4b19680b4801ab920101f050fbac
:108d8000019b002b03d0084b802252051a6003b0d0
:108d900000bd02f023fb054901f032f8e6e7c046ca
:108da000244d002095b5000004ed00e058090000b6
:020000040000fa
:108db00000b583b002f024fb032812d800230193ee
:108dc00080220b4b19680b4801abd20101f028fb44
:108dd000019b002b03d0084b802252051a6003b080
:108de00000bd02f0fbfa054901f00af8e6e7c046cb
:108df000244d002095b5000004ed00e0740900004a
:020000040000fa
:108e000000b583b002f0fcfa032812d800230193c6
:108e100080220b4b19680b4801ab920001f000fb5c
:108e2000019b002b03d0084b802252051a6003b02f
:108e300000bd02f0d3fa054900f0e2ffe6e7c046c4
:108e4000244d002095b5000004ed00e098090000d5
:020000040000fa
:108e500000b583b002f0d4fa032812d8002301939e
:108e600080220b4b19680b4801abd20001f0d8faf5
:108e7000019b002b03d0084b802252051a6003b0df
:108e800000bd02f0abfa054900f0baffe6e7c046c4
:108e9000244d002095b5000004ed00e0bc09000061
:020000040000fa
:108ea00010b501f0c3fc0b2002f078f801f0aefc25
:108eb00002f06af800280cd002f0a2fa032802d8c7
:108ec00002f076f810bd02f089fa074900f098ff29
:108ed000f6e702f095fa0328f2d902f07ffa034987
:108ee00000f08effece7c046e8090000040a00002d
:020000040000fa
:108ef000f0b50e0087b0039015001049072204a8b2
:108f00001c0002f0e1f8b368776802933668002d20
:108f100000d104ad002c03d1280001f047ff04006c
:108f2000002f02dbbc4200d93c0022002900029b3a
:108f300003980096fff749f807b0f0bd88a9000034
:020000040000fa
:108f4000f0b583b004000e0015001a004368017fdd
:108f5000c9070bd50195002708998a420cd3042232
:108f600001a900f080f903002f0003e01700aa42d6
:108f700000d92f00002f02d1380003b0f0bd3a0015
:0c8f80003100200000f06ff96060f5e7a0
:020000040000fa
:108f8c00f0b585b00400019115001e000368027f46
:108f9c00d20708d43700ae4200d92f00002f0ed1d3
:108fac00380005b0f0bd042203a900f079f90300e4
:108fbc00039a00279542f3d3043e1500eae73a00e2
:0c8fcc000199200000f06cf92060e9e73a
:020000040000fa
:108fd80000b583b00d4b1a7801321a705870596079
:108fe8000b4901230b7000228a700193094b186802
:108ff800002301aafef79afc019b002b03d0064b25
:10900800802252051a6003b000bdc046984c00206b
:0c901800b84b00201c4d002004ed00e0cf
:020000040000fa
:10902400f8b507000c00012a1dd0023a53425a41f8
:10903400950000263b00263313d838002530fef770
:109044003dfa061e0dd02422002102f045f833001b
:109054002433b3610137b760002c00d10134f460cc
:0a90640035773000f8bd0125e3e781
:020000040000fa
:1090700010b5064c2378002b07d1054b002b02d0ee
:10908000044800e000bf0123237010bda84a00205f
:109090000000000000000000044b10b5002b03d0be
:1090a0000349044800e000bf10bdc04600000000b6
:0890b000ac4a002000000000a2
:020000040000fa
:1090b80070b50e001f25054043098222120494460c
:1090c8006344db016c081a1930321178c9b2c00741
:1090d8000ed5f022914336013143c9b21c19303400
:1090e80021705b1940331a7801210a431a7070bd48
:0890f8000f2291433143f0e720
:020000040000fa
:1091000010b50a4b98470a4b984700f00dfe094be3
:10911000ff229343084a9360084b9847084b9847af
:10912000084b984700f01cfffee7c04607690000a7
:10913000076900000000000000ed00e06d880000fd
:08914000076900000769000047
:020000040000fa
:1091480010b504004160006191420cd8d21a8369bd
:1091580001209a4200d310bd211d094b186800f068
:109168002bff0020f7e79a4202d201209942f2d25f
:10917800211d044b186800f01fff0020ebe7c046d4
:08918800104d0020144d0020e1
:020000040000fa
:10919000f0b5c64600b5040001f090fd2369002536
:1091a000002b05d001f096fd280080bcb846f0bd2c
:1091b0006369002bf6d1a3699846a768e668257f06
:1091c00024220021200001f089ff4346a361a7600b
:0891d000e66025770125e5e7c3
:020000040000fa
:1091d80010b50d4b1b78002b12d0012b13d1012297
:1091e8000a490b4b18685242fcf766f902f004f979
:1091f800032808d902f0eef80649fef795ff02e0c9
:10920800014b01221a7010bd584d0020284d002036
:08921800204d0020e4090000d4
:020000040000fa
:10922000f0b583b007000e0001921d002820fef764
:1092300047f9041e14d024230022c254fff718fd5e
:109240002760a661e56108992162201d02f0c3f93b
:10925000019b002b04d02422a35c04210b43a354c4
:06926000200003b0f0bd88
:020000040000fa
:10926600f0b5c64600b50600884617001c0085689e
:10927600ed1a954200d91500b06900192a00414639
:1092860001f01fffaf4207d8e019b368834200d848
:10929600c01a80bcb846f0bdb0697a1b29004144ab
:0692a60001f00ffff0e7ec
:020000040000fa
:1092ac00f0b5c64600b50700884616001c00856858
:1092bc00ed1a954200d91500b96909192a004046e2
:1092cc0001f0fcfeae4207d8a019bb68834200d85f
:1092dc00c01a80bcb846f0bd43465819721bb96918
:0692ec0001f0ecfef0e7ca
:020000040000fa
:1092f40000b583b000230193002814d0006800282f
:1093040013d001a9fff762f803000020002b01d15c
:1093140003b000bd019b0130002bf9d0044b802227
:1093240052051a60f4e70020f2e70020f0e7c04697
:0493340004ed00e064
:020000040000fa
:1093380070b50023012801d0180070bd002913d092
:109348000a4dc433ec58e402e40e094bd8682301f3
:10935800c018102201f0b4fe0123a340bff34f8fc1
:10936800d022ab500123e7e70023e5e700200042c5
:04937800c44a0020c3
:020000040000fa
:10937c0010b50d4b1968ff2212040a431a601968c4
:10938c00ff2212060a431a600024084b1c6001f0ed
:10939c0005f8074b1c6001f08dfffcf7b5fb01f0e5
:1093ac00c7fe002010bdc04620ed00e01ced00e023
:0493bc00884d0020b8
:020000040000fa
:1093c000eff309800e4a1168243808607346f8c02c
:1093d00044464d4656465f46f0c072b6fcf79afbcf
:1093e00062b6074a116808681430f0c8a046a9465a
:1093f000b246bb4680f309882438f8c81847c046ef
:04940000004d0020fb
:020000040000fa
:1094040010b504000c4b186000f04cfe0b4b1860b8
:10941400072202408123d340db0708d5ff232340e2
:10942400012b00d010bd064b03221a70fae7044b3f
:1094340004221a70f6e7c046384d00203c4d002047
:04944400524d002065
:020000040000fa
:10944800030010b51a78202a0ad011000939042916
:1094580006d92b2a06d000212d2a05d1012102e0a8
:109468000133efe70021013300200a2402e06043c2
:109478000133801a1a78303a092af8d9002900d11c
:04948800404210bd91
:020000040000fa
:10948c0030b401256d054c00e54215d85c00e54271
:10949c0012d80c001c436400044314430fd005d2b3
:1094ac0082428b418041013030bc704790429941df
:1094bc008041013030bc7047002030bc7047012027
:0494cc0030bc7047f9
:020000040000fa
:1094d000f7b5040c0d0091b20f0061438c460600f5
:1094e000019383b2100c5f43444358433b0c6044e8
:1094f0001b18994202d980214902641801995543e9
:109500007143180c04191b04bfb24919d819091961
:0495100003b0f0bdf7
:020000040000fa
:1095140070b50e001500002811d10c4801f05afd59
:1095240000280fd0094c23681b6829003000984795
:1095340005002000083000f0e4fe280070bd01257d
:109544006d42fae701256d42f7e7c046644c0020fe
:020000040000fa
:1095540070b50e001500002811d10c4801f03afd39
:1095640000280fd0094c2368db6829003000984795
:1095740005002000083000f0c4fe280070bd01255d
:109584006d42fae701256d42f7e7c046644c0020be
:020000040000fa
:1095940070b5030010000d4c2568802212060a43a2
:1095a400aa615a682168ca61216895680d622168b8
:1095b40018316960216818319160226893621a68d1
:1095c40001321a600121fcf7c9ff70bd004d002073
:020000040000fa
:1095d40070b50300080011005a680c4c2568ea6154
:1095e400256896682e6225681835756025681835d3
:1095f4009560226893621a6801321a60002901d0ca
:1096040001204042fcf7aaff70bdc046004d002077
:020000040000fa
:1096140010b50c4b5b78082b00d910bd0121994083
:10962400094b1868fef7d2ff01f0e8fe0328f4d9cd
:1096340001f0d2fe054b034a52789200d15800f053
:10964400ddfbeae7884a0020244d0020604d00201d
:020000040000fa
:1096540070b50d4bc046013b002bfbd1eff31086d8
:1096640072b60a4c25005a35a078fbf7a8fe20787c
:10967400fbf7a5fe6078fbf7a2fe0334ac42f3d1fe
:1096840086f3108870bdc046983a00005449002003
:020000040000fa
:10969400002b11d1002a0fd1002900d1002802d0bb
:1096a4000021c943080007b4024802a140180290ef
:1096b40003bdc046811f000003b4684601b502988b
:1096c400fcf748f9019b9e4602b00cbc7047c046ab
:020000040000fa
:1096d40030b401256d054c00e54215d85c00e54227
:1096e40012d80c001c436400044314430cd005d26c
:1096f40082428b418041404230bc70479042994144
:0e9704008041404230bc7047002030bc7047ae
:020000040000fa
:1097120030b401256d054c00e54215d85c00e542e8
:1097220012d80c001c436400044314430cd005d22d
:10973200904299418041404230bc704782428b4105
:0e9742008041404230bc7047002030bc704770
:020000040000fa
:1097500070b5040001f0e9fc0025002c0fdb0a497c
:109760000a681f232340da400135154001229a4040
:10977000130080228b50bff34f8fbff36f8f01f028
:0c978000bdfb280070bdc04600e100e009
:020000040000fa
:10978c0070b5040001f0cbfc0025002c0fdb0a495e
:10979c000a681f232340da400135154001229a4004
:1097ac00130080228b50bff34f8fbff36f8f01f0ec
:0c97bc009ffb280070bdc04600e100e0eb
:020000040000fa
:1097c80070b505000e000c4b1b68db68dc68201dbb
:1097d80000f024ff2423e35c5a0707d401229343b3
:1097e8002332a354236a2000984770bd3200290011
:0c97f800200000f0e9fdf5e7144d002012
:020000040000fa
:1098040000b583b0fff732fa084b1b680020002b29
:109814000ad0802206490748074b0193032300938b
:1098240000235200faf7fafa03b000bd0c4d0020f1
:0c98340050010000a1440000084d00207d
:020000040000fa
:1098400030b585b01c000c4b1d68002d10d00028d1
:1098500010d00091019202900020052901dc05b092
:1098600030bd0023220069462800fef763f8f6e7c2
:0c9870000020f4e70020f2e70c4d00207f
:020000040000fa
:10987c00121600002e160000aa1600004c1700004d
:10988c0020180000ce180000e8190000da1a0000b9
:10989c00681b0000f61b0000761c0000d01c0000aa
:0c98ac00e01d0000741d000058200000aa
:020000040000fa
:1098b80030b50c4b3f229d5cedb2985440215a5c68
:1098c8000224a2435a541c000222635c1342fcd1b6
:1098d800054b00011b1800221a73024a3f23d55476
:0c98e80030bdc04600600041284c00204c
:020000040000fa
:1098f40070b50c4b3f229e5cf6b2985440241a5d1e
:109904000225aa431a551d0002222b5d1342fcd1e5
:109914000001054bc01889b20180024a3f23d65486
:0c992400012070bd00600041384c0020a4
:020000040000fa
:1099300010b582b004000091019201f0b1fb019bcf
:10994000094a93606b46197889000c230b40203438
:109950002402fc2189010c402343538013880421f5
:0c9960000b43138002b010bd00600041fa
:020000040000fa
:10996c001c2101231b04984201d3000c10391b0a43
:10997c00984201d3000a08391b09984201d3000907
:10998c00043902a2105c40187047c046040302025e
:0c999c00010101010000000000000000bb
:020000040000fa
:1099a80010b50200094bcb180020c02b0dd80b00b6
:1099b8000c004034501a1a5804c3a342fbd149087a
:1099c800034bd961034a1a80012010bd00c07ffff4
:0899d8000040004106a5ffff5d
:020000040000fa
:1099e00010b500280dd10b4b1b785bb2002b0bd0b0
:1099f000084b5b68002b0ad0064880689b68984734
:109a000010bd01204042fbe701204042f8e7012061
:089a10004042f5e7584c00202c
:020000040000fa
:109a180010b500280dd10b4b1b785bb2002b0bd077
:109a2800084b5b68002b0ad0064a90681b69984768
:109a380010bd01204042fbe701204042f8e7012029
:089a48004042f5e7584c0020f4
:020000040000fa
:109a500010b500280dd10b4b1b785bb2002b0bd03f
:109a6000084b5b68002b0ad0064a9068db68984771
:109a700010bd01204042fbe701204042f8e70120f1
:089a80004042f5e7584c0020bc
:020000040000fa
:109a880010b500280dd10b4b1b785bb2002b0bd007
:109a9800084b5b68002b0ad0064880685b699847ca
:109aa80010bd01204042fbe701204042f8e70120b9
:089ab8004042f5e7584c002084
:020000040000fa
:109ac00010b500280dd10b4b1b785bb2002b0bd0cf
:109ad000084b5b68002b0ad0064a9068db69984700
:109ae00010bd01204042fbe701204042f8e7012081
:089af0004042f5e7584c00204c
:020000040000fa
:109af80010b500280dd10b4b1b785bb2002b0bd097
:109b0800084b5b68002b0ad0064a90689b69984707
:109b180010bd01204042fbe701204042f8e7012048
:089b28004042f5e7584c002013
:020000040000fa
:109b300070b500280fd10b4801f04efa00280dd067
:109b4000084c23681b69984705002000083000f086
:109b5000dafb280070bd01256d42fae701256d4250
:089b6000f7e7c046644c002049
:020000040000fa
:109b680070b500280fd10b4801f032fa00280dd04b
:109b7800084c23685b69984705002000083000f00e
:109b8800befb280070bd01256d42fae701256d4234
:089b9800f7e7c046644c002011
:020000040000fa
:109ba00070b500280fd10b4801f016fa00280dd02f
:109bb000084c23689b68984705002000083000f097
:109bc000a2fb280070bd01256d42fae701256d4218
:089bd000f7e7c046644c0020d9
:020000040000fa
:109bd80070b500280fd10b4801f0faf900280dd014
:109be800084c23685b68984705002000083000f09f
:109bf80086fb280070bd01256d42fae701256d42fc
:089c0800f7e7c046644c0020a0
:020000040000fa
:109c100070b504000d0000280bd001f04ff8631957
:109c200050331b780026022b06d001f053f8300089
:109c300070bd044b1c68f0e7641950340023237096
:089c40000136f2e7004d00209f
:020000040000fa
:109c4800f0b583b004000e0001f090fc0500236914
:109c58000027002b0ad02069216a01960026009669
:109c680000230022faf738fe26610137280001f0a8
:089c7800abfc380003b0f0bda5
:020000040000fa
:109c8000f0b583b004000e0001f074fc05006369b8
:109c90000027002b0ad06069216a019600260096f1
:109ca00000230022faf71cfe66610137280001f04c
:089cb0008ffc380003b0f0bd89
:020000040000fa
:109cb800082810d90c280dd910280dd914280dd929
:109cc80018280dd920280dd93023834280414042dd
:109cd8000e3000e0092070470a20fce70b20fae765
:089ce8000c20f8e70d20f6e75f
:020000040000fa
:109cf00010b502000a4b01015b18187b094b3f2489
:109d0000195dc9b21a554e229b5c4b3a13405a4218
:109d100053415b421840034a3f23d15410bdc04613
:089d2000284c00200060004106
:020000040000fa
:109d280010b50b480168002905d14368002b02d102
:109d3800fef7f3fd10bd04008368064a9bb20c349d
:109d48009b009b5842682000984780002018e9e74c
:089d580078370000b4b00000f0
:020000040000fa
:109d600010b50400812906dc00207f2912dd13686c
:109d70000721073305e0002083290bd113687c39c4
:109d800007338b4319000120083111601a685b68a2
:069d90002260636010bdbb
:020000040000fa
:109d98000b4a9368002bfcd1094b1b789b0704d511
:109da800074b1b785bb2002b04da054a13780421b1
:109db8000b431370024a9368002bfcd17047c046ce
:049dc8000020004037
:020000040000fa
:109dcc000b4a9368002bfcd1094b1b789b0704d5dd
:109ddc00074b1b785bb2002b04da054a137804217d
:109dec008b431370024a9368002bfcd17047c0461a
:049dfc000020004003
:020000040000fa
:109e000070b50c00002811d1094b1b785bb2002bf8
:109e10000cd0074b5d68002d08d0080000f0c6ff8d
:109e20000200034b98686b692100984770bdc046db
:049e3000584c00206a
:020000040000fa
:109e340010b500280dd10a4b1b785bb2002b0ad059
:109e4400074b5b68002b08d0054a90689b6a9847cb
:109e540000e0002010bd0020fce70020fae7c04627
:049e6400584c002036
:020000040000fa
:109e68000200002070b50a4b4400e55c002d02d1c9
:109e78001b19587870bd116801300e78c0b2ae4217
:109e880003d11b190131587811600a28ebd9f1e781
:049e9800a8ae000070
:020000040000fa
:109e9c00f4464a1805d200f0ebf801d5c01740087b
:109eac00604701235b05d34206d200f0e1f801d5ef
:109ebc000120c0074042604701d10042f5d0d017c5
:049ecc004008704793
:020000040000fa
:109ed0000a4a936910218b439361110008228b6910
:109ee0001a42fcd1054a936901218b439361110009
:109ef00001228b691a42fcd17047c0460020004203
:020000040000fa
:109f000070b504000d00160000280bd000f0d6fe3e
:109f1000ad006519ec6ceb6cb343eb6400f0dafe5a
:109f2000200070bd014b1c68f0e7c046004d0020ca
:020000040000fa
:109f300010b582b00400037f0020db0701d402b01b
:109f400010bd200001f027f903000020042bf6d9f2
:109f50002368042201a92000fff7a8f90198eee781
:020000040000fa
:109f600010b50020fef7fef9fcf78cff042001f08d
:109f700041fa01f045fa032802d8fcf783fefce71a
:109f800001f02cfa0149fff73bfff6e7580100000a
:020000040000fa
:109f900010b5084b1a7801321a705870596006498a
:109fa00001230b708b70054b186800230022fdf70e
:109fb000c1fc10bd904c0020b84b00201c4d00206f
:020000040000fa
:109fc00030b50d68030008336a1c0ed01c005b68b6
:109fd0001a68aa42fad963684b6099608c60616024
:0e9fe000086103680133036030bd0469f3e7d4
:020000040000fa
:109fee00f8b504000e0001f0befa0500a36b0027c1
:109ffe00002b04d1280001f0e4fa3800f8bde76820
:0ea00e003100200000f019fbe7600127f2e7a7
:020000040000fa
:10a01c0070b4012676054c005d00e6420cd8ee4289
:10a02c000ad825430543154303d0994204d19042e5
:0ea03c0002d1012070bc7047002070bc70473c
:020000040000fa
:10a04a00012212064300da420fd84b00da420cd83a
:10a05a0002000a43520008d003d28842804140429b
:0ea06a0070478142804140427047002070479d
:020000040000fa
:10a078004a0010d2520d03231b02ff33d21a0ad40e
:10a0880052421f3209d4400dc90208430123db079d
:0ea098001843d040704700207047d017704723
:020000040000fa
:10a0a800084b586c084a10409b69db0709d5054adc
:10a0b800936901218b439361110001228b691a4234
:0ca0c800fcd1704700200042e747000078
:020000040000fa
:10a0d40030b5094b44002418a4001b191b899bb2fa
:10a0e400834200d030bd044b44002518ad00e95034
:0ca0f4005b195a60f6e7c04630470020b8
:020000040000fa
:10a100004208094bda6100238022d20390425b416e
:10a110005a42182313400433a52212021343024a61
:0ca12000138001207047c0460040004141
:020000040000fa
:10a12c000300074a8118802252000020914205d872
:10a13c005b08044ad361044b138001307047c0465e
:0ca14c0000c07fff0040004105a5ffffa0
:020000040000fa
:10a1580010b50100084b4200121892009b185c6869
:10a16800002c07d0044b4200121892009b189868e4
:0ca17800236a984710bdc046584c0020d8
:020000040000fa
:10a184000003000081a3000015950000d99b000086
:10a19400a19b000055950000319b0000699b0000c5
:0ca1a4009f440000c5af0000f1b50000b2
:020000040000fa
:10a1b000084b1b681b68002b04d1074b012252423d
:10a1c0001a607047034b1b68db681a68024b1a6001
:0ca1d000f7e7c046fc4c0020d04c0020fb
:020000040000fa
:10a1dc0010b501f051f9fcf7f7fe064b1868fcf7c7
:10a1ec00f3fefef717fd72b6034b00221a60fef762
:0ca1fc000cf810bdcc4c0020e44c0020fe
:020000040000fa
:10a2080070b5040001f060f86368002b08d0802561
:10a21800ad0420692900fcf7d9fc6368002bf8d14c
:0ca22800faf7aefa2000fef762f870bdf5
:020000040000fa
:10a23400084b802292025a601a00d369002bfcd189
:10a24400044b07221a73044a1a601a00d369002bbc
:0ca25400fcd17047001000420e003000ea
:020000040000fa
:10a2600070b5416000230125022602e00133202b56
:10a270000ad00a00da401542f8d0c41840342278d7
:0aa280003243d2b22270f1e770bd44
:020000040000fa
:10a28a0070b504000d0000f014fd002d08d0242341
:10a29a00e35c042213432422a35400f016fd70bd8c
:0aa2aa002423e35c04229343f5e74c
:020000040000fa
:10a2b40070b505690400954200d91500002d0bd036
:10a2c4002a00606900f0fefe22696369521b226164
:0aa2d40000225b1963611a7070bd6f
:020000040000fa
:10a2de0010b500280cd0006800280bd000230022f7
:10a2ee000021faf7e8ff01384342584140b210bd51
:08a2fe000020fce70020fae754
:020000040000fa
:10a3060010b500280cd0006800280bd000230022ce
:10a316000021faf7d4ff01384342584140b210bd3c
:08a326000020fce70020fae72b
:020000040000fa
:10a3300010b50b000c004034401a1a5804c3a34255
:10a34000fbd14908024bd961024a1a80012010bd95
:08a35000004000411ca5ffffc5
:020000040000fa
:10a3580010b50b000c004034401a1a5804c3a3422d
:10a36800fbd14908024bd961024a1a80012010bd6d
:08a378000040004104a5ffffb5
:020000040000fa
:10a3800010b50c00002800d010bd054800f00df9f4
:10a390000128f9d12268034b1a6001221a71f3e7f0
:08a3a0006c4c0020644c00200d
:020000040000fa
:10a3a800054b04221a60054a00211160044a054938
:10a3b800116007221a60704710e000e018e000e022
:08a3c80014e000e07fbb00007f
:020000040000fa
:10a3d00070b504000d00160004e0a369ed18236aaf
:10a3e00020009847a16969182b0032002000fef771
:08a3f000abfe0028f1d170bda5
:020000040000fa
:10a3f8000845000044450000444500008845000029
:10a4080094450000b0450000444500004445000064
:08a41800884500009445000096
:020000040000fa
:10a4200010b584b014001a0002235b42009301901f
:10a4300002910394034b186800236946fdf77afaea
:08a4400004b010bd0c4d00201a
:020000040000fa
:10a4480010b584b014001a0001235b4200930190f8
:10a4580002910394034b186800236946faf72eff0c
:08a4680004b010bd0c4d0020f2
:020000040000fa
:10a4700010b5074b00221a7000f0c2ff032800d865
:10a4800010bd00f0abff0349fff7bafcf8e7c04688
:08a49000844b0020780100005c
:020000040000fa
:10a4980010b5084b1b78002b07d0012b08d100f012
:10a4a80083fd322000f030fa02e0024b01221a70dc
:08a4b80010bdc0464c4d002010
:020000040000fa
:10a4c00010b58223db058022520388215a500c31bb
:10a4d0005a5000f0d1fd034bc046013b002bfbd18d
:08a4e00010bdc046983a0000cf
:020000040000fa
:10a4e800084a3f21535cdbb250540f31525cd0b262
:10a4f800d20705d48007c00f02493f228b5470470a
:08a508000220f9e700600041a8
:020000040000fa
:10a5100010b5074b3f22995cc9b298545c6c054852
:10a5200004408020400420435864995410bdc04624
:08a5300000600041fffffffc89
:020000040000fa
:10a5380010b5074b3f22995cc9b298545c6c05482a
:10a5480004408020800420435864995410bdc046bc
:08a5580000600041fffffffc61
:020000040000fa
:10a5600010b503000c0000280bd000208b4209d34b
:10a57000022200211800fdf7f2fb002802d08463bc
:06a5800000e0002010bd08
:020000040000fa
:10a586001e1819181c182c1834182e182b182d18cc
:10a5960026182818371803181118401838183018b4
:04a5a6000718000092
:020000040000fa
:10a5aa0010b5041e0cd003680020002b00d010bd8b
:10a5ba00013000f056f82060431e984140b2f6e799
:04a5ca000020f4e792
:020000040000fa
:10a5d00010b500f0cfff0400f9f7cefd002803d03e
:10a5e000034b802252051a60200000f0f1ff10bddd
:04a5f00004ed00e096
:020000040000fa
:0ca5f400014b84225a6070470040004177
:020000040000fa
:10a60000074a1168086804c8022181f314882030c1
:10a6100080f30988bff36f8f1047c046c046c0461d
:04a62000004d0020c9
:020000040000fa
:10a624000369416882688a60416851605a6882425d
:10a6340005d00022026118680138186070478268ea
:04a644005a60f6e77b
:020000040000fa
:10a6480010b5030008001a6c002a0ad0dc68a418a8
:10a65800dc6099688c4201d31968d960d96800f028
:04a668002ffd10bdf5
:020000040000fa
:10a66c0010b5020000210120fdf773fb041e07d07a
:10a67c00002383600360c36000220021faf71cfef4
:04a68c00200010bddd
:020000040000fa
:10a6900010b5040000f01cfe00f010fb044a136823
:10a6a0001b19136000f016fbfaf76ef810bdc046d8
:04a6b000e04c00205a
:020000040000fa
:10a6b40010b5040000f000fb044b1b682360044b3e
:10a6c4001b68636000f004fb10bdc046d84c00203a
:04a6d400ec4c00202a
:020000040000fa
:10a6d80030b51d280ad8064c45002818e51c401935
:10a6e80021706270a37003348442f9d130bdc04632
:04a6f80054490020a1
:020000040000fa
:10a6fc0070b50c001600c5b2280000f00bfe044b20
:10a70c0018402100314301432800fff7edf870bddc
:04a71c00fff3ffff49
:020000040000fa
:10a7200041000dd2090e7f390ad449421f3105d4a8
:10a7300000020122d2071043c8407047c817704773
:04a74000002070473e
:020000040000fa
:10a744001e1819181c182c1834182e182b182d180c
:10a7540026182818371803181118401838183018f4
:04a7640007180000d2
:020000040000fa
:10a7680010b5002809d00068002808d0faf754f975
:10a7780001384342584140b210bd0020fce7002098
:02a78800fae7ee
:020000040000fa
:10a78a0010b5002809d00068002808d0faf743f964
:10a79a0001384342584140b210bd0020fce7002076
:02a7aa00fae7cc
:020000040000fa
:10a7ac0010b5041e08d00068002807d000f0e0fea9
:10a7bc0000232360012010bd0020fce70020fae7f5
:020000040000fa
:10a7cc00064b1b689b0707d4044a136802210b43f2
:10a7dc001360d369002bfcd17047c04600040043c2
:020000040000fa
:10a7ec00064b1b689b0707d5044a136802218b4351
:10a7fc001360d369002bfcd17047c04600040043a2
:020000040000fa
:10a80c00064b1b785bb2002b07db044a1378022142
:10a81c000b4313709368002bfcd170470020004051
:020000040000fa
:10a82c00064a9368002bfcd1044a137802218b430f
:10a83c0013709368002bfcd17047c0460020004079
:020000040000fa
:04a84c000120704730
:020000040000fa
:10a85000eff314800121084201d00020704701204d
:10a860007047c046c046c046c046c046c046c04607
:020000040000fa
:10a8700004207146084202d0eff30980b6e3eff3fb
:10a880000880b3e3c046c046c046c046c046c04686
:020000040000fa
:10a8900010b5040000f012fa002c04d0e46a00f0b5
:10a8a00019fa200010bd014b1c68f7e7004d00208d
:020000040000fa
:10a8b00010b5040000f05efe002c04d0e46a00f045
:10a8c00087fe200010bd014b1c68f7e7004d0020fb
:020000040000fa
:10a8d00010b5040000f0f2f9002c04d0646c00f014
:10a8e000f9f9200010bd014b1c68f7e7004d00206e
:020000040000fa
:10a8f00010b5040000f03efe002c04d0646c00f0a3
:10a9000067fe200010bd014b1c68f7e7004d0020da
:020000040000fa
:10a9100010b5041e09d000f0dbfc00212000fbf77d
:10a920001ffef9f731ff002801d100f0bbf910bd7f
:020000040000fa
:10a93000054b1b680120002b04d0044b18684342d0
:10a94000584140007047c046e44c0020c84c0020ed
:020000040000fa
:10a9500070b50c00c5b2280000f0e2fc034b1840b3
:10a96000210001432800fef7c5ff70bdfffcffff7b
:020000040000fa
:10a97000286e696c29002500494e4600696e660004
:0fa980004e414e006e616e00286e756c6c2900a2
:020000040000fa
:10a990001f2202404309822109048c466344db01e3
:0ea9a0009b1840331a7801218a431a707047c1
:020000040000fa
:10a9ae0030b5856803680168446802689a42f9d137
:0ea9be0068180138001b854200d8401b30bdd0
:020000040000fa
:10a9cc0010b5002a09d004780b789c4201d0e01a0b
:0ea9dc0010bd013a01300131f3e71000f8e739
:020000040000fa
:10a9ea009d2201000ad002d4013a4900fcd5d205c1
:0ea9fa00080a0906494100d30129504170475f
:020000040000fa
:10aa0800002310b5934206d103201840421e9041fe
:0eaa18009b08c01810bdc45ccc540133f2e79b
:020000040000fa
:10aa2800054a936910210b439361110008228b6931
:0caa38001a42fcd07047c04600200042cb
:020000040000fa
:10aa4400002907d0002805db1f2202400123934080
:0caa5400014a13607047c04600e100e0ba
:020000040000fa
:10aa6000054a9368d068834201d3181a7047024a96
:0caa70001269d318181af9e7484a0020b0
:020000040000fa
:10aa7c00054bd86a9b6a984201d8181a7047024a4b
:0caa8c00126bd318181af9e7484a002092
:020000040000fa
:10aa9800054a9368002bfcd1034ba5221a731a00b0
:0caaa8009368002bfcd170470020004098
:020000040000fa
:10aab400002805d1044b5b68002b03d0187870473d
:0caac4000220fce70220fae7584c0020ba
:020000040000fa
:10aad000044b4a681a60044b0a895a8002221a7091
:0caae00000207047a44c0020a84c00206f
:020000040000fa
:10aaec00002907d0002805db1f22024001239340d8
:0caafc00014a13607047c04600e100e012
:020000040000fa
:10ab080010b50c00044b19681831fff755fa0121ec
:0cab18002000fbf721fd10bd004d0020c7
:020000040000fa
:10ab240010b500f06bfc032800d810bd00f054fcf5
:0cab34000149fff763f9f8e7f80800009a
:020000040000fa
:10ab400002004078000293781b04184313781843de
:0cab5000d3781b061843c000c0087047f3
:020000040000fa
:10ab5c0070b584b06a46044b110070cb70c11b6891
:0cab6c000b60105c04b070bde0b2000093
:020000040000fa
:10ab7800044b02019b185888034b9b185b88c01a2a
:0cab880080b27047384c0020484c002080
:020000040000fa
:10ab940000b583b00023019300f08ef8019b002bd5
:0aaba400fcd000f095f803b000bdee
:020000040000fa
:10abae0070b504000d0000f082f826683300ab4348
:0aabbe00236000f088f8300070bd3d
:020000040000fa
:10abc80010b503000800082a06d8002b04d0002975
:0aabd80002d0991800f074fa10bdc5
:020000040000fa
:10abe2008223db05802292015a6152005a6152008f
:08abf2005a6152005a617047dc
:020000040000fa
:10abfa0010b5002804d0012804d100f05af801e069
:08ac0a0000f061fb002010bd09
:020000040000fa
:10ac14004008034bd861034a1a8001207047c0469c
:08ac2400004000411aa5ffffea
:020000040000fa
:10ac2c004008034bd861034a1a8001207047c04684
:08ac3c000040004102a5ffffea
:020000040000fa
:10ac4400044b188b1c2210401a8b02431a830222d5
:08ac54001a7570470040004131
:020000040000fa
:10ac5c0030b50400034b3425585dc0b25c553c2222
:08ac6c00995430bd484a002054
:020000040000fa
:10ac74000023002803d1034b00225a80012318002b
:08ac84007047c046a84c0020f7
:020000040000fa
:10ac8c002d7400007daa00004daf0000bd4f0000e8
:08ac9c001db5000061af0000ce
:020000040000fa
:10aca400044b802252051a60bff34f8fbff36f8f9e
:08acb4007047c04604ed00e00a
:020000040000fa
:10acbc0072b6044a136801331360bff34f8fbff3ae
:08accc006f8f7047884d0020d6
:020000040000fa
:10acd400044b1a68013a1a601b68002b00d162b653
:08ace4007047c046884d0020b6
:020000040000fa
:10acec0010b5044cfdf796ff2368012bfad9fff73a
:08acfc00d3fff7e7f048002048
:020000040000fa
:10ad0400034b1b680360034b1b6843607047c046da
:08ad1400d84c0020ec4c00209b
:020000040000fa
:10ad1c00044b1a68906919681a68c96a05235b1a8a
:08ad2c0093617047004d002007
:020000040000fa
:10ad340010b50400fff7c0ff2423e45c6407e40fac
:08ad4400fff7c6ff200010bd5f
:020000040000fa
:10ad4c0010b50400fff7b4ff2423e35c01241c407e
:08ad5c00fff7baff200010bd53
:020000040000fa
:10ad640010b51820fcf7aafb041e03d0002308c06a
:08ad740000f06cf8200010bd96
:020000040000fa
:10ad7c0010b5037f9b0702d4fdf7b7fa10bd242250
:08ad8c00002100f0a5f9f9e730
:020000040000fa
:10ad940010b5037f01241c40a400fff706fe030046
:08ada40000209c42404110bd5b
:020000040000fa
:10adac000378002b06d003005a780133002afbd11c
:08adbc00181a70470020fce7a3
:020000040000fa
:10adc40013b50400019201aaf8f744fb6368db069b
:08add40001d50120404216bd2b
:020000040000fa
:10addc00d0400b00d1409c46203ad34018435242fd
:08adec006346934018437047d1
:020000040000fa
:10adf4009140030090409c46203a934019435242ac
:08ae04006346d3401943704777
:020000040000fa
:10ae0c0010b5002903d1fef7abfd203002e008009d
:08ae1c00fef7a6fd10bdc046c3
:020000040000fa
:10ae240010b5002804d0012804d1fff751ff01e038
:06ae3400f9f7a8fc10bdb7
:020000040000fa
:10ae3a0010b50b000c004034401a1a5804c3a34240
:06ae4a00fbd1012010bd48
:020000040000fa
:10ae5000030008334360012252428260c3600361f1
:06ae6000002303607047af
:020000040000fa
:10ae660043684b609a688a6051609960086103681c
:06ae760001330360704788
:020000040000fa
:10ae7c0010b50400fff71cffa36be46be41afff79b
:06ae8c0023ff200010bdb1
:020000040000fa
:10ae92000300002900d101319a6800208a4201d9b9
:06aea200d9600130704789
:020000040000fa
:10aea80068076c094c836a9074a07ac0008068882f
:06aeb80000846c820081a1
:020000040000fa
:10aec000034acc23d358c340012018407047c046e2
:04aed000002000421c
:020000040000fa
:10aed400034b1a6c02701b6c5b045b0e0b707047a7
:04aee4000020004208
:020000040000fa
:10aee800002904d0024bc000c1501b185a6070479b
:04aef800984b002053
:020000040000fa
:10aefc00002803d0bff35f8f62b6704772b6bff302
:04af0c005f8ffae772
:020000040000fa
:10af1000034b1b7d01225340012018407047c0465f
:04af200000400041ac
:020000040000fa
:10af24004008024bd861024a1a8070470040004131
:04af340040a5ffff36
:020000040000fa
:10af38004008024bd861024a1a807047004000411d
:04af480041a5ffff21
:020000040000fa
:10af4c0010b5034b1c6bfff793fd013c201a10bd91
:04af5c00484a00203f
:020000040000fa
:10af600010b5034b1c69fff77bfd013c201a10bd97
:04af7000484a00202b
:020000040000fa
:10af740010b50400024a107dc0b21475117710bddb
:04af8400484a002017
:020000040000fa
:10af8800034b18787d239843431e9841c0b27047fd
:04af98000020004055
:020000040000fa
:10af9c0003494b780f229343024013434b70704785
:04afac000020004041
:020000040000fa
:10afb000034b9b68db0602d4014ba5221a73704732
:04afc000002000402d
:020000040000fa
:10afc400002802d1024b187970470320fce7c046e1
:04afd400644c0020a9
:020000040000fa
:10afd80010b5012108304942fff7d3fb431e9841c1
:04afe800c0b210bd26
:020000040000fa
:10afec0010b58369023b1b78642b00d010bdfff7b2
:04affc0001fbfbe773
:020000040000fa
:10b00000024b1b680248c01a7047c046c44c00205f
:04b01000f83f000005
:020000040000fa
:10b0140010b50400fff750fea46bfff759fe604221
:04b02400604110bdba
:020000040000fa
:10b02800002801d034307047014b1868fae7c04651
:04b03800004d0020a7
:020000040000fa
:10b03c00002802d1024b186870470020fce7c0467c
:04b04c00004d002093
:020000040000fa
:10b05000034b1868002802d0836c01338364704767
:04b06000004d00207f
:020000040000fa
:10b06400024b00221a60024b1a6070470c4d0020fc
:04b07400084d002063
:020000040000fa
:10b0780010b503485a22002100f02cf810bdc04634
:04b088005449002007
:020000040000fa
:10b08c00034b1b7e5b080122534001201840704784
:04b09c00001000425e
:020000040000fa
:10b0a000034b1a8804218a431a8000225a80704771
:04b0b00000600041fb
:020000040000fa
:10b0b400a9b1000009aa000029b6000029b60000c1
:04b0c40029b60000a9
:020000040000fa
:10b0c80010b5002a05d00023cc5cc4540133934248
:04b0d800fad110bddc
:020000040000fa
:10b0dc00002a06d00300c9b212181970013393422a
:04b0ec00fbd17047dd
:020000040000fa
:10b0f00003000a7818001a7001310133002af8d1d0
:04b100007047c0468e
:020000040000fa
:10b1040002b4714649084900095c49008e4402bcf6
:04b114007047c0467a
:020000040000fa
:10b1180010b50400006800f02dfa00232360012018
:02b1280010bd58
:020000040000fa
:10b12a00eff3108072b6bff35f8f43425841c0b24b
:02b13a0070475c
:020000040000fa
:10b13c0082b00023019372b6019b002bfcd002b0ad
:02b14c0070474a
:020000040000fa
:10b14e0010b50400fff7b3fda46bfff7bcfd2000a4
:02b15e0010bd22
:020000040000fa
:10b1600010b50400fff7aafde469fff7b3fd200066
:02b1700010bd10
:020000040000fa
:10b1720070b504000d00fff7a0fde561fff7a9fd22
:02b1820070bd9e
:020000040000fa
:10b1840010b5040000f0f4f9246800f01ffa200060
:02b1940010bdec
:020000040000fa
:10b1960082684368d3180068181a824200d8801a59
:02b1a6007047f0
:020000040000fa
:10b1a8008a18914201d10020704700230b700131a9
:02b1b800f7e7b7
:020000040000fa
:10b1ba0010b50068fff7c6ffff2800d9ff2010bdb1
:020000040000fa
:10b1cc00024ac423d3583f20184070470020004245
:020000040000fa
:10b1dc00002802d0014b186059607047804c002049
:020000040000fa
:10b1ec00002802d0014b186059607047784c002041
:020000040000fa
:10b1fc00002802d0014b186059607047704c002039
:020000040000fa
:10b20c0001238340014a13617047c0460028004067
:020000040000fa
:10b21c0001238340014ad3607047c0460028004098
:020000040000fa
:10b22c00014b024a1a8070470040004146a5ffffbf
:020000040000fa
:10b23c0010b50b0011001a00fff740ff012010bde4
:020000040000fa
:10b24c0010b50b0011001a00fff738ff012010bddc
:020000040000fa
:10b25c00014b024a1a8070470040004145a5ffff90
:020000040000fa
:10b26c00024bd88f80b20022da877047484a002000
:020000040000fa
:10b27c00002801d0014b98637047c046484a002013
:020000040000fa
:10b28c00024b187e8007c00f7047c0460004004375
:020000040000fa
:10b29c00002801d0014b98617047c046484a0020f5
:020000040000fa
:10b2ac00024b18784007c00f7047c0460020004082
:020000040000fa
:04b2bc00006a70476d
:020000040000fa
:10b2c00062b6bff34f8fbff36f8f64dfc046c046d7
:020000040000fa
:10b2d000024a1368013313607047c046c84c00200f
:020000040000fa
:10b2e0000001020304050607080c10141820304062
:020000040000fa
:10b2f000024b00221a735a701a707047884a002055
:020000040000fa
:10b3000010b502000b0000210020f8f763fe10bd0d
:020000040000fa
:10b31000024b00011818416082607047284c0020e1
:020000040000fa
:10b320000001024bc018008880b27047384c0020e2
:020000040000fa
:10b3300010b5f9f70bf8029a039bf8f78dfc10bdd6
:020000040000fa
:10b34000f0b40125ed076b40004c20475f3c000046
:020000040000fa
:0eb35000eff314800121884380f314887047c6
:020000040000fa
:0eb35e00eff314800121084380f31488704738
:020000040000fa
:0eb36c000300413b192b01d8202318437047e2
:020000040000fa
:0eb37a000300613b192b01d85f231840704778
:020000040000fa
:0cb3880003695a401140594001617047b0
:020000040000fa
:0cb39400014b1878c0b27047000c00405c
:020000040000fa
:0cb3a000014b186b01387047484a002030
:020000040000fa
:0cb3ac00014b186259627047484a0020ab
:020000040000fa
:0cb3b800014b186901387047484a00201a
:020000040000fa
:0cb3c400014b186059607047484a002097
:020000040000fa
:0cb3d000014b1878c009704700200040b5
:020000040000fa
:0cb3dc00014b58887047c046a84c002068
:020000040000fa
:0cb3e800014b002018567047a84c0020b4
:020000040000fa
:0cb3f400014b18607047c046a44c0020bc
:020000040000fa
:0cb40000014b18687047c046a44c0020a7
:020000040000fa
:0cb40c00f4b5000084a100000000000066
:020000040000fa
:0cb4180000000000040000000000000024
:020000040000fa
:0cb42400014b00221a607047c44c00204d
:020000040000fa
:0cb43000014b00221a607047c44c002041
:020000040000fa
:0cb43c00836bc06bc01a4342584170473c
:020000040000fa
:0cb44800014b18687047c046ec4c002017
:020000040000fa
:0cb45400014b18687047c046ec4c00200b
:020000040000fa
:0cb46000014b18687047c046f04c0020fb
:020000040000fa
:0cb46c00014b01221a607047dc4c0020ec
:020000040000fa
:0cb47800014b18687047c046004d0020d2
:020000040000fa
:0cb48400014b18687047c046084d0020be
:020000040000fa
:0cb4900003684068c01a434258417047ee
:020000040000fa
:0cb49c00014b00221a707047584d002030
:020000040000fa
:0cb4a800014b00221a707047544d002028
:020000040000fa
:0cb4b400014b00221a7070474c4d002024
:020000040000fa
:0cb4c00010b5fef7b7fefff7d7fd10bd7a
:020000040000fa
:0cb4cc0010b500230022f8f77ffd10bd32
:020000040000fa
:0cb4d800014b98687047c04600600041be
:020000040000fa
:0cb4e40010b50400fff702fe200010bdb0
:020000040000fa
:0ab4f000eff30580431e98417047fa
:020000040000fa
:08b4fa0010b5fbf7e0ff10bde7
:020000040000fa
:08b5020010b5fcf7f7fe10bdc7
:020000040000fa
:08b50a00bff35f8f62b67047ca
:020000040000fa
:08b5140000487047006cdc02e6
:020000040000fa
:08b51c0010b5fff79ffa10bd06
:020000040000fa
:08b52400431e984140427047ac
:020000040000fa
:08b52c0010b5fff7ecff10bda4
:020000040000fa
:08b5340010b5fff7f8fd10bd92
:020000040000fa
:08b53c0010b5fff7ddfc10bda6
:020000040000fa
:08b5440010b5fdf7edf910bd93
:020000040000fa
:08b54c0010b5fef7a3fffce7b8
:020000040000fa
:08b5540010b5f7f7d9fafce786
:020000040000fa
:08b55c0010b5f9f7a7fcfce7ac
:020000040000fa
:08b5640010b5fdf737fefce70e
:020000040000fa
:08b56c0010b5f6f741f8fce709
:020000040000fa
:08b57400eff3108072b670477e
:020000040000fa
:08b57c0010b5fcf7bafe10bd8a
:020000040000fa
:08b58400806b434258417047ff
:020000040000fa
:08b58c0010b5fff7d1fb10bd63
:020000040000fa
:08b5940010b5fdf71bf810bd16
:020000040000fa
:08b59c0010b5fff706fb10bd1e
:020000040000fa
:08b5a40010b5fff7f6fd10bd24
:020000040000fa
:08b5ac0080790007000f7047d1
:020000040000fa
:08b5b40010b5fff7d9fe10bd30
:020000040000fa
:08b5bc0010b5fff7dcfe10bd25
:020000040000fa
:06b5c40001204042704727
:020000040000fa
:06b5ca0001204042704721
:020000040000fa
:06b5d00080f310887047b3
:020000040000fa
:06b5d60000230361704731
:020000040000fa
:04b5dc00006970474b
:020000040000fa
:04b5e00081617047ce
:020000040000fa
:04b5e400416170470a
:020000040000fa
:04b5e800c161704786
:020000040000fa
:04b5ec0081607047c3
:020000040000fa
:04b5f000012070477f
:020000040000fa
:04b5f4008cac00001b
:020000040000fa
:04b5f80072b6fee742
:020000040000fa
:04b5fc0072b6fee73e
:020000040000fa
:04b60000806b7047a4
:020000040000fa
:04b60400006c70471f
:020000040000fa
:04b60800c06b70475c
:020000040000fa
:04b60c000400000036
:020000040000fa
:04b610008069704796
:020000040000fa
:04b6140040687047d3
:020000040000fa
:04b61800006870470f
:020000040000fa
:04b61c00006a704709
:020000040000fa
:04b62000016270470c
:020000040000fa
:04b62400888ee8ee36
:020000040000fa
:04b628000020704747
:020000040000fa
:04b62c000020704743
:020000040000fa
:04b63000002070473f
:020000040000fa
:04b63400002070473b
:020000040000fa
:04b638007047c04651
:020000040000fa
:0200000400807a
:04400000770800003d
:020000040000fa
:0200000400807a
:044004000000ffffba
:00000001FF
