S01D00004754726F6E5F417869735F436F6E74726F6C6C65722E73726563A6
S21400000038450020D95A0000D55A0000D55A0000BD
S21400001000000000000000000000000000000000DB
S214000020000000000000000000000000D55A00009C
S2140000300000000000000000D55A0000ADA200003D
S214000040D55A0000D55A0000D55A00003580000069
S214000050D55A0000D55A0000D55A0000057E00008B
S214000060D55A0000D55A00004D850000D55A00002C
S214000070D55A0000D55A000061850000D55A000008
S2140000801D7A0000D55A0000D55A0000D55A000047
S214000090D55A0000598C00006D8C0000D55A00001F
S2140000A0818C0000D55A0000D55A0000D55A0000B1
S2140000B0D55A0000D55A0000D55A000010B5064C97
S2140000C02378002B07D1054B002B02D0044800E014
S2140000D000BF0123237010BD500200200000000066
S2140000E058430100084B10B5002B03D007490848B9
S2140000F000E000BF07480368002B00D110BD064B88
S214000100002BFBD09847F9E70000000054020020BF
S21400011058430100584301000000000010B5024B90
S2140001209847024B984710BD2D63000055A200006B
S21400013070B504000E001D00FA2189005143090124
S2140001402B482C4B9847013800042B4B18402B4B60
S21400015018432660B36901221343B36123689A6982
S214000160D207FBD59A6902210A439A61244B9E4224
S2140001702BD02268936902218B439361226893698E
S21400018001398B43936123689B69DB07FBD420000E
S2140001901C4B98476B091F2215401E3AAA40DB01EC
S2140001A0C021C9055C18A2601004000C8021C90596
S2140001B001438220C005844663449962100CC02126
S2140001C0090601439962626170BD2368D8610E4BCF
S2140001D0802252027E315A50BFF34F8FBFF36F8F8B
S2140001E00131FF315A501A6023680122DA65C0E7F0
S2140001F0006CDC02897B00000000FF01030A000699
S214000200002000429D67000000E100E010B50A00F3
S2140002100121014B984710BD3568000010B50A0053
S2140002200021014B984710BD3568000010B584B01A
S214000230009100216C46217106A902912373002AC1
S2140002400BD1002363736946054B9847054B18602E
S214000250431E9841C0B204B010BD01236373F2E799
S214000260FD670000B40A002010B584B00C000292AE
S2140002706946084B9847009B23606B461B79002B0A
S21400028005D0012B01D0002002E0022000E0012072
S21400029004B010BDC567000010B582B00091019291
S2140002A0002B06D16B4600220021054CA04702B069
S2140002B010BD6B4601220021014CA047F7E7C0465F
S2140002C085680000F0B5420E0F231340174F3B70B1
S2140002D0430CDBB2164E3370430ADBB2154D2B705F
S2140002E0C0B2154C2070154A137915490B703B782F
S2140002F03078C018C0B22B781818C0B223781B18F4
S214000300DBB210781B18DBB250781B18DBB2907883
S2140003101B18DBB2D2789B18DBB20A4A1370087837
S2140003201378C01A43425841C0B2F0BD00070020FF
S214000330480B00208508002010080020E80A00204E
S21400034011080020350B002010B582B00A4C0B4B6C
S2140003501A68230004C30A4A03CA03C3094B984712
S2140003600300E0602268009007490220074CA0477F
S214000370074B984702B010BD640E0020C00A00204C
S214000380E80A0020010500003409010061110000A0
S214000390F51E000030B585B00400174B9847174B84
S2140003A01B78042B03D0052B13D005B030BD144AA0
S2140003B0137851789078D578127903920295019047
S2140003C0009122000F4902200F4CA0470F4B984780
S2140003D0EBE70B4A137851789078D5781279039228
S2140003E0029501900091220006490220064CA04783
S2140003F0064B9847D9E7C046C5020000840800208F
S214000400E80A0020600901006111000049030000AD
S21400041070B5A423104AD3585B0603D100220F4BB5
S2140004201A7070BD0E4D002200232A606B600D4CC2
S214000430002323600C4A13700C4A13700C4A137086
S2140004400C4A13702A0021000B480C4B9847296869
S21400045020680B4B9847E4E700200042380700204E
S214000460E80A0020C00A002000070020480B0020F1
S2140004708508002010080020B02000206902000037
S2140004809503000010B582B00100064B5C681B683F
S21400049000930194062301220348044CA047002041
S2140004A002B010BDA00A0020B02000202D020000DF
S2140004B010B5074C217062701A0EA2701A14E27002
S2140004C01A1222716371034B1968034B984710BDCB
S2140004D0A00A0020A80A002085040000704700003B
S2140004E010B5044C0022044BA0470022034BA04743
S2140004F010BDC04639FA000000004E400000F03E35
S214000500054B98780006DA78120410431A7912021E
S21400051010435B7918437047E80A0020044B012219
S2140005209A70E42149005A5801325A507047C04622
S21400053090080020034B1A68516F40230B43536703
S2140005407047C04604000020024A13780133DBB22D
S21400055013707047380700207047000010B5041E5F
S2140005600CD007290FD801700023C3702378DBB2A4
S214000570072B0FD89B003E4AD3589F463D49002084
S2140005803D4B98475AE03D4900203B4B9847EDE7E6
S214000590002363702378DBB2062B08D89B00384A0A
S2140005A0D3589F4601236370F4E70223A370002309
S2140005B0237163710120A0710221E171A360E360E1
S2140005C023616361A361E36123626362A362E36202
S2140005D0236323876363626F130083436367626FDB
S2140005E013008B436367626F04239A436267626FEC
S2140005F008239A436267626F10239A436267626FAA
S21400060020239A436267626F40239A436267626F51
S21400061080239A436267626F80235B00134363679D
S214000620636F1B041A0C62672378012B19D023789A
S214000630062B16D0626F134B1340636710BD012361
S214000640A370B4E70323A370B1E70623A370AEE755
S2140006500723A370ABE70D23A370A8E70E23A370B0
S214000660A5E7626F80239B0113436367E6E7C046F6
S2140006708C090100C809010061110000EC090100A5
S214000680AC090100FFDFFFFF70B5084901248C604C
S214000690074BCB600C740748074DA84707498C608A
S2140006A0074BCB600C740748A84770BD7C0B002036
S2140006B01D0500004C210020216D0000540B002079
S2140006C035050000E020002010B5074B1B68002B06
S2140006D008D00120A9220549054B98470248054B3A
S2140006E0984710BD0020F5E7DC200020200A010016
S2140006F035720000058E0000F0B5D64600B582B013
S2140007008246019100271AE0C024E4058026B60040
S214000710E6616B469B8800931800114DA847E6617A
S2140007208026F601E6610098A847E6618026360234
S214000730E6610098A847E6610A4B98470137574597
S214000740E2D3C023DB05802292009A618022120247
S2140007509A618022D2019A6102B004BC9246F0BD32
S214000760D9680000C906000070B50B4C4923FA2270
S21400077052000A4920000A4DA8470A4920000A4BA1
S21400078098470A4920000A4B984701230022002177
S2140007902000084CA04770BDB0200020002000427A
S2140007A031010000DD0400000D02000049050000D4
S2140007B01D0200009902000010B50B4C0B492000EA
S2140007C00B4B984720000B4B98470B4C0B4A0021CD
S2140007D020000B4B98470B4920000B4B98472000F6
S2140007E00A4B984710BDC046A420002014080020DD
S2140007F005720000D9710000FC2000205905000099
S214000800357000003C07002005700000D96F00001E
S214000810F8B5CE46474680B5002401235B4299468C
S21400082000239846002602E09846F6180134312C3C
S2140008300DDC0F4D02232A0000210E480E4FB8474C
S2140008402B889845F0D39945EFD99946EDE73221A4
S21400085030000A4B984702004B4641460848094C70
S214000860A0470422084B1A700CBC90469946F8BD67
S214000870FC070020D820002059660000897B000075
S2140008803C0A0100CDB9000084080020F8B500221B
S2140008901A210020264CA047802149009423C0221C
S2140008A0D205D1500022FD390020A047214B9847A1
S2140008B005000024002600270CE0022100201E4B25
S2140008C0984703041B0CFF18030CF61845401F231B
S2140008D0DD410134194B9C42EFD92800784035029F
S2140008E06840174B9847174DFA2189003800A847EB
S2140008F00400FA2189003000A84705000200210004
S2140009001148124B98472204120C8223DB031A4329
S2140009102D042D0C1D4309210020054CA0472A005C
S21400092008210020A04707221A210020A047F8BD72
S21400093075A30000BDA20000C9A20000E7030000E6
S214000940D5BA0000897B00006C0A0100CDB9000012
S214000950F8B5CE46474680B54C4E4D4D326813210D
S21400096028684C4CA047431E98414B4B1870326881
S21400097016212868A047431E9841484B18703268D5
S21400098011212868A047464FB865326819212868A3
S214000990A047431E984160239846F85432681A21AF
S2140009A02868A0473F4B99461863326828681B2181
S2140009B0A0474B46D86201234246BB543A4B1B78AD
S2140009C0042B03D00CBC90469946F8BD344C374BEC
S2140009D023602E4F2E4E3A680A2130682D4DA847C8
S2140009E06060334BA3603A6801213068A8472061F5
S2140009F03A6802213068A847E0603A680321306808
S214000A00A847A0613A6804213068A84760613A6840
S214000A1005213068A84720623A6806213068A84752
S214000A20E0613A6807213068A847A06264236362E1
S214000A303A680B213068A847E0620A211D4B9847A8
S214000A4020633A680C213068A84760633A680D2135
S214000A503068A847A063184B9847184B9846184923
S214000A609847184B99469847206461643A683068FE
S214000A700E21A847A064144B98471149C047104957
S214000A80C047C847206561659CE7C0462000002037
S214000A901C0000203D5A000012080020020800201A
S214000AA018080020F40A002084080020DC05000056
S214000AB0C4090000537B000025EB0000CDE40000D5
S214000AC06F12833A0107010085EA000070B5154BE6
S214000AD09847154B98470A20144CA047002201213E
S214000AE00020134B98470120A04700210020114CFE
S214000AF0A047050000210020A04706000E4BC418A2
S214000B0063425C41E4B22A0029000C480C4B98472B
S214000B100C4B9E4201D0200070BD0B480B4B9847F3
S214000B20F9E7C0467585000031860000D9680000E8
S214000B3075A30000C9A20000CFC8C9CB900A010067
S214000B40CDB9000031373634AC0A0100C1BA000016
S214000B5010B50A4B98470A4B98470A20094B984706
S214000B60094B9847002801D1012010BD07490020F5
S214000B70074B9847074B98470020F6E74986000042
S214000B8005870000D968000051570000D40A01000C
S214000B9061110000252A000070B50120064EB047FE
S214000BA0C024E4058025AD009423E5500120B0471D
S214000BB09823E55070BDC046D9680000F0B583B0F4
S214000BC000243E4B1C703E4B64221A60C83A5A60A2
S214000BD0FA2212019A6001223A4B1A703A4B1C70A4
S214000BE03A4B1C6000200021394B18605960394B85
S214000BF018605960384B1C60384B1A70384B1C70A4
S214000C00384B1C703849394B1960394B9C70DC7076
S214000C101C715C719C71DC711C725C729A72DC7265
S214000C20344A14701C615C619C61DC611C625C620D
S214000C309C62DC621C63304B1C60EC235B002F4A1A
S214000C40D4502F4D002600272E606F60AC60EC60FD
S214000C502C61493BFF3BEC502800143078220021E1
S214000C60284B9847284B1C60A023EC540233EC54C6
S214000C70264B5C60264B1E605F60264B1C6001A8FE
S214000C80254B9847C023DB05802252009C58203213
S214000C908221C9058A58882149005B5853401C4068
S214000CA0544001A81D4B9847E30305D40122524245
S214000CB01B4B9A6103B0F0BD0122F9E7380700200C
S214000CC0040800209C0A0020B10A002034070020F7
S214000CD0800A002020070020780A0020FF07002056
S214000CE0880A002001080020A08601008008002055
S214000CF0F40A0020940A00204C0B002090080020E4
S214000D0040070020DBB000008C0A00202C0B0020DF
S214000D10A00A0020C00A002009670000176700002C
S214000D20C40A0020F0B5CE46474680B583B0994B3E
S214000D309847994C012201212000984B98472000A3
S214000D40974B9847974B9847C023DB05802149006F
S214000D50942299508022D2019A61802292009A6150
S214000D60802212029A618021490398229950903A73
S214000D709A618D4B98478D4B98478D4B984700212D
S214000D808C488D4B98478D4B98478D4B98478D4B8D
S214000D9098478D4B9847002864D00822C023DB056F
S214000DA09A618A4B9847002860D1C026F605082528
S214000DB0B56101A8864B994698478023F45882234C
S214000DC0DB059846A0234246D258103BF3585340C2
S214000DD01C40544001A87F4FB84780235B031C404B
S214000DE0631E9C41E4B26846C847326843461B6AA5
S214000DF036695E4016405E406846B84735406B1E12
S214000E009D41EBB2220074490220744CA047744BFB
S214000E101A68744B18681021734B9847FF220240DB
S214000E2072490320A047724B98470020714B9847A1
S214000E300020714B98470020704B9847704B98479E
S214000E40704B1B78012B51D0002B14D0022B00D1F5
S214000E5096E06D4B98474F4B984703B00CBC9046B6
S214000E609946F0BD69495D4B984796E7684900206A
S214000E705A4B984799E7674C01212068664B98477C
S214000E80664B22681A60664A12685A60654A12689B
S214000E909A60654B9847C30722D4644903204F4B9A
S214000EA09847FA25AD005E4F3B6858782A0019002F
S214000EB05F4CA0475B4E336858782A001900A0475D
S214000EC001205C4B9847396848780022A047316873
S214000ED048780022A04758490220404B9847B8E778
S214000EE0564903203D4B9847554DDCE7554D0221AA
S214000EF02868494EB04700272B685F702968002095
S214000F00514B98469847514C03212068B04701261C
S214000F1023685E7021680120C047404B1F602A6826
S214000F205A6022689A60404B9847064222D13F4951
S214000F3003202A4B9847FA25AD00394F3B6858786E
S214000F402A0019003A4CA047364E336858782A00D3
S214000F501900A0476420374B984739684878002224
S214000F60A047316848780022A047394902201B4B29
S214000F7098476EE731490320184B9847304DDCE719
S214000F80264B00221A605A609A6032490220134BA0
S214000F9098475EE7C906000088200020796B0000AD
S214000FA03D6B0000990B0000B9070000958C00000F
S214000FB07D8D0000D82000202D660000110800005E
S214000FC08906000059430000CD0A0000510B0000BE
S214000FD00967000017670000480B01006111000058
S214000FE0200000201C0000203D5A00006C0B010071
S214000FF051090000F5380000BD3700001537000025
S2140010008D080000FE070020712A0000F00A01008B
S2140010101C0B0100040000205D0500007404002085
S214001020080000201400002031BB0000800B0100E7
S21400103001A60000D9680000900B0100880B010093
S21400104018FCFFFF0C000020F1AB00001000002091
S214001050F80B0100500C010070B504008021490017
S2140010609823C022D205D1500020204B9847204D0F
S214001070A847A0B21F4B98471F4B00221A605A6021
S2140010809A60A8471D4B198800201D4B98470322DD
S214001090522100201B4CA047032100201A4B9847E2
S2140010A000201A4B984701000020194B9847002251
S2140010B063210020A04700210020164B9847164BBE
S2140010C01B78042B00D070BD26210020134DA847A6
S2140010D0020013490220134CA04725210020A847F0
S2140010E0020011490220A047EDE7C04641900000EB
S2140010F0C93B0000D968000004080020180800203A
S214001100413A000075A3000051A5000041A500006B
S214001110C5A40000A5A4000084080020C9A2000001
S214001120BC0C010061110000EC0C01000122014B17
S2140011301A7070470000002010B5044B00221A7089
S21400114003325A70024B984710BDC0466C0200200E
S2140011502D1100000122014B1A707047000000207C
S2140011600EB430B582B0134B5B78834204D202B023
S21400117030BC08BC03B0184780000F4BC3580F4A5A
S214001180802189000B4804300D4CA047011E0FDB60
S21400119006AB0193074C0434601880229200511A63
S2140011A0059A084DA84721000448074B9847DEE7F4
S2140011B00021EDE76C020020C40F0100D40F0100EF
S2140011C015BD0000DDBD0000CDB9000010B5064B12
S2140011D03F22995CC9B20020985440301C5C6408D9
S2140011E03F382040995410BD0060004110B5014BB7
S2140011F0984710BD5511000010B5014B984710BD1B
S2140012005511000010B50C00002811D0002901D19E
S214001210002010BD01000020064B9847210000204A
S214001220054B984700210020044B98470120F0E723
S2140012300020EEE7517D0000617D0000B57D0000D6
S21400124010B5174B00213F22995440315A5C0220BA
S21400125082435A544023124AD35C9B07FAD4114A5D
S2140012600F4B5A648022D2000F4B1A800F49002081
S2140012700F4B98470122002100200E4CA047012268
S21400128001210020A0470C4C002120000B4B984762
S21400129023680B4A1A6023680A4A5A6010BDC04683
S2140012A00060004100348000B02100202804004384
S2140012B0417D0000FD7C000070040020F17D0000F0
S2140012C0F9110000ED11000000487047F80F01000A
S2140012D070B50C4C23681861196900200A4B9847B2
S2140012E025680020094B9847A86123689969002063
S2140012F0074B984723681A6906490320064B984708
S21400130070BDC04604000020A5A4000041A5000052
S214001310C5A40000881201006111000070B5094CD8
S2140013202568A8620020084B9847A8612368996939
S2140013300020064B984723689A6A05490320054B08
S214001340984770BD0400002041A50000C5A4000019
S214001350A81201006111000010B50200094B1868C0
S2140013601300591E8B41416F1B03074C21400B4352
S2140013704367436FDB04DB0F04490320044CA0479C
S21400138010BDC04604000020FFEFFFFFE012010082
S2140013906111000010B58160826802490320024B8B
S2140013A0984710BD141301006111000070B5051EAA
S2140013B00ED02D4908202D4B9847041E0ED16B7871
S2140013C0002B2AD1284B1B78DB060DD4200070BDDD
S2140013D027490020274B98470024F7E72649002096
S2140013E0244B98470024F1E724490320214B9847D3
S2140013F02B78022B0BD02B78042B08D02B78052BC0
S21400140005D01F4900201B4B98470124DEE71D49E5
S2140014100020184B98470124D8E76B78012B06D09C
S2140014206A78D2B218490020124B9847CEE70E4B86
S2140014301B785B06CAD5154903200E4B98472B78B8
S214001440032B0BD02B78072B08D02B78052B05D039
S2140014500B490020074B98470124B7E709490020AD
S214001460044B98470124B1E788080020D1290000E2
S21400147044130100611100007C130100B013010049
S214001480F4130100C81301003814010020140100F1
S21400149010B582B004006B46D91D00230B700920DE
S2140014A0404B9847404B1B78042B0FD0052B12D08F
S2140014B06378002B24D13D4B1B78DB0625D5A2781C
S2140014C03B4B1A700E225A7002230DE08522520002
S2140014D0384B1A60ECE70C22FF32364B1A60E7E70F
S2140014E00021334AD1540133072BF9DD304B1968FC
S2140014F0304B1868304B984730490320304B98479C
S2140015006378012B19D002B010BDA278284B1A7050
S2140015100F225A70022303E00021254AD1540133DA
S214001520072BF9DD224B1968224B1868224B984787
S21400153024490320224B9847E2E71C4B1B785B06A6
S21400154017D5A2781A4B1A700E225A70022303E09F
S2140015500021174AD1540133072BF9DD144B1968C3
S214001560144B1868144B984714490320144B98479B
S214001570C9E7A2780E4B1A700F225A70022303E0B6
S21400158000210B4AD1540133072BF9DD084B1968AB
S214001590084B1868084B98470A490320084B984799
S2140015A0B1E7C046D1290000840800208808002042
S2140015B0A00A0020C00A002085040000681401006C
S2140015C0611100008414010070B505000020094B6D
S2140015D0984702000404240C230007490320074E02
S2140015E0B047A978C9B22300122285204000044CD7
S2140015F0A04770BD41A50000A414010061110000C1
S214001600B104000010B5344B1B685A6F120519D48C
S214001610596F10220A435A67596F304A0A405A6770
S2140016205A6F920602D55B6FDB0632D42A4B1B68D4
S2140016304C229A5C012A42D01A6929490320294B78
S214001640984710BD596F284A0A405A670221002061
S214001650264B9847204B1A68516F10230B4353674D
S214001660536F9B0602D5536FDB060AD41A4B1A68D3
S214001670516F1A4B0B4053671D490320194B98476F
S214001680DFE71C481C4B98471C490320154B98471E
S214001690ECE71848184B984702210020134B984750
S2140016A00D4C236819690020154B98472368186964
S2140016B0144B9847114903200A4B9847B6E7012177
S2140016C06E3299540021053A995204329954596F52
S2140016D0054A0A405A67AFE704000020FFF7FFFFFD
S2140016E04415010061110000FFFDFFFF51A5000039
S2140016F02C150100E0200020A96C0000E814010071
S214001700B5A40000D112000070B504000D0001223F
S2140017102A4B1A7000202A4B9847001BC317C01884
S2140017205840284B984224DD002D17D0264B1B68C6
S2140017301E692000254B984701223100244B98470C
S214001740214B1B684C229A5C022A24D0002D2ED1F5
S214001750220020490220204B984770BD1A4B1B6878
S2140017601E692000194B984700223100184B9847F5
S214001770E6E7154B1B6819690020184B9847002DA3
S21400178004D021000020164B9847D9E721000020FE
S214001790144B9847D4E7596F134A0A405A670121F9
S2140017A070229954114903200B4B9847CEE722002C
S2140017B00F490220084B9847CFE7C046B00A0020E2
S2140017C041A50000DC0500000400002085EA0000BA
S2140017D08D430000B015010061110000A5A40000B3
S2140017E0C5A40000D5A40000FFFDFFFF7015010092
S2140017F09415010010B5074C23685862586A0121F9
S214001800054B984723685A6A04490320044B9847B7
S21400181010BDC0460400002009170000CC150100CA
S2140018206111000010B500210020154B98470021DB
S2140018300020144B9847144B1B68596F082291439D
S2140018405967596F102291435967596F2022914367
S214001850596701220D4B1A710D4B984760230D4AAC
S214001860D35C002B04D10C4902200C4B984710BDCA
S2140018700022064B1A735120094B9847F3E7C046DF
S21400188031A50000C5A4000004000020F40A0020D2
S214001890093C000018080020F8150100611100003E
S2140018A05D6A000070B500210020234B9847002198
S2140018B00020224B984700210020214B9847002407
S2140018C0204B1C70204B1C70204B1C70204D2B682E
S2140018D0596F102291435967596F20220A435A675D
S2140018E070229C54596F1B4A0A405A676E229C54B9
S2140018F0012101329954053A9C52596F164A0A4002
S2140019005A6700200021154B186059601448154B83
S2140019109847154B1C60154B1C602C680020144B18
S2140019209847A0612B6899690020124B9847124986
S2140019300220124B984770BDA5A40000B5A4000075
S21400194051A50000FF070020880A0020B00A0020EA
S21400195004000020FFF7FFFFFFFBFFFFF00700205B
S214001960E0200020E56C000030070020F00A002090
S21400197041A50000C5A40000141601006111000076
S214001980F8B5224D2C680020214B9847A061002115
S2140019900020204FB847002100201F4B9847002109
S2140019A000201E4EB04700241D4B1C701D4B1C70A3
S2140019B01D4B1C702B68596F102291435967596F45
S2140019C020220A435A6700200021184B18605960ED
S2140019D01748184B9847184B1C60184B1C602B6810
S2140019E099690020164B984702210020B84703212A
S2140019F00020B0472A68516F80231B010B435367B2
S214001A0010490220104B9847F8BDC046040000203D
S214001A1041A50000A5A40000B5A4000051A5000043
S214001A20FF070020880A0020B00A0020F0070020E8
S214001A30E0200020E56C000030070020F00A0020BF
S214001A40C5A40000281601006111000000280BD074
S214001A500378DBB2022B03D3052B03D9072B01D067
S214001A60002070470120FCE70020FAE770B582B03E
S214001A7004000D00160000284AD0036B8361554B06
S214001A809847002800D06D422000524B9847002807
S214001A9040D1626F082313436367236BA361FA2365
S214001AA01B01A36001224C4B1A70002E00D065610A
S214001AB0A3699D4255DD002E02D1A369EB18636130
S214001AC06078A2682100454B9847A269A3680093F6
S214001AD02B0043490320434DA8470123E370626966
S214001AE0A3699A4214D06069A369C01AC317C018C4
S214001AF05840A1683C4B9847FA239B0058436064C3
S214001B00626C3A490320374B9847394B9847A06494
S214001B1002B070BD2000374B98470028B9D0A369A3
S214001B209D4205DD2279D2B2A379DBB29A4210D06B
S214001B30A3699D42ADDA2279D2B2E379DBB29A424A
S214001B40A7D12D490320274CA0472C490320A047A6
S214001B50DEE729490320234CA04729490320A04754
S214001B60D6E7A3699D422FDA002E02D1A3695B1B3C
S214001B7063616078A26852422100184B9847A269B8
S214001B80A3685B4200932B0015490320154DA84718
S214001B900123E3706269A3699A42B9D06069A369B8
S214001BA0C01AC317C0185840A1680F4B9847FA23AD
S214001BB09B0058436064626C0C490320094B9847AD
S214001BC00B4B9847A064A3E70E490320054B9847A4
S214001BD09EE7C0464D1A0000E40A002001A6000059
S214001BE00417010061110000537B00004C17010030
S214001BF0BDA20000AD1300003C160100D416010083
S214001C00A41601006C17010030B583B004006B46C3
S214001C10DD1D00232B7029000820154B98472B78D4
S214001C20DB0613D46078FA2212012100114B984784
S214001C30626F02231343636701230F4A1370E37036
S214001C400E4903200E4B984703B030BD0D490320C4
S214001C500B4B9847852040000B4B18600B4B04221B
S214001C601A700A325A701968094B9847ECE7C04652
S214001C70D129000001A60000E40A0020E0170100B8
S214001C8061110000A8170100C00A0020A00A002069
S214001C908504000010B582B004006B46D91D0023F1
S214001CA00B700820164B98476378002B04D16B46C0
S214001CB007331B789B0612D46078124A2100124B19
S214001CC09847626F04231343636701230F4A137018
S214001CD0E3700F4903200F4B984702B010BD0E4922
S214001CE003200C4B9847852040000C4B18600C4B8B
S214001CF005221A7009325A7019680A4B9847ECE7A1
S214001D00D129000060F0FFFF01A60000E40A0020D1
S214001D103C1801006111000004180100C00A0020F0
S214001D20A00A00208504000070B5041E22D0427868
S214001D30D2B23C4903203C4B984720003B4B984787
S214001D40002834D020003A4B984705000200394955
S214001D500320354B9847002D11D037490320324BCE
S214001D609847A178C9B20023112285204000334C41
S214001D70A04738E0324900202B4B984733E0626F8B
S214001D808023DB0113436367626F02231343636799
S214001D9001252C4B1D702C490320234B9847607857
S214001DA0FA2212012100294B9847E5701BE020001B
S214001DB01F4B9847002817D1626F8023DB0113431F
S214001DC06367626F02231343636701221D4B1A7019
S214001DD0626F04239A436267626F1D4B134063670A
S214001DE020001C4B984770BD1B4903200E4B98479C
S214001DF0626F8023DB01134363670122114B1A7065
S214001E00626F042313436367626F02239A43626719
S214001E10626F80231B021343636720000F4B9847B3
S214001E20E1E7C04698180100611100004D1A000055
S214001E30AD130000C4180100E4180100B10400004E
S214001E4064180100E40A00203019010001A6000011
S214001E50FF7FFFFF091C000070190100951C0000A1
S214001E6010B504004078002222210D4B984700232D
S214001E700C4A1370E370626F01339A436267626FB5
S214001E8008239A436267626F02239A436267626F0F
S214001E9004239A43626704490320044B984710BD05
S214001EA0E1AB0000E40A0020AC190100611100005B
S214001EB0F8B50400056B0B4B9847276BA178C9B2A1
S214001EC02B00122285204000074EB0476378002B77
S214001ED000D0F8BD3B002A0004490320044CA0476C
S214001EE0F7E7C04665A60000B1040000C01901006F
S214001EF06111000070B5C64B1A680A23FF339A4278
S214001F0069D017D90E23FF339A4200D1ABE023D90C
S214001F1087235B009A4200D1E1E0F2339A4200D078
S214001F2012E1BC4B1B78012B41D0BB490320BB4BB5
S214001F30984757E00823FF339A4200D1FCE03ED88A
S214001F40013B9A4200D0FFE00022B54B1A70B5491B
S214001F500320B24B984745E0013B9A4200D0F3E09D
S214001F60AC4B1B78002B3DD10022AD4B1A70AE490E
S214001F700320AA4B9847AD4B1B685A6FD20631D543
S214001F80A34A1279002A4ED0012A67D1596F1F3210
S214001F900A435A675A6F9206D20F5B6FDB06DB0F57
S214001FA013422CD1A24903209C4B98471AE00022EA
S214001FB09B4B1A709F490320984B984712E0954B0D
S214001FC01B78002B0ED10022954B1A709A490320DD
S214001FD0924B984706E00122914B1A7097490320CE
S214001FE08E4B98478E4B1B78002B04D1944A127860
S214001FF0042A00D1B2E0012B00D1AAE070BD002374
S214002000904A1360904A13609048914B9847874CCB
S2140020102368196900208F4B9847236819690020A8
S2140020208D4B9847BEE7596F20220A435A675A6F6E
S214002030920602D55B6FDB0607D40023814A136045
S214002040814A13608148854B984700210020824BC7
S214002050984783490320714B9847C3E7814903207B
S2140020606E4B9847BEE701226D4B1A707E490320DF
S2140020706A4B98476D4B1B685A6FD206B2D5644AB6
S2140020801279002A16D0012A24D1596F1F320A432A
S2140020905A675A6F9206D20F5B6FDB06DB0F13424E
S2140020A004D1634903205D4B98479BE76748684B1C
S2140020B09847F6E7596F20220A435A676348674BEA
S2140020C0984700210020644B984765490320534BEE
S2140020D0984787E763490320504B984782E7584B59
S2140020E01B78042B16D0052B00D07BE75F4B1B78A4
S2140020F0032B00D076E71020FF305D4B18605D4B59
S21400210003221A7019685C4B98475C490320434BBE
S214002110984767E7554A1278012AE4D11020FF3025
S214002120534B1860534B1A701968534B98475449D1
S21400213003203A4B984755E70122394B1A7051490C
S2140021400320364B98474DE74F490320334B9847BB
S21400215048E73B4B1B78052B00D04FE72C4B1B79F1
S214002160102B00D94AE79B00484AD3589F46284B75
S2140021705B791A2B3DD89B00454AD3589F46454B62
S21400218098470222264B1A7038E7434B9847F8E7E1
S2140021901F4BD868414B9847F3E700218020400248
S2140021A03F4B9847EDE71A4BD86801213C4B9847C0
S2140021B0E7E7174BD8680021394B9847E1E7144BFF
S2140021C0D868384B9847DCE7114BD868364B9847A9
S2140021D0D7E7364B9847D4E7144B1868344B9847E4
S2140021E0CFE7344B9847CCE7094BD868324B984733
S2140021F0C7E732490320094B9847C2E7044B5B798F
S214002200122B00D99EE09B002D4AD3589F46C0460D
S214002210640E0020FE0700201C1A01006111000059
S214002220600E00204C1C0100A81A010004000020CB
S214002230D81A0100EC190100481A0100841A01009E
S2140022408408002030070020F00A0020E02000204C
S214002250A96C0000A5A40000B5A40000E56C000071
S214002260201B0100641B0100881B0100E80A0020F7
S214002270C00A0020A00A002085040000041C0100FB
S214002280BC1B0100741C01009C1C01000010010016
S2140022904410010005160000A5180000D112000029
S2140022A0091700001D130000F51700002518000090
S2140022B0C91500008119000059130000AC1C01006C
S2140022C0B0100100D64B5868D64B98470222D64B22
S2140022D01A7093E6D54BD968D14B5868D44B9847BB
S2140022E0F4E7D24BD968CE4B58680122D14B9847B9
S2140022F0ECE7CE4BD968CA4B58680122CD4B9847BD
S214002300E4E7CA4BD968C64B58680022C94B9847C1
S214002310DCE7C34B5868C84B9847D7E7C04B5868AC
S214002320C64B9847D2E7BE4B5868C54B9847CDE793
S214002330BB4B5868C34B9847C8E7B94B5868C24B65
S2140023409847C3E7C1490320C14B9847BEE7B74B40
S2140023505B79122B39D89B00BE4AD3589F46B04BA8
S2140023609868B04B98470222AF4B1A7046E6AF4BC0
S214002370D968AB4B9868AE4B9847F4E7AB4BD96837
S214002380A74B98680122AB4B9847ECE7A74BD96858
S214002390A34B98680122A74B9847E4E7A34BD9685C
S2140023A09F4B98680022A34B9847DCE79C4B9868A5
S2140023B0A34B9847D7E79A4B9868A24B9847D2E723
S2140023C0974B9868A04B9847CDE7A3490320A04BAE
S2140023D09847C8E7954B5B79032B03D3042B05D9A5
S2140023E0102B03D09D490320994B984702228E4B11
S2140023F01A7003E68D4B5B79032B03D3042B05D9A8
S214002400102B03D096490320914B98470222864B07
S2140024101A70F3E5854B5B79122B39D89B00914AED
S214002420D3589F467E4BD8687E4B984702227E4BF9
S2140024301A70E3E57D4BD968794BD8687C4B984792
S214002440F4E77A4BD968764BD8680122794B9847DF
S214002450ECE7764BD968724BD8680122754B9847E3
S214002460E4E7724BD9686E4BD8680022714B9847E8
S214002470DCE76B4BD868724B9847D7E7684BD86851
S214002480704B9847D2E7664BD8686F4B9847CDE7B6
S214002490754903206E4B9847C8E7644B5B79122B4F
S2140024A039D89B00714AD3589F465D4B18695D4BDF
S2140024B0984702225C4B1A70A0E55C4BD968584BD3
S2140024C018695B4B9847F4E7584BD968544B186922
S2140024D00122584B9847ECE7544BD968504B186983
S2140024E00122544B9847E4E7504BD9684C4B186987
S2140024F00022504B9847DCE7494B1869504B9847E9
S214002500D7E7474B18694F4B9847D2E7444B1869B3
S2140025104D4B9847CDE7564903204D4B9847C8E7A3
S214002520424B5B79122B39D89B00524AD3589F46B0
S2140025303B4B58693B4B984702223B4B1A705DE574
S2140025403A4BD968364B5869394B9847F4E7374BBE
S214002550D968334B58690122364B9847ECE7334B22
S214002560D9682F4B58690122324B9847E4E72F4B26
S214002570D9682B4B586900222E4B9847DCE7284B2E
S21400258058692F4B9847D7E7254B58692D4B9847E6
S214002590D2E7234B58692C4B9847CDE736490320A2
S2140025A02B4B9847C8E702221F4B1A7026E51F4B95
S2140025B05B79033BDAB2162A00D930E193002F4A42
S2140025C0D3589F46164B1B6801224C215A54233180
S2140025D05A5400216932995204329954596F284A44
S2140025E00A405A67596F8022D2000A435A67254923
S2140025F00220174B984702220B4B1A70FEE4084B3A
S2140026001B6800224C215A5422315A54596F1E4AD4
S2140026100A405A671D4902200D4B9847EBE7C04613
S21400262004000020611E0000600E0020640E0020E2
S214002630951300006D1A0000091C0000951C000090
S21400264091140000291D0000B11E0000D41C0100DA
S21400265061110000FC100100FC1C01002C1D010093
S214002660581D010048110100841D0100941101004D
S214002670B41D0100E0110100E01D01002C12010054
S214002680FFFDFFFF0C1E0100FFFBFFFF301E0100D9
S2140026908E4B1A688E4B99896823D152D25A92B2C1
S2140026A08C4902208C4B9847A5E7884C2268516FCE
S2140026B080231B010B435367884B984722680021F1
S2140026C04C23D15486490220834B984793E77F4B8F
S2140026D01B687F4AD268DA65596F824A0A405A6791
S2140026E0DA6D002A42D15A6FD20434D5DA6D7E49AB
S2140026F00220794B9847754D2C6801234C22A35431
S2140027002332A354626F1F331343636700226A2386
S214002710E2520433E254626F744B13406367626F95
S2140027208023DB00134363670020714B9847606586
S2140027302B685B6FDB0414D56E490220664B984706
S214002740624B1B6868229A5A92B2002A52D06822BC
S214002750995A89B24FE0DA6D674902205E4B984776
S214002760C9E7664902205C4B9847E9E75A6FD204EE
S2140027703AD5DA6D62490220574B9847534D2C687C
S21400278002224C23E254626F8023DB00134363670C
S21400279000226A23E252616F4A3B0B4363676E2353
S2140027A00021E154616F5E3B0B43636722660020A5
S2140027B04F4B984760652B685A6F9206C0D55B6F83
S2140027C0DB06BDD54F48504B9847022100204F4BA3
S2140027D098473E4B1B68196900204D4B98474D495A
S2140027E003203D4B9847ABE7DA6D4B4902203A4B46
S2140027F09847C3E70321682299529A5A92B24749EA
S2140028000320354B9847F6E6304B1B68304AD268B3
S2140028105A665A6E424902202F4B9847EBE64149CA
S21400282002202D4B9847E6E6294B5B79152B17D0EF
S2140028300AD91B2B1BD01C2B0DD1254BD968002287
S2140028400020394B984706E00C2B04D1204BD96862
S2140028500020364B98470222354B1A70FFF7CEFB06
S2140028601B4BD968012200202F4B9847F3E7184BE3
S214002870D96800202F4B9847EDE7154B5B79152B51
S21400288017D00AD91B2B1BD01C2B0DD1104BD96887
S21400289000220120244B984706E00C2B04D10C4B59
S2140028A0D9680120214B98470222214B1A70FFF766
S2140028B0A5FB074BD968012201201B4B9847F3E77D
S2140028C0034BD96801201B4B9847EDE70400002016
S2140028D0640E0020541E01006111000081190000E2
S2140028E0741E0100FFF7FFFF941E0100FFFDFFFFAF
S2140028F041A50000E41E0100BC1E0100181F0100D7
S2140029004C1F0100E0200020A96C000051A500002B
S214002910B5A40000D01F0100901F01001420010084
S214002920402001006C200100F92E0000B92E0000A6
S214002930600E00209932000010B50CE00278084BBB
S2140029409A62074B1B7E5B07FBD5054B9B6A0B7099
S214002950013101302200541EE4B2002AEED110BD2F
S214002960001000420122014B5A7070478808002070
S214002970F0B583B000900E000192C027FF05082432
S2140029807C610120064DA8476B461A7931000098F5
S214002990044B98470120A847BC61002003B0F0BD57
S2140029A0D96800003929000000B583B00B2802D989
S2140029B0012003B000BD01AB40221A705870997018
S2140029C03D3A69461800014B9847F2E77129000026
S2140029D0F0B585B00E000B281AD800291AD003AC23
S2140029E04123237060700023A37002AF03223900D6
S2140029F02000094B98470500B97831702278637833
S214002A00009106490320064CA047280005B0F0BDFB
S214002A100125FAE70125F8E7712900009420010056
S214002A206111000010B582B0F02100200C4CA047C8
S214002A3000210620A04702210520A047F021012002
S214002A40A047F0210220A0476B46D91D00230B703B
S214002A500820044B98470448044B984702B010BD22
S214002A60A9290000D1290000D8200100C1BA000021
S214002A7000221CE0C821C9005143124B5B181249C2
S214002A80581800210180114818180180C620C0007F
S214002A90181801600E4818180160C720C0001818E2
S214002AA001600C488446634419600132D2B2012AA0
S214002AB0E0D90023084A1360084A13601371537163
S214002AC07047C046EC1300202A0600002C060000C3
S214002AD0340600003C0600006C2000208004002025
S214002AE010B500230EE0C821C9005943124A5218F7
S214002AF012495118098889B21148844662441180E7
S214002B000133DBB2012BEED9002206E00D4BD000DC
S214002B100021C1501B1859600132AE2AF6D9002395
S214002B20094A1360094A1360137153710849022059
S214002B30084B984710BDC046EC1300202C0600003A
S214002B402A060000740E00206C200020800400205E
S214002B50E82001006111000010B5014B984710BD38
S214002B60E12A000070B504000D0000280DD01021E9
S214002B702B001B2288204000054EB0472B00220069
S214002B8004490220044CA04770BD0F21F0E7C04660
S214002B90B1040000702101006111000070B504004E
S214002BA00D0000280DD010212B0015228820400093
S214002BB0054EB0472B00220004490220044CA047D3
S214002BC070BD0F21F0E7C046B1040000A02101004F
S214002BD061110000F0B5C64600B586B080460023F9
S214002BE00593FDE0834DC826F6006643AE19824B7A
S214002BF09C4666443388C8277F006743DB19DA3370
S214002C009B00EB18596805987C4B984700207C4B36
S214002C109847338832883188C91989004959DB19A1
S214002C20DA339B00EB185B68411A0291D2199200C6
S214002C30525901920090220072490220724EB0470B
S214002C40C823DB0063436B4EF618704BF21813680C
S214002C5001331360684B9C46664430880130AF21D0
S214002C606B4B984789B23180C822D2006243614BD1
S214002C709B18614A9A18128892B266498C46634439
S214002C801B889BB29A4200D1A6E05A49C823DB00B3
S214002C906343CB18584A944663441B88C8225200A4
S214002CA062439B189B005B584246D31A00D593E0BC
S214002CB0C822D20062434F4B9A184F4BD3181B883A
S214002CC09B18AF229200944663441B78002B00D1D9
S214002CD088E7C822D2006243464B9A18464BD31860
S214002CE01B889B18AF229200944663441B78012BE6
S214002CF030D0494B98473F4DC826F6006643AE197C
S214002D003D4B9C4666443388C8277F006743DB19E3
S214002D10DA339B00EB1859680598404B984700201B
S214002D20374B9847338832883188C9198900495902
S214002D30DB19DA339B00EB185B68411A0291D21953
S214002D4092005259019200902200354902202E4EE0
S214002D50B04775E7274DC826F6006643AE19264BE2
S214002D609C4666443388C8277F006743DB19DA33FE
S214002D709B00EB1859680598204B98470A20294B6A
S214002D8098473388DB19DA339B00EB1859680598A7
S214002D90224B9847244B1A68516F80231B010B4324
S214002DA053670020164B9847338832883188C919F4
S214002DB089004959DB19DA339B00EB185B68411A26
S214002DC00291D2199200525901920090220017499E
S214002DD002200D4EB04733E7059D0135EBB2059353
S214002DE0059B012B01D8059C3EE706B004BC904627
S214002DF0F0BDC046EC1300202A060000652B00003C
S214002E0041A50000D0210100611100003406000039
S214002E10FD7B00002C060000811900009D2B0000A1
S214002E2088220100D9680000040000202822010042
S214002E3010B5022827D00ED9032819D0042816D199
S214002E4016490020164B9847002304220F211548E8
S214002E50154CA0470BE0012809D114490020104B5F
S214002E609847002306220F210E480F4CA04710BD9E
S214002E700F4900200A4B9847002303220F210948D8
S214002E80094CA047F3E70B490020054B9847002361
S214002E9005220F210348044CA047E8E72023010041
S214002EA06111000002040000B1040000E0220100ED
S214002EB0F82201004823010010B5012803D901209B
S214002EC0094B984710BDC823DB004343074AD21876
S214002ED0C623DB009C46624411600B0002000449D6
S214002EE00220044CA047EDE7312E0000EC13002032
S214002EF0682301006111000010B5002909D00128DF
S214002F000AD90120104B984710490020104B9847CB
S214002F1010BD104B9847FBE70F4B19601871012145
S214002F205971C821C90041430C484018C521C90041
S214002F308C46604402701A681B79DBB2084902208E
S214002F40034CA047E4E7C046312E0000A82301004A
S214002F5061110000592B000080040020EC130020B3
S214002F60C8230100F0B5D6464F4680B589B00400A8
S214002F700D000792012824D8B24B5B79002B2CD089
S214002F80B04B1B79DBB298422FD1AE4B1E680022A5
S214002F905A71AF213000AC4B98470F00CA00AB4BBC
S214002FA09B185B689E4228D00320A94B9847FF00D9
S214002FB0A64BDF197B683200A6490020A64CA04726
S214002FC006E00120A24B9847A4490020A24B984750
S214002FD009B00CBC91469A46F0BD04209C4B98471D
S214002FE09F4900209C4B9847F2E70420984B98474F
S214002FF09C490020984B9847EAE7CF00934BFB5834
S2140030009946C822D2006243974B9B18C622D2002C
S214003010944663441B689A464F4657447F193800C7
S214003020924B98479249934B9847934B98470490F6
S214003030059103970295534601934B460093330040
S21400304022008E490320844DA84700208C4B9847C9
S2140030500500C31B00D49DE001231B1B9946C82214
S214003060D2006243804B9B18864A9A18128892B206
S21400307085498C4663441B889BB29A4218D07A4B8B
S2140030809A46C823DB006343534463441888AE3033
S214003090AF216D4B98470904090CC8235B006343B6
S2140030A05B18DA339B0053445B689E4200D189E08C
S2140030B0C822D2004B465A436B4B9B18714A9A184B
S2140030C0128892B270498C4663441B889BB29A421F
S2140030D01AD0654B9A46C823DB004A4653435344EE
S2140030E063441888AE30AF21574B98470904090C43
S2140030F0C8235B004A4653435B18DA339B005344AD
S2140031005B689E4200D17EE0C823DB006343564ADC
S214003110914699445C4B4B4418880130AF214A4B8A
S214003120984789B2574B4B441B889BB28B4200D1C1
S2140031307CE04D48C822D20062438218524B9C461F
S214003140944463461B889A46C8235B0063439946AB
S21400315053464B449B001F5063461B889A18AF2368
S2140031609B009A4652446B461B7F137063461B882F
S2140031704B44DA339B00C3185E60634619807B1BA2
S2140031800293019700953300220040490220324CFA
S214003190A0471DE7C823DB006343334CE418C7236E
S2140031A0DB009C4664442368013323600320284BDD
S2140031B09847EA1B01970095330035490020264CB6
S2140031C0A04705E75546C823DB0063439946D1442C
S2140031D02D4B4B441888AE30AF211B4B9847090443
S2140031E0090CC8235B005C436418A3005F51494484
S2140031F0AF239B00CB186A46127F1A70DA34A400FD
S2140032002C196660E4E6C822D2004B465A43534661
S2140032109B181D4A914699444B461888AE30AF21FC
S214003220094B984789B24B4619806DE74C46194BB7
S2140032309C4664442368013323600220044B98476D
S214003240C6E6C04680040020FD7B0000740E002009
S214003250312E00007824010061110000A82301002F
S214003260FC23010030240100EC13002085EA000056
S214003270610B3643EDE0000001070100B0240100B9
S21400328041A500002A0600002C0600008C2501003F
S214003290282501003C06000010B501280FD8C822DA
S2140032A0D20042430C4B9B18C522D200944663447E
S2140032B01B78002B0BD00122084B984706E0012014
S2140032C0074B984707490020074B984710BD002238
S2140032D0024B9847FAE7C046EC130020652F000023
S2140032E0312E0000A82301006111000070B5C02433
S2140032F0E4058025ED059823E5500120064B984708
S2140033008023DB01E3619423E550044B1C68044BE7
S2140033109847206470BDC046B968000004000020CD
S214003320BDA20000F0B5CE46474680B583B0BB4B85
S2140033301C68002C4AD0A56A23004C339B8B9BB29A
S214003340002B03D123004C3303229A830020B44B76
S2140033509847636DC01AC317C018584023004C33F3
S2140033609B8B626E5343984205D9AC4B1B685A6FD1
S214003370920500D45B6FA94B1B685A6F920507D560
S21400338022006E321278002A02D05B6FDB0422D550
S214003390A24B1B685A6F920502D55A6FD20425D5E8
S2140033A09E4B1B685B6FDB0405D523006E331B78D2
S2140033B0002B00D17AE023006E331B78002B00D060
S2140033C07DE003B00CBC90469946F0BD95490020C0
S2140033D0954B9847F5E795490120934B98478F4BB7
S2140033E01A68516F924B0B405367D1E7596F904A5A
S2140033F00A405A6700208A4B9847804623006F335E
S2140034001B78002B07D0854B1B685A6F120502D419
S2140034105B6FDB042FD5814B1A68516F854B0B40D1
S2140034205367666D43469E1BF217B31853401E0043
S214003430676EBB00DB19980064217F4B98473B18EA
S2140034403A1A964225D39E4203D823004C330022D4
S214003450DA83626D43469A1AD317D2185A407749D0
S2140034600320714B9847434663652365012223007A
S2140034706E331A7094E723006F3300221A7060656B
S21400348020656E34012323706D490320664B9847F0
S21400349097E7019600976B490120634CA0475F4B66
S2140034A01A68516F624B0B4053678AE7012223006C
S2140034B06E331A7000205A4B984720657BE7002031
S2140034C0574B98470600E36D002B32D1236DC31A85
S2140034D0DA179B1853409D4200D972E75A4B98471B
S2140034E022004C32138C01339BB21384002223003B
S2140034F06E331A70494B1B685B6FDB040CD5236D6B
S214003500226DB21AD11752184A40009232004F4923
S2140035100320454CA04754E7236D226DB21AD117FD
S21400352052184A4000923200494903203E4CA047B8
S21400353047E7236DC31ADA179B1853409D4200D9FC
S2140035403FE7236E01332366E26D93422ED23E4B55
S2140035509847002223006E331A70304B1B685B6F4F
S214003560DB0411D5226EE36D3A4903202E4DA847A1
S214003570236D226DB21AD11752184A4000923200BB
S21400358032490320A8471CE7226EE36D3249032028
S214003590254DA847236D226DB21AD11752184A40FE
S2140035A0009232002A490320A8470AE72B4B984787
S2140035B0254B9847194B1B685B6FDB0426D5226E9C
S2140035C0E36D27490320184DA847144B1A68516F1E
S2140035D0244B0B40536722006E32002313704C229C
S2140035E0A35423660D4B1B68596F1F4A0A405A673F
S2140035F0596F802212010A435A67596F20220A43E4
S2140036005A67596F102291435967DAE6226EE36DC6
S21400361016490320044DA847DDE7C04604000020F5
S21400362041A50000E8250100611100001C260100EC
S214003630FFFDFFFFFFF7FFFF897B0000D826010094
S2140036405C2601008C260100ED32000000270100F8
S2140036504027010080270100A827010081190000EB
S214003660D0270100FFEFFFFFFFFBFFFF1028010040
S21400367010B50E4B1B685A6F120513D44C229A5C79
S214003680D2B2012A0CD0022A0DD05A6F920509D563
S2140036909A6D01329A65596F054A0A405A6701E0E9
S2140036A0044B984710BD034B9847FBE704000020E7
S2140036B0FFFDFFFF253300007047000010B5124BDA
S2140036C09847124B1B68C31A952B0ED8104B1B68D5
S2140036D05C6F80229200210011435967D8630B4B20
S2140036E01860C023DB05DA6110BD094B1B685C6FF0
S2140036F080229200210011435967D863034B18605B
S214003700C023DB05DA61EFE7BDA2000088040020D5
S2140037100400002070B504001F4E32005C211F4DCF
S214003720A84732005D212000A8471D4EB2685E21E2
S2140037302000A84732225F212000A84700226021EF
S2140037402000A847174A61212000A847164A622190
S2140037502000A847032252212000A8470922502112
S2140037602000A847092251212000A847328AB189A3
S21400377020000E4B9847328BB18A20000C4B98479E
S214003780328CB18B20000B4B9847328DB18C2000C9
S214003790094B984770BDC046FF7F000075A3000028
S2140037A01808002001000080FFFFFF7F91A50000A1
S2140037B0A5A50000B9A50000CDA5000070B50500C0
S2140037C03E4A1B213E4CA047002217212800A04756
S2140037D03C4A18212800A0473B4A19212800A04748
S2140037E007221A212800A047384A0A210020A047AD
S2140037F0374A04210020A0478026B605320005215E
S2140038000020A047320006210020A047314A0721A9
S2140038100020A047304A09210020A0472F4A08214F
S2140038200020A04700221F212800A04700222021B8
S2140038302800A047002221212800A047002223219B
S2140038402800A047022252212800A0470822632110
S2140038502800A047002229210020A047012252214B
S2140038600020A04700221C210020A047FA221201B7
S21400387024210020A047FA208000194B9847194EB3
S21400388032005C212800A04732005D212800A047B6
S214003890154B9A685E212800A04700226021280068
S2140038A0A047124A61212800A047114A6221280039
S2140038B0A04703226D210020A04770BD3200020001
S2140038C075A300009F0F00001919000000010018E2
S2140038D0100010004E014E0197814100C581410045
S2140038E0D9680000FF7F0000180800200100008053
S2140038F0FFFFFF7F70B5040000221A214C4DA84739
S21400390000221B212000A847002217212000A847DC
S214003910002218212000A847002219212000A847CD
S21400392000220A212000A847002204212000A847E0
S214003930002205212000A847002206212000A847D3
S214003940002207212000A847002209212000A847BE
S214003950002208212000A84700221F212000A84797
S214003960002220212000A847002221212000A8476D
S214003970002223212000A847002252212000A84729
S214003980002263212000A847002224212000A84707
S214003990002226212000A847002227210020A84731
S2140039A000225C212000A84700225D212000A847B5
S2140039B000225E212000A84700225F212000A847A1
S2140039C0002266212000A847002261212000A84787
S2140039D0002262212000A847002252212000A8478A
S2140039E0002250212000A847002251212000A8478D
S2140039F0002263212000A847002268212000A84753
S214003A0000226B212000A847002260212000A84742
S214003A10002200212000074B9847002200212000AA
S214003A20054B9847002200212000044B984770BDA4
S214003A3075A3000071A50000B9A50000CDA5000083
S214003A40F0B583B005000E00564CA088564FB84718
S214003A5000230122292101952800544DA84701235F
S214003A60002252210198A847002301222421019810
S214003A70A847330000222421019E3000A8470023D7
S214003A8000221C213000A847FA204000B847484FC3
S214003A90484E3A680F213068474DA84780235B019F
S214003AA0E3653A6830681021A847002831D18024A1
S214003AB064013F4E3F4F3268112138683E4DA8479B
S214003AC0384B9865326838681221A847002822D1FA
S214003AD080256D01394B1B78012B35D0002B1CD06F
S214003AE0022B48D0042B52D000222721019C200014
S214003AF0334DA847002252212000A847FA20400054
S214003B00294B984701222A2120002E4B984703B0C4
S214003B10F0BD0024CDE70025DCE7220025210020AB
S214003B20274EB0471F4FFA6D26210198B0472A004E
S214003B302C210020B047BA6D2D210020B04700226E
S214003B402E210020B047CFE72200252100201C4E62
S214003B50B047144FFA6D26210198B0472A002C2151
S214003B600020B047BA6D2D210020B04700222E213C
S214003B700020B047B8E70B4BDA6D2621019E3000D7
S214003B800F4DA847220025213000A847ACE72200A9
S214003B90252100200A4DA847024BDA6D2621019800
S214003BA0A847A1E718080020D968000031A4000043
S214003BB0200000201C0000203D5A00008408002041
S214003BC075A3000011A4000070B508226321002030
S214003BD00B4CA04700221F210020A047094D2A6851
S214003BE020210020A0476A6821210020A047AA685B
S214003BF024210020A047022252210020A04770BDA9
S214003C0075A300000408002010B580214900982301
S214003C10C022D205D150FD390020174B98476023AB
S214003C20164AD35C002B03D10022154B5A7210BDE6
S214003C3000200021134B18605960002263210020E9
S214003C40114B984700210020104CA0470C4B002237
S214003C505A725A611A61002100200D4B98470D498F
S214003C6000200D4B9847054BD96A0020A04703213A
S214003C700020014B9847DAE751A5000018080020FD
S214003C80F40A0020F007002075A30000A5A4000099
S214003C9031A500006A040100D5A4000030B583B049
S214003CA00023C94A53706A46D41DD37121000720E9
S214003CB0C64B98472378002B01D103B030BDC449CA
S214003CC00320C44B9847C44B5C689D68636F5B04D5
S214003CD008D4E378012B05D0636F5B0702D4636FCB
S214003CE09B0775D5636F5B046DD5BC490320B94B44
S214003CF09847002C00D188E0B3490820B34B98477A
S214003D00B7490320B34B98476378002B00D0CBE12C
S214003D10AD4B1B78DB0600D5A7E0AB4B1B789B06AC
S214003D20CBD56379DBB223716379DBB2A371AD497E
S214003D300320A84DA847607800222221AA4B984766
S214003D40AA490320A847636F5B0702D4636F5B042E
S214003D50B3D5626F04239A4362672000A44B98474A
S214003D60607800222221A04B9847A2490320994B55
S214003D7098470023E37023636363226B2262616FBC
S214003D800822914361679C4A1370636F5B0400D4FA
S214003D907DE1636F1B0400D560E1984902208D4BDE
S214003DA09847626F042313436367626F80231B0286
S214003DB0134363672000924B9847226A9149032079
S214003DC0844B984779E790490320824B984790E7C1
S214003DD06B6F5B0408D4EB78012B05D06B6F5B0729
S214003DE002D46B6F9B070ED56B6F5B0405D58749B6
S214003DF00320784B98472C007BE785490320754BBA
S214003E0098472C0075E7002473E782490120714D1E
S214003E10A8476D4C210008206C4B9847704903203A
S214003E20A8472378DB0611D4674B1B789B0612D471
S214003E30654B1B785B0613D4634B1B78DB0900D1FC
S214003E403BE775490320634B984736E773490320E1
S214003E50604B9847E8E7724903205E4B9847E7E7D0
S214003E60704903205B4B9847E6E76379DBB2237122
S214003E706379DBB2A3716C490320564B9847200048
S214003E806A4B9847002844D069490020514DA847FE
S214003E90607800222221544B984756490320A847B1
S214003EA02000534B9847636F5B041CD5636F5B041D
S214003EB026D40023E37023636363226B2262616F60
S214003EC05C4A0A406267616F082291436167616FCE
S214003ED0022291436167484A1370E26956490320FB
S214003EE03C4B984719E785204000544B1860A27851
S214003EF0534B1A700E225A701968524B9847D8E7DF
S214003F00A178C9B200231122852040004E4DA84753
S214003F10CFE7607800222221334B98474B49022096
S214003F202C4B9847636F9B0703D4636F5B0400D4E6
S214003F30F3E6626F02239A43626720002C4B984791
S214003F40236BE361626F08239A43626700232A4A61
S214003F501370E370636F5B0429D5636F1B0415D47D
S214003F603B4902201B4B9847626F04231343636749
S214003F70626F80231B02134363672000354B98470C
S214003F80E26935490320134B9847C6E6626F294B12
S214003F901340636785204000284B1860A278284BA2
S214003FA01A7011225A701968264B9847E8E7852040
S214003FB04000224B1860224B04221A700A325A70B4
S214003FC01968204B9847DBE788080020D1290000B5
S214003FD01029010061110000740400202829010046
S214003FE0DC290100E42B0100E1AB0000FC2B010002
S214003FF065A60000A42A0100E40A0020442C010063
S214004000091C0000BC2C010044290100682901009D
S21400401084290100A82901004C2A0100EC2901008E
S2140040200C2A01002C2A0100B01301004D1A0000D2
S2140040306C2A0100FFBFFFFFD02A0100C00A002043
S214004040A00A002085040000B1040000102B010027
S214004050582B0100951C0000A02B0100A849022047
S214004060A84B9847626FA84B13406367626FA74BD5
S2140040701340636785204000A54B1860A278A54BC7
S2140040801A7011225A701968A34B984795E6852036
S21400409040009F4B18609F4B05221A7009325A70D9
S2140040A019689D4B984788E66378012B00D004E694
S2140040B09A4B1B785B0654D4984B1B78DB0900D1CF
S2140040C0FBE56379DBB223716379DBB2A3719449B4
S2140040D003208C4DA847607800222221914B9847F8
S2140040E091490320A847636F5B0700D4E5E5626F3C
S2140040F004239A43626720008C4B9847607800221E
S2140041002221884B98478A4903207E4B98470023F4
S214004110E37023636363226B2262616F082291431C
S2140041206167844A1370636F5B0400D4DBE0636FDF
S2140041301B0400D5BEE080490220724B9847626F90
S214004140042313436367626F80231B021343636772
S21400415020007A4B9847E26979490320694B9847D3
S214004160ABE56379DBB223716379DBB2A371754982
S2140041700320644B98472000734B984700284CD088
S214004180724900205F4DA847607800222221654BC7
S214004190984767490320A847626F02239A436267DD
S2140041A02000624B9847636F5B041CD5636F5B040B
S2140041B026D40023E37023636363226B2262616F5D
S2140041C0514A0A406267616F082291436167616FD6
S2140041D0022291436167574A1370E2695C490320E3
S2140041E0484B984768E785204000494B1860A278FE
S2140041F0484B1A700E225A701968474B9847D8E7F2
S21400420085204000424B1860A278424B1A7011225B
S2140042105A701968404B9847CBE7607800222221F5
S214004220404B98474B490320364B9847636F9B0794
S21400423000D441E7626F02239A43626720003B4B3B
S2140042409847607800222221364B98473849032049
S2140042502C4B98470023E370226BE261616F0822C3
S21400426091436167334A1370636F5B0415D5626FC1
S214004270254B1340636785204000254B1860A278C5
S214004280244B1A7011225A701968234B9847E2691A
S2140042902F4903201B4B98470EE7852040001C4BF8
S2140042A018601C4B04221A700A325A7019681A4B8E
S2140042B09847ECE712490220124B9847626F124B60
S2140042C013406367626F114B13406367852040009D
S2140042D00F4B1860A2780F4B1A7011225A7019688B
S2140042E00D4B984737E785204000094B1860094B6F
S2140042F004221A700A325A701968074B98472AE740
S2140043008C2C010061110000FFBFFFFFFF7FFFFF45
S214004310C00A0020A00A00208504000088080020AB
S214004320482D0100E1AB0000FC2B010065A6000053
S214004330A42A0100E40A0020442C0100091C000005
S214004340BC2C0100201401004D1A00006C2A01004C
S214004350A02B0100002D010010B507495420074C82
S214004360A04707495120A04706493520A0470649DF
S2140043705520A04710BDC046BD360000716900003C
S214004380B936000065290000E1A5000070B5051CDF
S2140043900C001600002200231E490A604B601E49CE
S2140043A00A604B60002100201C4B9847002E28D046
S2140043B0281C1B4B9847010000201A4B98471A4BA5
S2140043C01C601A481A4B984703210020194B98473F
S2140043D00022194B1A700132184B1A70184B1B79B1
S2140043E0002B07D1A333174AD35C002B02D101223E
S2140043F0154B1A701548164B98471648164B984793
S21400440070BD281C064B984701000020134B9847A8
S214004410D5E7C04620070020B80A0020A5A4000063
S21400442045EA0000C5A400004C0B002090080020C0
S214004430E59F000051A5000039070020880A0020EB
S214004440F40A002040070020B00A0020E0200020E8
S214004450E56C00004C210020A96C0000D5A40000EB
S214004460F0B5DE4657464E464546E0B595B0A34BFA
S2140044709B78002B06D115B03CBC90469946A246C8
S214004480AB46F0BD00229D4B9A7000209C4B98478F
S21400449000280AD000209B4B98479B4B1A78072A87
S2140044A0E9D89300994AD3589F460321984B9847DA
S2140044B0F0E70020934B9847904DAE69EF69954C16
S2140044C0A04732003B00944EB047944B9847C31722
S2140044D0C01858402E6F6F6FA047012432003B0073
S2140044E08F4DA847002800D10024E4B2002C41D00C
S2140044F0012CC0D1814B3133FF3318685968894B82
S2140045009847894B1C685D6822002B00874EB04791
S214004510002811D0864B1A6D5B6D864E2000290050
S214004520B04702000B0080490A604B60824C20684E
S2140045306168B04720606160804C7F4B1A685B689A
S214004540226063606D4BF83318685968754B98475E
S2140045506568246822002B00744EB047002800D1FE
S21400456089E7200029006D4B984701000020744B16
S214004570984780E70020634B9847604DAE69EF6927
S214004580644B9A469847644C32003B00A047634B06
S21400459098469847C217831853402E6F6F6F0D9337
S2140045A01800D04732003B00A047EC246400C04708
S2140045B02851F8218A46AA44514608684968594E47
S2140045C0B046B0475C4B18605960296F6A6F0E9111
S2140045D00F9200225B4B5449086849685A4EB04710
S2140045E01290139129003131FF3108684968C0479D
S2140045F0109011910020554B9847834656463068D8
S2140046007168C0472C590A94089009915C46069434
S2140046101099119A049105921299139A0291039295
S2140046200E9B0F9C009301940D9A49490320494B19
S2140046309847AA23FF33EA5C0023012191425B419D
S214004640DBB2911E4D424D41D01E41424141C8B29F
S2140046502B430AD1002808D1043AD2B2012A00D945
S21400466009E70122284B1A7005E70222264B1A702A
S21400467001E70020234B9847204DAE69EF69254C93
S214004680A04732003B00244EB047244B9847C31740
S214004690C0185840AE6FEF6FA047012432003B00B1
S2140046A01F4DA847002800D10024E4B2002C53D0A8
S2140046B0012C00D0DFE6114B0133FF331868596830
S2140046C0184B98471D4B1A685B68184CA047002883
S2140046D000D1D0E6184C144B1A685B6820686168F5
S2140046E0144DA84720606160144B186059600B4B4E
S2140046F0984701000020124B9847BCE6900800201F
S21400470061A5000041A500003907002050280100DF
S21400471051A500000D06010039FF0000A5050100A7
S214004720C1DF0000E1040000B80A0020FDDF000041
S21400473018080020B1EB000020070020800A0020A7
S214004740A5A4000000408F4039FA000095A40000A0
S214004750882D0100611100000020C14B9847C14D13
S214004760AE69EF69C04B9A469847C04C32003B0092
S214004770A047BF4B98469847C21783185340AE6F62
S214004780EF6F0D931800D04732003B00A047EC2493
S2140047906400C0472851691CFF318A46086849688A
S2140047A0B44EB046B047B44B18605960A96FEA6F74
S2140047B00E910F920022B14BB14908684968B14E7C
S2140047C0B0471290139129003931FF3108684968C3
S2140047D0C047109011910020AB4B98478346564631
S2140047E030687168C0472C590A94089009915C4655
S2140047F006941099119A049105921299139A0291AF
S21400480003920E9B0F9C009301940D9A9F490320E0
S2140048109F4B984702229F4B1A702CE60020904B25
S2140048209847904CA669E7698F4DA84732003B0031
S2140048308E4EB0478E4B9847C317C01858408034EA
S21400484026686768A847012432003B00924DA847B7
S214004850002800D10024E4B2002C44D0012C00D063
S21400486009E6804B4133FF3318685968814B9847F7
S214004870834B1C685D6822002B00884EB0470028DA
S21400488012D0874B1A6D5B6D20002900774CA0472D
S21400489002000B007A490A604B60774C206861681A
S2140048A0804DA847206061607F4C734B1A685B6838
S2140048B0226063606B4B0933FF33186859686D4B91
S2140048C098476568246822002B00784EB047002879
S2140048D000D1D0E520002900654B98470100002054
S2140048E0734B9847C7E500205D4B98475D4CA6691B
S2140048F0E7695D4B9A4698475C4D32003B00A847F7
S2140049005B4B9B469847C2178318534080229046BD
S214004910A0444246166857680D931800D0473200E8
S2140049203B00A847EC235B009946D8474B46E0502F
S214004930842149008A46A2445146086849684D4E7B
S214004940B0474D4B1860596041464A6809680E9159
S2140049500F924B4F0022494B38687968494DA8475B
S2140049601290139121004131FF3108684968B04721
S214004970109011910020444B98478046524610688C
S2140049805168B0474B46E6580A9608900991464645
S2140049900696109D119E04950596129813990290FE
S2140049A003910E990F9A009101920D9A41490320A6
S2140049B0374B9847002200233A607B60AA23FF33D8
S2140049C0E35C594259419A1E5442544121431A1FEE
S2140049D054425441E2B2002915D1002A13D15A1E7E
S2140049E054425441D91E4A424A412243053B58424A
S2140049F05841C3B2002A02D1002B00D13BE5042265
S214004A00244B1A7037E50322224B1A7033E5002038
S214004A10134B9847134CA669E769134DA847320015
S214004A203B00124EB047124B9847C317C018584069
S214004A30883426686768A847012432003B00164D74
S214004A40A847002800D10024E4B2002C34D0012C62
S214004A5000D010E500200021094B186059600AE5D7
S214004A6041A50000900800200D06010039FF000057
S214004A70A5050100E10400002007002000408F404B
S214004A80B80A002039FA000095A40000B82D0100ED
S214004A906111000039070020C1DF0000D5DF0000EB
S214004AA018080020B1EB0000800A0020FDDF00009F
S214004AB0A5A40000E82D01000020D04B9847D04D5B
S214004AC0AE69EF69CF4B9A469847CF4C32003B0011
S214004AD0A047CE4B9B469847C21783185340882260
S214004AE09146A9444A46166857680D931800D04761
S214004AF032003B00A047EC246400D84728518821A8
S214004B0049008B46AB44594608684968C04EB046D3
S214004B10B047C04B1860596049464A6809680E910C
S214004B200F920022BC4BBD4908684968BC4EB0478E
S214004B301290139129004931FF3108684968C0472F
S214004B40109011910020B74B984781465E4630681A
S214004B507168C0472C590A94089009914C460694EF
S214004B601099119A049105921299139A0291039240
S214004B700E9B0F9C009301940D9AAB490320AB4B00
S214004B8098470422AA4B1A7075E400209B4B98475E
S214004B909B4CA669E7699B4DA84732003B009A4E9E
S214004BA0B0479A4B9847C317C018584090342668A9
S214004BB06768A847012432003B009E4DA84700289E
S214004BC000D10024E4B2002C47D0012C01D0FFF71E
S214004BD052FC8B4B5133FF33186859688C4B9847FF
S214004BE08E4B1C685D6822002B00934EB047002851
S214004BF012D0924B1A6D5B6D20002900824CA047A4
S214004C0002000B0085490A604B60824C2068616890
S214004C108B4DA847206061608A4C7E4B1A685B68A3
S214004C2022606360764B1933FF3318685968784BF7
S214004C3098476568246822002B007F4EB0470028FE
S214004C4001D1FFF718FC20002900704B984701009F
S214004C5000207D4B9847FFF70EFC0020674B9847D7
S214004C60674DAE69EF69674B9A469847664C3200C7
S214004C703B00A047654B9B469847C2178318534096
S214004C8090229146A9444A46166857680D93180024
S214004C90D04732003B00A047EC246400D847285198
S214004CA08C2149008B46AB44594608684968584EE3
S214004CB0B046B047574B1860596049464A6809687D
S214004CC00E910F920022544B544908684968544E7E
S214004CD0B0471290139129005131FF310868496896
S214004CE0C0471090119100204E4B984781465E4673
S214004CF030687168C0472C590A94089009914C4650
S214004D0006941099119A049105921299139A029199
S214004D1003920E9B0F9C009301940D9A4B4903201F
S214004D20424B9847AA23FF33EA5C002301219142B5
S214004D305B41DBB2911E4D424D41D01E4142414186
S214004D40C8B22B430CD100280AD1043AD2B2012AA9
S214004D5001D9FFF790FB0522354B1A70FFF78BFB46
S214004D600622334B1A70FFF786FB0020234B98472A
S214004D70234CA669E769234DA84732003B00224E24
S214004D80B047224B9847C317C01858409834266837
S214004D906768A847012432003B00264DA847002834
S214004DA000D10024E4B2002C52D0012C01D0FFF731
S214004DB062FB134B2133FF3318685968144B98472E
S214004DC0204B1A685B681C4CA047002801D1FFF7EF
S214004DD052FB104C114B1A685B6820686168184DCE
S214004DE0A84720606160174B18605960074B9847CA
S214004DF001000020144B9847FFF73DFB41A500003B
S214004E00900800200D06010039FF0000A5050100EE
S214004E10E10400002007002000408F40B80A002070
S214004E2039FA000095A40000182E01006111000058
S214004E3039070020C1DF0000D5DF00001808002079
S214004E40B1EB0000800A0020A5A40000482E010057
S214004E500020E04B9847E04DAE69EF69DF4B9A467D
S214004E609847DF4C32003B00A047DE4B9B469847F6
S214004E70C2178318534098229146A9444A4616689A
S214004E8057680D931800D04732003B00A047EC242B
S214004E906400D8472851902149008B46AB445946B8
S214004EA008684968D04EB046B047D04B1860596085
S214004EB049464A6809680E910F920022CC4BCD49AC
S214004EC008684968CC4EB0471290139129005931B2
S214004ED0FF3108684968C047109011910020C74B01
S214004EE0984781465E4630687168C0472C590A94D8
S214004EF0089009914C4606941099119A04910592CF
S214004F001299139A029103920E9B0F9C00930194A0
S214004F100D9ABB490320BB4B98470622BA4B1A7022
S214004F20FFF7A9FA0020AB4B9847AB4DAE69EF6987
S214004F30AA4CA04732003B00A94EB047A94B984761
S214004F40C317C0185840AE6DEF6DA047012432005D
S214004F503B00AE4DA847002800D10024E4B2002C48
S214004F6035D0012C01D0FFF786FAA94B1B79002B10
S214004F7025D0A84B186859680022A74BA74CA04715
S214004F80002801D1FFF777FAA54B186D596D994C9B
S214004F90A44D22686368A84720606160934C22682D
S214004FA06368A847206061609A4B186059608D4B13
S214004FB09847010000209C4B9847FFF75CFA9B49F6
S214004FC00320904B98470122914B1A71D1E700209D
S214004FD0804B9847804DAE69EF69804B9A4698475C
S214004FE07F4C32003B00A0477E4B9B469847C2173B
S214004FF083185340A0229046A84442461668576835
S2140050000D931800D04732003B00A047EC24640004
S214005010D8472851942149008B46AB445946086826
S2140050204968714EB246B047704B186059604146A9
S2140050304A6809680E910F9200226D4B6D49086808
S21400504049686D4EB0471290139129006131FF31C7
S21400505008684968D047109011910020674B984720
S21400506080465E4630687168D0472E590A9608908A
S2140050700991464606961099119A0491059212993E
S214005080139A029103920E990F9A009101920D9A2B
S214005090674903205B4B984700232B51654B1B78D1
S2140050A0013BDBB2012B07D96348644B9847624843
S2140050B0624B9847FFF7DFF90722534B1A70F6E763
S2140050C05C4B1B78012B17D0022B01D0FFF7D3F9CE
S2140050D000205B4B9847524B5C6B5A4B1C605A4BFC
S2140050E01B78012B41D0002B1FD0022B5DD0012254
S2140050F0504B1A70FFF7BFF90020514B9847484BAA
S214005100596B504B1960514B1B78002B08D001226D
S2140051104F48504B98470222464B1A70FFF7ABF9A0
S21400512001224D484B4B9847F5E7484B1B78002B20
S2140051300FD04A4B186A4A4DA8474A494A4B9847E7
S2140051404A4B98474042A84701222100414B9847C6
S214005150CDE7424B186A424B98474249424B984724
S214005160002221003B4B9847C1E7384B1B78002BA9
S2140051700FD03A4B186A3A4DA8473D493A4B9847E4
S2140051803A4B98474042A84701222100314B9847A6
S214005190ADE7324B186A324B98473549324B984741
S2140051A0002221002B4B9847A1E7284B1B78002BA9
S2140051B060D02A4B186A2A4DA8472A492A4B984796
S2140051C02A4B98474042A84701222100214B984786
S2140051D08DE7C04641A50000900800200D0601009E
S2140051E039FF0000A5050100E104000020070020AB
S2140051F000408F40B80A002039FA000095A400004D
S214005200782E01006111000039070020C1DF000080
S21400521088040020800A002000002440E9DF000007
S21400522018080020B1EB0000A5A40000A82E01007D
S214005230B02E0100010800204C210020E56C000083
S214005240D96800004C0B00208408002012080020BB
S214005250004021C68D43000085422146F40A002006
S21400526085EA0000269349470DE7000045EA00005E
S2140052702693C947054B186A054B98470549064BC0
S214005280984700222100054B984730E7F40A002093
S21400529085EA0000269349470DE700008D4300008D
S2140052A010B5364B1B684C229A5C022A10D00020A0
S2140052B0334B9847C317C0185840182803DC314AA8
S2140052C01368013313602F4B1B68312B0BD810BDAE
S2140052D06E329B5C002BEAD02B4B98472B4B1B78EF
S2140052E0002BE4D1F3E70024264B1C600020244B5F
S2140052F09847274B1860254B1C70264B1C70264B76
S2140053001C70A123254AD4541C4B1B684C229A5C63
S214005310022A16D085204000214B1860214B01221E
S2140053201A7010325A7019681F4B98471F48204B46
S2140053309847204B1B78022B15D01F481F4B9847C9
S214005340C5E76E329A5C002AE4D0002270215A54D7
S21400535024395A54596F1A4A0A405A671949032081
S214005360194B9847D6E70422184B1A701248184B68
S21400537098470122074B1A70A9E7C0460400002090
S21400538011A50000440B002071360000B00A002072
S214005390EC070020880A0020FF07002040070020B6
S2140053A0C00A0020A00A002085040000182F010073
S2140053B0C1BA0000010800204C210020E56C000066
S2140053C0FFFBFFFFE02E0100611100009C0A002099
S2140053D0A96C0000F0B5CE46474680B583B0664B54
S2140053E01B68002B6ED0654A137802218B4313701E
S2140053F00020634B984705005F4B1B681C69002024
S214005400604B9847060000205F4B9847022803D061
S214005410022100205D4B98475D4B98475D4B186016
S214005420554B1B685A6F520502D55B6FDB044ED591
S214005430514B1B689A6A002A12D0574A5279002AA2
S2140054400ED05A6F52050BD4534A9268921BD1174E
S21400545052184A40996A8A4202D35B6FDB0439D4F9
S21400546030004E4B98474C4B5B79002B4FD0A542F3
S2140054705EDD20004A4B9847041C474BDD68291C1C
S214005480484B9847002815D0474B1E6C5F6C281C6D
S214005490464B984732003B00454DA847454B98473A
S2140054A0011C3D4BD860201C3E4B9847002801D07D
S2140054B0394BDC60384BD8683F4B984701000020DA
S2140054C03E4B984703B00CBC90469946F0BD3C4B0B
S2140054D09847ADE73B4B98472F4B99469B689B1BDD
S2140054E0DA179B185340244A1068816AC91A364A4C
S2140054F094461268013267463A60806A01910090CD
S21400550032490320324FB8474B469E60A8E7224EEA
S2140055102800234B9847F06000201A4B9847B0604D
S214005520FA21890000202B4B9847012373719EE7D0
S214005530A542C7DA20001A4B9847041C164BDD68B4
S214005540291C254B98470028B4D0174B1E6C5F6C5F
S214005550281C164B984732003B00204DA847154B99
S2140055609847011C0C4BD860201C1B4B9847002802
S214005570A0D0094BDC609DE7040000202C0B002027
S21400558095A4000041A5000061A5000051A50000FB
S214005590BDA200003407002088040020D52B0000A0
S2140055A085EA000035E00000180800200107010029
S2140055B039FF0000A507010045EA0000B5A4000079
S2140055C071360000ED32000030070020742F010015
S2140055D061110000A5A400005DE00000B1EB000032
S2140055E010B50CE00278084B9A62074B1B7E5B07EF
S2140055F0FBD5054B9B6A0B70013101302200541E0F
S214005600E4B2002AEED110BD0004004210B50CE052
S2140056100278084B9A62074B1B7E5B07FBD5054B4F
S2140056209B6A0B70013101302200541EE4B2002A3E
S214005630EED110BD0010004270B5C024E4058025F0
S2140056406D039423E550D2B2024B98479823E55059
S214005650012070BD0D56000010B582B0040001A8F0
S2140056600523037000234370837003220449054B0F
S2140056709847002802D0024B5B78237002B010BD1A
S214005680980400203956000010B582B06B46DC1D29
S2140056902000034B98472378DB07F7D402B010BDF1
S2140056A05956000000B583B001A8062303700122F6
S2140056B00449054B9847002802D0002003B000BDDF
S2140056C00338FBE7980400203956000000B583B085
S2140056D001A89F230370002343708370C3700422C5
S2140056E00649074B9847002805D0044A5178054BD1
S2140056F01972D2785A7203B000BDC04698040020D2
S214005700395600009805002010B50E4B9847002823
S21400571017D00D4A0D4BDA60002203E008330B4920
S214005720CB600132052A0BD8084B1C7ADB68197946
S2140057308C42F3D105494C7A59798C42EED100E07F
S214005740002010BDCD560000942F010098050020C3
S21400575000B583B0044B9847002801D103B000BDC4
S21400576001A8024B9847F9E7095700005956000070
S21400577070B582B006000C0015000D4B984701A8C6
S21400578003230370330C4370330A8370C670221DE4
S21400579092B20849084B9847061E02D1300002B064
S2140057A070BD2200034904312800044B9847F5E7F2
S2140057B0895600009804002039560000C9B0000041
S2140057C0F0B5DE4657464E46C0B582B005000F001F
S2140057D0160021E001A8022303702B0C43702B0A4D
S2140057E08370C5702D193F1BC023DB0599468023A7
S2140057F05B039A4694234A465146D15004221349E5
S214005800134B9B469847E2B210493000D84798237E
S2140058104A465146D1503619002F0ED00D4B9847A8
S2140058200D4B984700280FD1FF242C4080235B00A7
S2140058301C1BA742CED23C00CCE7012002B01CBC09
S21400584091469A46A346F0BD0020F7E7980400204C
S2140058500D56000089560000A5560000F0B583B02E
S2140058600C1E5AD0002803D1802149002C4B196009
S2140058706B46D871073369468A71294A10681A0040
S2140058800121284B9847002802D1022003B0F0BD22
S2140058906B46DA79224D130029682348234EB04719
S2140058A02B68581C28606B469A1D01211D4B984793
S2140058B0002801D10220E9E76B469E1D9A79184D13
S2140058C0130029681A48194FB8472B68581C2860D7
S2140058D031782200134B9847002801D10220D5E7E3
S2140058E06B469D796B1EDBB2002205E0E15CD800BA
S2140058F081400A43013BDBB2AB42F7D3084C1300AE
S21400590021680C48094DA8476B4606331B78226869
S2140059109446634423600020B8E70120B6E7C046FB
S214005920700A0020C1570000C42F0100CDB9000046
S214005930FC2F010038300100F0B583B006000C00E3
S214005940171E69D0002969D000251B2D5FD8354B5E
S214005950186822000121344B9847002860D023782D
S214005960B3421CD02F4B1A68501C1860621C0121D1
S2140059702D4B98472378FF2B2CD06378FF2B29D00C
S214005980284802689446634401330360A21C00233F
S214005990A37061780068244B98470135D5E7214D00
S2140059A02B683B6001233B712B68581C2860621CE7
S2140059B001211D4EB0472B6801332B60A71C042223
S2140059C000213800194B9847617828683A00B0479C
S2140059D000201FE01648174B9847124B1A68022300
S2140059E0FF339A4201D0052014E0802252000D4B6E
S2140059F01A6000250195FC3A01A900200E4CA0472C
S214005A000195022201A90120A047052002E00023FB
S214005A103B71052003B0F0BD0120FBE70120F9E74C
S214005A200320F7E7700A002071570000DBB0000083
S214005A3074300100C1BA00005D58000070B584B033
S214005A40040008001500002C36D0002A36D080222C
S214005A5052001B4B1A602A0021001A4B9847002858
S214005A6006D1194B1B685E78731EDBB200200FE070
S214005A70002323706370A370E37023716371A360C7
S214005A8016E0E2189278D9008A401043013BDBB258
S214005A90B342F6D3A0602178637802900190009319
S214005AA00A000A480A4EB0472B79002B02D1032081
S214005AB004B070BDA068FBE70120F9E70120F7E716
S214005AC0700A0020395900001C0000202031010017
S214005AD0CDB90000FEE7000010B5104A104B9A4200
S214005AE009D00F4B0D4A03E01168196004330432E5
S214005AF00C498B42F8D30C4B02E000221A600433A8
S214005B000A4A9342F9D30A4AFF210A4B8B43936011
S214005B10094B9847094B9847FEE7C0465843010093
S214005B2000000020480200205002002034250020FB
S214005B3000ED00E00000000081B000003D8E000097
S214005B4010B5094AD1698023DB010B43D36141219B
S214005B50FC23064AD150064B9847020005490648E2
S214005B60064B984710BDC04600080040001C004089
S214005B70158C000000380042E0200020656C000014
S214005B8010B5094AD16980235B020B43D3614121DA
S214005B9080235B00054AD150054B98470200054913
S214005BA00548064B984710BD00080040001C004002
S214005BB0158C0000004000424C210020656C00005F
S214005BC0022182235B00C022D205D1508222D20558
S214005BD024330B49D150C0210906D1504221FF3150
S214005BE0535C012083430343DBB253541139535CA7
S214005BF00F20034010200343DBB253547047C046C7
S214005C0002000040054AD16980239B020B43D36102
S214005C10402182235B00024AD150704700080040B2
S214005C20001C004010B5064B9847064B9847064B9D
S214005C309847020005490648064B984710BDC046DF
S214005C40055C0000C15B00000976000000440042CD
S214005C50D8200020F5650000F0B5DE4657464E46D3
S214005C604546E0B583B041218823814AD150814A18
S214005C7051698023DB000B435361C026F605802361
S214005C809B029B4673608223DB057B4D9D627B4AAD
S214005C909A625127DA5D0424A243DA55DA5D0120C0
S214005CA0824301210A43D2B2DA55193FDA5D0E313A
S214005CB089460A40DA558022D20272609D62704A96
S214005CC09A621A37DA5DA243DA55DA5D82430E39F4
S214005CD00A43D2B2DA55193FDA5D49468A43DA55A5
S214005CE08022120372609D62664A9A625322904630
S214005CF09A5CA24341465A545A5C824352390A433C
S214005D00D2B241465A54DA5D49460A40DA558422F0
S214005D1080218903B15024329D505B4999509C37AD
S214005D20DA5DA243DA55DA5D824301210A43D2B234
S214005D30DA551B3FDA5D49460A40DA5582225200A0
S214005D4090468022520241467250942252009D5044
S214005D504E4F9F504C318A465F5CA7435F545F5C52
S214005D6087435039FF390F43FFB251465F54183905
S214005D70595C4F46B9432A37FF37D95541465F46E7
S214005D8077509D503D4999505221FF318B46595CC2
S214005D90A1438A46594657465F54595C81430127BA
S214005DA039436F46F971F9798A46594657465F5422
S214005DB01939595C4F4639402A37FF37D95541467D
S214005DC08027FF0277509D502D499950A921490000
S214005DD08A465F5CA7435F545F5C87435239FF394E
S214005DE00F43FFB251465F543A21FF318A465F5C4B
S214005DF049468F4351465F5480277F03414677507C
S214005E009D50234F9F5050318A465F5CA7435F5496
S214005E105F5C87435439FF390F43FFB251465F54E6
S214005E201A398B46595C4F46B9435F46D9554146A9
S214005E308027BF0377509D50134999505625FF354C
S214005E405A5DA2435A555A5D824301211143C9B295
S214005E5059555A469A5C49460A4059465A540D4B7B
S214005E60984703B03CBC90469946A246AB46F0BD68
S214005E70001C00400008004000000240020002C073
S214005E80040002C0080002C0200002C0010002C0D8
S214005E90100002C03D690000F0B5C64600B5C0223D
S214005EA0D2051023536193608223DB05244999624F
S214005EB0C02109068C4699624420195C0127B94323
S214005EC001263143C9B219543221585C0F25A84324
S214005ED00324A04644462043C0B2585420205061B4
S214005EE09060184898626046986245208446185C20
S214005EF0B8433043C0B264461855585C363C204020
S214005F003024A44664462043C0B258540E31516033
S214005F100D4A9A620D4A9A624622995C0420814391
S214005F209954995CB9433143C9B2995433215A5CA8
S214005F30AA4340460243D2B25A5404BC9046F0BD2F
S214005F40100000402000004040000240000002C058
S214005F50064B4021CC2299500331043A9950044A0A
S214005F60D36941390B43D3617047C046001C0040DB
S214005F7000080040064B4021D02299500331083AD1
S214005F809950044AD3693F390B43D3617047C046E2
S214005F90001C00400008004030B58223DB0540228C
S214005FA0995C0125A94301242143C9B299543020A4
S214005FB0195C313A914303221143C9B21954412165
S214005FC05A5CAA432243D2B25A541A5C32390A4067
S214005FD030210A43D2B21A5430BD000010B582B048
S214005FE0064B9847002300931033054A0549064898
S214005FF0064CA047064B984702B010BD755F0000E0
S214006000A805002000080042FC2000203D6F00008C
S214006010995F0000F0B5C64600B5C024E4058023AD
S214006020DB0363608223DB05244A9A62244A9A6271
S21400603056215A5C042082435A545A5C03388046E0
S2140060408243844660460243D2B25A543B27DA5D06
S21400605047398A4302210A43D2B2DA558022120413
S2140060606261A2608021C9059962164A9A62572029
S2140060701A5C4546AA4365462A43D2B21A54D85DEE
S2140060800F26304020252843C0B2D85580229204DF
S2140060906261A26099620C4A9A625922995C4046F3
S2140060A0814360460143C9B299543C215A5C324050
S2140060B02A43D2B25A5404BC9046F0BD00000240B7
S2140060C0400002C0800000C0000200C0064B402115
S2140060D0D82299500331103A9950044AD36933397B
S2140060E00B43D3617047C046001C004000080040C8
S2140060F0054B4021E42299504320043A9850034A25
S214006100D3690B43D3617047001C00400008004071
S21400611030B58223DB05D022995C0125A9430124F2
S2140061202143C9B29954B820195CC13A914302225E
S2140061301143C9B21954D1215A5CAA432243D2B2A0
S2140061405A541A5CC2390A4020210A43D2B21A5461
S21400615030BD30B58223DB05A6225200995C0124AF
S214006160A14301200143C9B29954163A995C0F2500
S214006170A94302252943C9B299545021FF315A5CDC
S214006180A2430243D2B25A543821FF315A5C0F2040
S214006190024020200243D2B25A5430BD064B402162
S2140061A09422520099500331603A9950034A136A78
S2140061B041390B4313627047001C00400008004042
S2140061C010B5054B9847002204490548054B9847EB
S2140061D0054B984710BDC0469D6100000004004373
S2140061E0A42000208D710000536100008222D20599
S2140061F04A21535C012083430343DBB253541539D1
S214006200535C0F20834304200343DBB25354704790
S214006210054AD16980239B010B43D3614221F823B1
S214006220024AD1507047C04600080040001C00409B
S21400623010B5064B9847064B9847064B9847020002
S21400624005490648064B984710BDC0461162000037
S214006250ED610000198C0000003400428820002008
S214006260F56A0000034A516980235B000B435361C3
S2140062707047C0460008004010B5064B98474822B5
S21400628005490120054B98470548064B0360064B19
S214006290984710BD65620000200A010035720000B4
S2140062A0DC20002000200040958D000030B58223C1
S2140062B0DB05CF22995C0125A94301242143C9B2FD
S2140062C09954B720195CC03A114060221143C9B2F4
S2140062D01954CE215A5CAA432243D2B25A541A5CAD
S2140062E0BF398A4306210A43D2B21A5430BD000091
S2140062F010B5084A116980239B000B4313614021A7
S214006300EC23054AD15005490548064B9847064BED
S214006310984710BD00080040001C004000200042C6
S214006320B020002049670000AD620000F0B5DE46F0
S21400633057464E464546E0B583B08D4B9847C0223B
S214006340D2050823936193608223DB05894999620D
S214006350C02424069C624325595D0120814359557B
S214006360802188465161916083498A4699629C6281
S2140063700435595D81435955802189008C46516109
S21400638091607E4999629C620235595D81435955F8
S2140063908021C90151619160794999629C620535F5
S2140063A0595D8143595580210902516191607549B3
S2140063B099629C620135595D8143595580210904D3
S2140063C0453551510C3D5151A8218026F6055E50A9
S2140063D06D4F5F50D727BB46DF5D8743B9465F46A4
S2140063E04E46DE5594268027FF05975157515F503D
S2140063F0664E5E50DE26B3469E5D370087435E4699
S2140064009F55463EB14647469751575156465E50B1
S2140064105C50C726B2469E5D3700874356469F555A
S21400642039369427D6515651594E5E505C50C82680
S214006430B2469E5D3700874356469F55664694276C
S214006440D65156514D4E5E505C50C926B0469E5DA4
S2140064503700874346469F558026F6009427D65138
S21400646056514C4E5E505C50CA26B0469E5D370074
S214006470874346469F55463EB44680263601B2467A
S214006480664657469751444E5E50444E5E506646AA
S21400649097514736B0469E5DB4460426B3466746D7
S2140064A05E4637433E1C6F46FE71FE79B44646464E
S2140064B067469F554E465746975146469E5D37005F
S2140064C0874346469F55802676019427D6515651D7
S2140064D0334E5E505C50CC24A4461C5D8443664616
S2140064E09C5580242403383E945154518024E4055E
S2140064F05C502C4C5C503F369C5D84439C558024FD
S21400650064034E46945154518022D2055A50264A6E
S2140065105A502C315A5C82435A54244B9847244B89
S2140065209847244B9847244B9847244B9847244B2E
S2140065309847244B9847244B9847244B9847244B1E
S2140065409847244B9847244B9847244B9847244B0E
S2140065509847244B9847244B9847244B9847244BFE
S214006560984703B03CBC90469946A246AB46F0BD61
S214006570E57A00000800004080000040000200406D
S2140065800040004000800040800000C0004000C086
S214006590000100400004004000080240000002C065
S2140065A000100040080000C0100000C0255C00007D
S2140065B0595C0000515F000075850000995E000080
S2140065C0DD5F0000CD600000498600001560000019
S2140065D0F1600000958C000011610000C1610000B0
S2140065E031620000415B0000815B000079620000C0
S2140065F0F162000070B504000D0000280DD00029DF
S21400660009D0012039220649064B98472900200068
S214006610054B984770BD0020F4E70020F2E7C0461F
S21400662068310100357200008175000070B5040005
S2140066300D00431E9841C0B24E220449044B9847B1
S21400664029002000034B9847002070BD68310100E8
S21400665035720000B9750000F8B5CE46474680B5DD
S21400666006000D009046994600281AD0002A1AD037
S2140066704B46002B19D1002067221C491C4FB847F7
S214006680340030001B4B98470100060048461A4B62
S214006690984748424841C0B269221449B847002783
S2140066A009E00020E8E70020E6E70120E4E7BF195C
S2140066B0BFB2B94515D92000104B984729002000D5
S2140066C00F4B98470028F9D0290020000D4B98471B
S2140066D04346D855012EEAD97B1C000A4246D054C0
S2140066E0E5E738000CBC90469946F8BD68310100D5
S2140066F035720000CD750000C17B0000ED7500000E
S214006700E375000001760000EFF31083036072B6B5
S214006710BFF35F8F7047BFF35F8F036883F3108804
S214006720704710B5C369002B00D0984710BD10B550
S214006730036A002B00D0984710BD10B5436A002BA3
S21400674000D0984710BD000070B504000D0000286A
S21400675015D0002911D0012041220A490A4B98473A
S21400676029002000094B9847002805D1084B636094
S214006770084BA360084BE36070BD0020ECE70020E8
S214006780EAE7C04684310100357200000D7600004D
S214006790236700002F6700003B67000010B5040069
S2140067A0431E9841C0B25C220349044B9847200020
S2140067B0034B984710BDC046843101003572000077
S2140067C01977000070B504000D0000280DD00029D0
S2140067D009D001206E220649064B98472900200062
S2140067E0054B984770BD0020F4E70020F2E7C0464E
S2140067F084310100357200002977000070B504006E
S2140068000D0000280DD0002909D001207722064966
S214006810064B984729002000054B984770BD00207E
S214006820F4E70020F2E7C04684310100357200002C
S214006830E977000070B506000D001400431E98416D
S214006840C0B281220C490D4B9847012D10D0002D67
S21400685004D0022D0ED00D20404208E03462621EA5
S2140068609441E2B229003000054B9847002070BDE5
S214006870F461F4E77462F2E78431010035720000D7
S21400688045790000F8B504000D0016001F00431EF1
S2140068909841C0B2B8220549054B98473B003200E4
S2140068A029002000034CA047F8BDC04684310100F3
S2140068B0357200009179000010B5044B1C68044B3B
S2140068C0984701002000034B984710BDB8050020EC
S2140068D0A97A0000DD7A000010B5044B1C68044B52
S2140068E0984701002000034B984710BDB8050020CC
S2140068F0C17A0000DD7A000070B50A25002407E0A2
S2140069000D4AB358002B00D0984770BD013AD5B257
S214006910AC42FAD82B195B10DAB2092AF5D8FF2157
S2140069200B40DE000449891949688142E8D0EDD25F
S2140069300132D4B2ECE7C046BC05002010B50023F7
S21400694009E0084AD9005018012464424460002037
S214006950885001339BB2092BF3D90348034B984761
S21400696010BDC046BC050020F9680000197F000075
S214006970F0B5D6464F464646C0B584B00023092B30
S2140069800DD8DC00334A12195268824202D0013315
S214006990DBB2F4E72F4BE15001239A4601E00023D7
S2140069A09A4600290CD05346002B41D1092B13D808
S2140069B0DA00284D5259002A08D00133DBB2F5E739
S2140069C05346002B40D0244B984737E0DC006151FB
S2140069D02C19606001229246002201E00132D2B2F8
S2140069E0092A25D8092B23D801931A49DC000C194B
S2140069F06768D400091949688F42EFD24C1CEDD065
S214006A0002A98C46134FD400A0463C19664622CCF9
S214006A1022C60199C9008946414679184C463C1958
S214006A2060CC60C13D004D44614650C950C5D5E7B5
S214006A305346002B0BD00121074B984704B01CBCD3
S214006A4090469946A246F0BD0D204042F6E70D203E
S214006A504042F3E7BC050020E17F000010B50121AD
S214006A60014B984710BDC046E17F000070B504009A
S214006A700D00160000280ED000290AD0012034226E
S214006A800649074B9847236832002900200098479C
S214006A9070BD0020F3E70020F1E7C046A0310100FA
S214006AA03572000070B504000D00160000280ED0E8
S214006AB000290AD001203D220649074B9847636803
S214006AC0320029002000984770BD0020F3E7002020
S214006AD0F1E7C046A03101003572000010B54369E9
S214006AE0002B00D0984710BD10B58369002B00D04E
S214006AF0984710BD70B504000D00002812D000297C
S214006B000ED0012033220849084B98472900200060
S214006B10074B9847074B2360074B6360002070BD08
S214006B200020EFE70020EDE7B431010035720000E9
S214006B30D1890000DD6A0000E96A000010B5040093
S214006B40431E9841C0B24A220749084B9847200086
S214006B50074B9847002804D12000064B9847002092
S214006B6010BD11204042FBE7B43101003572000031
S214006B70038C00004B8B000070B504000D0016005F
S214006B80431E9841C0B27C220449054B9847320008
S214006B9029002000034B9847002070BDB431010047
S214006BA035720000718B0000F8B50668002E02D022
S214006BB0330000250CE0104B984718E09F68BC4651
S214006BC06444A41A01348F68BC420BD21D001B68B3
S214006BD0002B07D05C689442F0D8A41A9F68BC4685
S214006BE06444F0E7B34203D02800044B9847F8BD4E
S214006BF0014B9847FBE7C0465572000081720000C3
S214006C00F8B50500446903695E1C0661037EDB0770
S214006C1002D4037E9B070AD52B7E02221343DBB2E7
S214006C202B76F8BD6F69E368200098473C00002C7F
S214006C30F7D06368F31AA2689342F2D32F00143792
S214006C403800064B9847237C012BEBD16660320058
S214006C5021003800024B9847E4E7C04689720000DE
S214006C60A96B000070B504000D00002812D00029A2
S214006C700ED001203B220849084B984729002000E7
S214006C80074B984700232361064B2360002070BD06
S214006C900020EFE70020EDE7CC3101003572000060
S214006CA019880000016C000010B50400431E9841CE
S214006CB0C0B253220749084B98472000074B984715
S214006CC0002804D12000064B9847002010BD112054
S214006CD04042FBE7CC31010035720000F18B00002A
S214006CE0398B000010B50400431E9841C0B26122E3
S214006CF00749084B98472000074B9847002804D0C0
S214006D002000064B9847002010BD11204042FBE7AC
S214006D10CC31010035720000F18B00005D8B000065
S214006D2070B582B004000D00002826D0002922D0BD
S214006D3001207A221F49204B9847237E01221343C5
S214006D40DBB2237626001436290030001B4B98470A
S214006D50002814D123696B60226929003000184B83
S214006D609847237E012293432376237E9B0712D4E3
S214006D70002002B070BD0020DBE70020D9E7237EAC
S214006D800122934323767E320A4900200A4B984715
S214006D9012204042EDE701A80A4B9847237E0222C4
S214006DA0934323762000084B984701A8074B984743
S214006DB00020DEE7CC310100357200003D72000095
S214006DC0A96B0000096700001D8C00001767000013
S214006DD010B5083800230363436A002B00D0984799
S214006DE010BD10B5083800230363C36A002B00D01B
S214006DF0984710BD10B504002C30044B9847236A02
S214006E00083C002B01D02000984710BD35730000C9
S214006E1070B504000E00150000281DD000291DD0F6
S214006E20002A1DD100203C22FF321049104B984703
S214006E304423E25A0833E35A9A4213D1A6644C23F9
S214006E40E5520022083BE252433B23632000083011
S214006E50084B9847280070BD0020E4E70020E2E7D2
S214006E600120E0E71C204042F5E7C046E43101007F
S214006E7035720000C384000070B504000200083AB2
S214006E804423D35A4C21525A93420DD00200016C2F
S214006E90083A5D1C44201552C95C2000044B9847F4
S214006EA02000044B984770BD034B9847FBE7C0464D
S214006EB091840000C3840000CB840000F0B585B048
S214006EC004000D001600002817D0002917D0002A4D
S214006ED017D10020AC2252001249134B984703A842
S214006EE0124B9847343420000194114B9847070002
S214006EF003A8104B984700240BE00020EAE7002088
S214006F00E8E70120E6E70134A4B2691801980A4BC5
S214006F1098472100A74201D9B442F4D3200005B017
S214006F20F0BDC046E431010035720000096700007C
S214006F307573000017670000E9720000F8B50400DA
S214006F400D0016001F00002826D0002926D0002A93
S214006F5026D0002B26D100203A221549154B9847FB
S214006F60200034303A003100134B984700281BD1DC
S214006F70200008302900114B984700280BD1104BF1
S214006F806360104B2360104BA360104BE360104B04
S214006F902361104B6361F8BD0020DDE70020DBE7CE
S214006FA00020D9E70120D7E70D204042F3E7C0468E
S214006FB0E4310100357200009D720000D9830000A4
S214006FC0BD6E0000116E0000796E0000F56D0000C9
S214006FD0D16D0000E36D000010B50400431E98411B
S214006FE0C0B261220449054B984720000830044B84
S214006FF09847002010BDC046E431010035720000FD
S2140070007784000070B504000D0000280BD000291E
S21400701007D0012077220549054B98472C600020B1
S21400702070BD0020F6E70020F4E7C046E43101001A
S2140070303572000070B505000E001400431E98411E
S214007040C0B283221649174B9847012E11D0002E46
S21400705004D0022E18D00D20404209E0AC62621E19
S2140070609441E2B22800083001210F4B98470020D7
S21400707070BD6C62621E9441E2B2280008300221A4
S214007080094B98470020F3E7EC62621E9441E2B297
S214007090280008300321044B98470020E8E7C04644
S2140070A0E431010035720000D5840000F8B5050013
S2140070B00E001700002823D0002923D0002A23D151
S2140070C00020F1221149124B98472C00083420006A
S2140070D0104B98470028F8D00025715D20000E4B15
S2140070E0984720000B4B98470028FAD00135BD4240
S2140070F0F3D32000094B98470028FAD02800F8BDA3
S2140071000020DEE70020DCE70120DAE70432010099
S21400711035720000A184000089840000AB84000062
S214007120F8B5CE46474680B5051E884691461FD020
S21400713000291FD0002A1FD10020862252000F49A6
S2140071400F4B984700262C00083420000D4B98471C
S2140071500028F8D043469F1920000B4B98473870FC
S21400716001364E45EFD330000CBC90469946F8BD2C
S2140071700020E2E70020E0E70120DEE7043201001D
S21400718035720000B78400009984000070B50400D2
S2140071900D00002814D0002910D0012034220949FF
S2140071A0094B9847200008302900084B98470028CC
S2140071B003D1074B6360074B236070BD0020EDE7EB
S2140071C00020EBE70432010035720000AD830000BA
S2140071D021710000AD70000010B50400431E9841F8
S2140071E0C0B253220449054B984720000830044B90
S2140071F09847002010BDC0460432010035720000DA
S2140072006584000070B504000D0000280BD000292E
S21400721007D0012069220549054B98472C600020BD
S21400722070BD0020F6E70020F4E7C04604320100F7
S21400723035720000002800D100BE70470368002B9E
S21400724003D08B4203D01B68F9E70020704701206B
S214007250FCE7000070B504000D00064B98470123BC
S2140072605840C0B239220449044B984723682B6023
S214007270256070BD3D7200002032010035720000AE
S21400728003680B60016070470368002B03D01A6820
S2140072900260180070470020FCE7000070B504008C
S2140072A00E001500002812D0002912D0002A12D194
S2140072B0002028220A490B4B98476B1E2B420CD104
S2140072C063600023A360E3602660002070BD00209A
S2140072D0EFE70020EDE70120EBE70D204042F5E761
S2140072E0403201003572000070B504000D00002821
S2140072F016D0002912D0012040220C490C4B98478A
S214007300A368E2689A420DD0626813402268D35C94
S2140073102B70A3680133A360002070BD0020EBE74C
S2140073200020E9E70A204042F7E7C0464032010065
S2140073303572000070B504000D00431E9841C0B2BF
S21400734051220A490A4B98476368E268134022684C
S214007350D554E368A2689A1A61688A4201D9591A14
S214007360A1600133E360002070BDC04640320100DA
S2140073703572000010B50400431E9841C0B2672263
S2140073800349044B9847E068A368C01A10BDC0467E
S21400739040320100357200000300064A1268002AD7
S2140073A004D0044A1068C318136070470249014AA3
S2140073B01160F6E70C060020384500200120404208
S2140073C0704780239B014B60002070470120704768
S2140073D000207047024B9C466044800AC0B270474B
S2140073E000BCFFBD30B5524B984200D188E0514BEF
S2140073F0984200D18FE00022038CDB0714D4038C64
S2140074009B07FCD103789B0709D503780224A34386
S2140074100370038C9B07FCD1038C9B07FCD40123D1
S2140074200370038C9B07FCD1038CDB07FCD482859E
S214007430CA00521A9400404B1B199A784270DA78A8
S21400744082701A79C270DB880381038C5B05FCD1DD
S214007450CB005B1A9A00384B9B181B894381038C20
S2140074605B05FCD1CB005B1A9A00334B9B189B7ACA
S2140074700373038C5B05FCD1CB005B1A9A002E4B82
S2140074809B18DB7A4373038C5B05FCD1CB005B1A3D
S2140074909A00294B9B189B89C381038C5B06FCD4FE
S2140074A0CB005B1A9A00244B9B18DB890382038C63
S2140074B01B06FCD4CB005B1A9A001F4B9B181B8A3A
S2140074C04382038CDB05FCD4CB005B1A9A001A4B74
S2140074D09B185B8A8382038C9B05FCD4164ACB00E0
S2140074E05D1AAC0025001419247D047700248462FC
S2140074F0521953780370038C9B07FCD1002030BDD3
S2140075000E4B1B681A02E024E4001440DB08072236
S2140075101A40224370E7094B1B689A091202E024BE
S214007520E40022405B0A072423401A4364E7C0466F
S214007530004400420048004264320100206080009F
S21400754010B50B4B984702000020002806D08D226D
S21400755008490020084B9847002010BDC3001B1A9E
S2140075609900064BCB5C9A42F7D00130C0B2ECE7EC
S214007570D5730000803201003572000064320100CD
S21400758070B505000C00431E9841C0B2DD220649C6
S214007590064B98472C602000054B984701002000BA
S2140075A0044B984770BDC04680320100357200001B
S2140075B041750000E57300000268137802210B4352
S2140075C0DBB21370138C9B07FCD1704703685A8993
S2140075D0120903231340032B01D002207047012019
S2140075E0FCE7036898790123184070470268137E09
S2140075F002210B43DBB21376138C5B05FCD170477C
S2140076000368988C80B2704700207047F0B5016020
S2140076108B69012213438B6103689A69D207FBD5F5
S2140076209A69022422439A61334B99420FD002682A
S214007630936902218B4393610268936901398B43F6
S214007640936103689B69DB07FBD40020F0BD2B4BDE
S2140076501A0001C22A49816101688C698C6101683F
S21400766000248C600168274DCD610168264DCD60F1
S214007670264D2D042D0C802189020D43A026076877
S214007680BD51BC25066874510C3506687451204DF2
S2140076902D042D0C8026B6043543C0260768BD5140
S2140076A01204120C0A43F02506687251703D282217
S2140076B0066872511A0014321204120C0A43842609
S2140076C00768BA511C331B041B0C0B438822016845
S2140076D08B5090230268D4500E4B802252025A518F
S2140076E0BFF34F8FBFF36F8FC02149005A501A6007
S2140076F003680122DA659AE700200042100600209F
S21400770024000020070A0206330A00008821002011
S2140077106821002000E100E00268936901218B43A4
S2140077209361002070470000F0B5CE46474680B50E
S21400773085B080460368A4229A58520645D0A422F3
S2140077409C58240A653A1440A146234A93422ED0F8
S2140077500023002B3CD01A6852002CD400224A7317
S2140077601A68D200520D0A601A6892002AD46A4635
S2140077701A486E46B0C8B0C6006830605868000345
S214007780000F125C0A73886808331900144B984778
S21400779043461968A8228B583F2083434C461C4317
S2140077A08C50002005B00CBC90469946F0BD2301D5
S2140077B00C4A9B18CDE701224A731A68D200D208F9
S2140077C00A60D1E701220A71D1E70A204042E9E7C0
S2140077D01C204042E6E7C0460020004298320100E6
S2140077E0C9B000008821002070B505000368C422D7
S2140077F09A58920200D593E0C4229858000CA53AF5
S21400780010404A4A93423AD00020002800D18AE02D
S2140078104B7B012B37D00B689B0403600A7B082A3E
S21400782039D844680F2313401B04414A14402343AD
S21400783043602B689B691B0A0124426823405B0552
S2140078403C4E3240134343602B689B695B0A426898
S21400785023401B05384E32401343436008308B6884
S2140078600A7B1900354B98472968C423CA58120C5E
S214007870A53B13409C40D023CC50002070BD000197
S2140078802F4BC018C1E70B68036002688023DB0536
S21400789013430360C2E70C2A07D84268244B1A40F9
S2140078A090231B0313434360C3E7102A07D842689C
S2140078B01F4B1A40A0231B0313434360B9E7142A47
S2140078C007D842681A4B1A40B0231B031343436081
S2140078D0AFE7182A07D84268154B1A40C0231B0387
S2140078E013434360A5E7202A07D84268104B1A4086
S2140078F0D0231B03134343609BE7302A07D8426814
S2140079000B4B1A40E0231B031343436091E7402AC6
S21400791000D98EE74268F0231B031343436088E7D1
S2140079201C204042AAE71C204042A7E70020004255
S214007930FFFFF0FFFFFFDFFFFFFFEFFFC9B0000014
S2140079406821002010B5002909D001290ED002298F
S2140079500BD10268536D0C490B40536505E0016876
S2140079604B6D012083431A434A6510BD01684B6D79
S214007970064C234052021A434A65026801214942D6
S214007980E023D150F1E7C04601020000FFFDFFFFF3
S21400799030B584698800E568AC4660442469C9004F
S2140079A06118002A1DD1002B19D05A6802601B6886
S2140079B002685B055B0917490A40134303600368C6
S2140079C09B009B08802212061A4302600268124B34
S2140079D01A4080231B0513430360002030BD03605C
S2140079E0FBE7012AF9D1002B12D01A680A600A6850
S2140079F0D200D20880208005104308605B684B6088
S214007A004B689B009B08802212061A434A60E4E7F4
S214007A100B60E2E7FFFF00F8FFFFFFC770B51A4BE9
S214007A201D682B681C6DE30714D4A30516D4A301A8
S214007A3018D4E3011BD4230207D5EB682A68526CDE
S214007A40920619D5022128009847230716D42B68DA
S214007A501C6570BD2800AB689847E6E728006B6891
S214007A609847E4E703212800EB689847E1E7002100
S214007A702800EB689847DEE70121E4E704212800A8
S214007A80EB689847E3E7C0461006002043B2002B99
S214007A9007DB1F2318401E3B83408022520001490B
S214007AA08B50704700E100E010B503011B1A580127
S214007AB01D301E21014B984710BDC046897B000033
S214007AC010B503011B1A580102300321024B9847D8
S214007AD06423584310BDC046897B00000139FDD899
S214007AE07047000010B50E4A536804210B435360DC
S214007AF00C4B98470C4B98470C4B984702200C4C65
S214007B00A0470C4B9847FD20A0470B4B98470B4AC5
S214007B10136980210B431361094B984710BDC0467B
S214007B2000400041A1800000BD800000958000005C
S214007B3041800000F9800000457B000000080040FE
S214007B40397C00009022D205137802218B431370F3
S214007B50704710B582B0EFF31083019372B690238E
S214007B60DB051A78012422431A709860D9609023A6
S214007B70DB051B79DB07FAD49023DB051869019B2C
S214007B8083F3108802B010BD10B582B0EFF31083F7
S214007B90019372B69023DB051A780124A2431A706B
S214007BA09860D9609023DB051B79DB07FAD4902315
S214007BB0DB051869019B83F3108802B010BD000036
S214007BC010B582B0EFF31083019372B69023DB05F5
S214007BD01A78012422431A709860D9609023DB0536
S214007BE01B79DB07FAD4044B18685968019B83F3AA
S214007BF0108802B010BDC0461000004810B582B014
S214007C00EFF31083019372B69023DB051A780124F4
S214007C10A2431A709860D9609023DB051B79DB07B6
S214007C20FAD4044B18685968019B83F3108802B095
S214007C3010BDC0461000004870B52A4B1A880221B5
S214007C408A431A801A8802318A431A804022995C35
S214007C5001200143C9B29954F02212011A805A7BBE
S214007C6001218A430243D2B25A731F4A5A611F4AFD
S214007C705A631F4A9A6300231EE01A4C3F22A354FD
S214007C801C495800C518AA00555CAD0901222A40B7
S214007C904025665DAE43920132436255C0188200AD
S214007CA08A18516861641089104A1901885252185E
S214007CB00021D1600133DBB20B2BDED90E4A8023C4
S214007CC0D350BFF34F8FBFF36F8FC021490053507F
S214007CD01360044A138802210B439BB213800020D2
S214007CE070BDC0460060004180808080B0210020CA
S214007CF070220020A832010000E100E010B53F230A
S214007D000E4CE05400290AD1002A03D102310D336B
S214007D10E15406E002214D23084AD15401E001292E
S214007D2000D010BD002A04D001214D23034AD154AF
S214007D30F7E74C23014AD154F3E7C0460060004100
S214007D4003010248C018816000207047B02100205F
S214007D5003010248C018416000207047B02100208F
S214007D6070B5134A040113199E68A35A1B0A03250B
S214007D702B40A25A120506D50C009C40A4190501FA
S214007D800B4A521994600A4A040115196D68A45AE0
S214007D90620506D50A009A4052190401044B1B19C5
S214007DA05A6089B20001024B18184180002070BD4D
S214007DB0B021002070B50C4A3F23D0540B4C05016F
S214007DC02B5B012633439BB22B534024135D0225C5
S214007DD02B43DBB21355002904D0012383401169DD
S214007DE00B431361002070BD00600041B0210020ED
S214007DF04B0059188A00024B9B18036000207047FE
S214007E003C06002070B5154A118C0F230B403F2509
S214007E10545DE4B25900C918880011490818535532
S214007E204E21525CD2B2D10705D492070AD43F2322
S214007E300A4AD45470BD3E3D4E2208498D544368CC
S214007E409847F4E702254E2204498D545A00D31869
S214007E509A00034BD3589847E9E7C04600600041B4
S214007E603C060020F0B583B0254B5A690192019A72
S214007E705A61244B1868431E9841C0B2E922224931
S214007E80224B984701256D422FE0DB00204AD3188D
S214007E905D686B1C03D01B4B1B68280098470122AB
S214007EA0A240019B9343019301981A4B98470138CF
S214007EB044B2631C14D00A26002001E00139CEB279
S214007EC0B042E6D833185B10D9B2FF221340DF0069
S214007ED00F4ABA5CA242D8D0F0DA0131C8B2EFE756
S214007EE0074B5A690192019A5A61019B002B05D0F3
S214007EF00198084B9847013844B2DAE703B0F0BD62
S214007F0000280040CC0600208833010035720000AF
S214007F1038330100D9E00000294B5B68DB071BD42F
S214007F20274B5B689B07FBD1254B1B789B070CD523
S214007F30234A137802218B431370214B5B689B07FF
S214007F40FBD11F4B5B689B07FBD401221C4B1A70AE
S214007F501B4B5B689B07FBD1194B5B68DB07FBD4AD
S214007F60174A137810218B431370154B5B689B07D9
S214007F70FBD1134B00225A709A60124A9A61124A39
S214007F801A63124A5A63124ADA61124A1A621A7855
S214007F9002210A43D2B21A70094B5B689B07FBD1D9
S214007FA00D4B082280215A50BFF34F8FBFF36F8FBF
S214007FB00131FF315A501A60084B18600020704794
S214007FC000280040A86B0000203E00008F00010043
S214007FD0001010101321110300E100E0CC06002071
S214007FE030B50023092B0BD8DC00104A1219526852
S214007FF0824202D00133DBB2F4E70C4BE25C00E0D5
S214008000FF22FF2A0FD0002906D101239340084AF9
S214008010D3605361002030BD01239340044A53616E
S21400802013610020F7E701204042F4E738330100EF
S2140080300028004010B5014B984710BD657E000033
S214008040C30707D50E4A0F4B1A620E4B5A680E4BE3
S2140080501A42FAD1830707D50C4A0A4B5A62094BD3
S2140080605A68094B1A42FAD1430707D5084A054B06
S2140080709A62044B5A68044B1A42FAD17047C046BB
S21400808006010100001C0040FD0700000601180064
S214008090070101000122014B1A71704700080040D9
S2140080A0054AD3691B0A1B02F82149010B40D3611C
S2140080B0012313617047C046001400400D4B022296
S2140080C01A7500225A750B4B9B695B07FBD4094B4C
S2140080D09B695B07FBD40722064B9A75054BDB684A
S2140080E0DB06FBD5034A137D802149420B43DBB2F6
S2140080F01375704700100040412180231A4AD15062
S21400810018221A4B1A622C23184AD25C1E3B1A42BB
S214008110F9D1164B20225A620021083299542C239A
S214008120124AD25C1E3B1A42F9D102220F4B1A7732
S2140081302C230E4AD35C9B07FAD430230B4AD35C1D
S214008140DB0703D43023D35C9B07F6D5074A137F9F
S214008150802149420B43DBB213772C23034AD25CBF
S2140081601E3B1A42F9D17047001C00400010004028
S21400817030B589B00B4C6B46220032CA32C332CAC5
S21400818032C312CA12C30023072B08D89A006946C6
S2140081905258824201D00133F6E7D8B200E0002000
S2140081A009B030BDA033010010B58469237EDB071B
S2140081B002D5A37DDB070FD4237E9B0702D5A37DC4
S2140081C09B070ED4237E5B0715D5628B37231A4296
S2140081D00CD04833638310BD01232375036898478A
S2140081E0F9E70223237583689847F4E74368218DEF
S2140081F0C9B29847EFE7237EDB09ECD080232376CD
S214008200C3689847638B9BB26383E4E7064B984248
S21400821003D0064B984203D07047054B1960F8E729
S214008220034B5960F8E7C0460008004200180042B9
S214008230D006002010B58623DB05984207D0084BF1
S214008240984204D0074B98470930C0B210BDBD23F2
S2140082501B069C466044800A0930C0B2F6E7C0465A
S214008260000400437181000010B50C4B98470100D4
S214008270002001280BD883001B189A00084B9B1877
S21400828020229B5C994208D00130C0B2F1E7054A33
S21400829005490020054B9847002010BD718100005D
S2140082A0A033010063020000243401003572000090
S2140082B070B504003B4B9847E369DB071DD4830089
S2140082C01B189A00384B9B185A6A1C231A40E369FD
S2140082D09B07FCD123689B0709D5236802218B43A3
S2140082E02360E3699B07FCD1E3699B07FCD4012369
S2140082F013432360E3699B07FCD1E369DB07FCD4E7
S21400830083001B189A00284B9B185B6A2360E3695E
S2140083109B07FCD183001B189A00234B9B189B6A73
S2140083206360E3695B07FCD183001B189A001E4B51
S2140083309B185B6A9A040BD4C022D201134207D161
S21400834083001B189A00184B9B189B8DA38119E07D
S214008350154A81000D18AB00D3189D8DA389ED0436
S214008360ED0C5B0B5B032B43A38120320B189900AB
S2140083705218937B07221A40A3895203DB04DB0CB6
S2140083801343A381084B1900203182001618B5004C
S2140083904919C97BA1735B1930331A783023E2542C
S2140083A0002070BD69820000A033010070B5050092
S2140083B00C00431E9841C0B2B8220449044B9847AB
S2140083C02C602000034B984770BDC0462434010043
S2140083D035720000B182000070B506000C00431E26
S2140083E09841C0B2C6221949194B98472000194B2C
S2140083F09847051E01D0280070BDB46131002000EA
S214008400154B98472000154B984743B2002B0ADBC4
S2140084101F21014001228A408021114C6250BFF387
S2140084204F8FBFF36F8F002B07DB1F210140012208
S2140084308A40C02149000A4C6250002BDBDB1F2318
S21400844018401E3B8340064A1360D4E724340100DC
S21400845035720000B18200000D82000035820000F7
S21400846000E100E00268136802210B431360D36941
S2140084709B07FCD170478269136802210B43136087
S214008480D3699B07FCD17047036889B2198570478A
S214008490836989B2198570470368188DC0B2704722
S2140084A00368187E01231840704703681B7E5B082C
S2140084B001201840704703681B7E9B080120184067
S2140084C07047836901229A757047836902229A75FC
S2140084D07047000070B504000D001600431E98415A
S2140084E0C0B2174A1749184B9847002D0BD0022DDB
S2140084F009D0012D18D0032D0FD1A369002E1CD052
S21400850080229A7509E0A369002E07D101221A7508
S214008510A369002E05D102221A7570BD01229A7534
S214008520F6E702229A75F8E7A369002E02D1042224
S2140085301A75F2E704229A75EFE780221A75ECE7BF
S21400854023020000243401003572000010B5024BEF
S2140085501868024B984710BDD0060020A98100007D
S21400856010B5024B5868024B984710BDD006002045
S214008570A98100002A4BDB69DB071BD4284BDB698B
S2140085809B07FBD1264B1B689B070CD5244A136818
S21400859002218B431360224BDB699B07FBD1204BE8
S2140085A0DB699B07FBD40D221D4B1A601C4BDB6955
S2140085B09B07FBD11A4BDB69DB07FBD4194A184B28
S2140085C01A60174BDB699B07FBD1154A13681649DF
S2140085D00B401360124BDB695B07FBD110490B683D
S2140085E0124A1A4080239B0313430B600C4BDB6933
S2140085F05B07FBD180229202094B5A60084BDB696D
S2140086005B07FBD1064A0B231373136802218B43C7
S2140086100B431360024BDB699B07FBD100207047BE
S214008620000400420C000030FFFFFCFFFFFFCFFFFE
S214008630044A136802210B431360024BDB699B0755
S214008640FBD17047000400422A4BDB69DB071BD4D2
S214008650284BDB699B07FBD1264B1B689B070CD579
S214008660244A136802218B431360224BDB699B0765
S214008670FBD1204BDB699B07FBD40D221D4B1A60F8
S2140086801C4BDB699B07FBD11A4BDB69DB07FBD472
S214008690194A184B1A60174BDB699B07FBD1154923
S2140086A00B68164A1A4080239B0213430B60114B3B
S2140086B0DB695B07FBD10F4A136811490B40136057
S2140086C00C4BDB695B07FBD180229202094B5A6098
S2140086D0084BDB695B07FBD1064AFF23137313685D
S2140086E002218B430B431360024BDB699B07FBD1D4
S2140086F000207047001000420C000030FFFFFCFF17
S214008700FFFFCFFF044A136802210B431360024B9E
S214008710DB699B07FBD170470010004210B5C368A9
S2140087209A7AD20700D410BD01229A72036898473D
S214008730F9E770B505000469A37ADB0705D50123C0
S214008740A3720368002B00D09847637A9B0706D570
S2140087500223A3726B68002B01D02800984770BDD7
S214008760094B984206D0094B984206D0084B9842CF
S21400877006D07047074B1960F5E7064B5960F5E7DA
S214008780044B9960F5E7C0460034004200380042CA
S21400879000400042D806002030B589B0194C6B4620
S2140087A0220032CA32C332CA32C312CA12C30023EC
S2140087B0072B08D89A0069465258824201D00133E6
S2140087C0F6E7DBB204E0104B9C466044800AC3B276
S2140087D0002002280BD88200121891000B4A8A5CEF
S2140087E09A4202D00130C0B2F3E740B207E0EA2274
S2140087F0FF3207490020074B98470120404209B046
S21400880030BDC0464034010000D0FFBD3800002017
S214008810603401003572000070B506000C000800D8
S214008820654B98470500F460912264490120644B2B
S21400883098472369DB0714D423699B07FCD1236878
S2140088409B0709D5236802229343236023699B076D
S214008850FCD123699B07FCD40123236023699B0773
S214008860FCD12369DB07FCD4AB005B199A00554B9F
S2140088709B185B68236023699B07FCD1AA005219EA
S2140088809100504B5B189A7AE2731A89E2800122B3
S21400889022735A680C231340082B56D0002B68D13D
S2140088A0AB005B199A00474B9B189B89A3832369EF
S2140088B0C0221A42FBD1AB005B199A00414B9B18B1
S2140088C01B8AE3832369C0221A42FBD10123637209
S2140088D0310020003C4B9847AB005B199A00394B9F
S2140088E09B185B785BB2002B0BDB1F2213401E3AF3
S2140088F09A401300802235498B50BFF34F8FBFF349
S2140089006F8FAB005B199A002E4B9B185B785BB29F
S214008910002B08DB1F2213401E3A9A401300C02289
S21400892052002A498B50AB005D19AA00254B9B18B4
S2140089305B785BB2002B06DB1F2213401E3A9A4080
S2140089401300224A1360002070BD1E4B5B18DB68C4
S214008950E3612369C0221A42FBD1AB005B199A007F
S214008960184B9B181B6923622369C0221A42FBD14D
S214008970ACE7042BAAD1AB005B199A00114B9B18ED
S2140089801B7B23772369C0221A42FBD1AB005B19FD
S2140089909A000C4B9B181B7C63772369C0221A42F3
S2140089A0FBD1AB005B199A00064B9B18DB7AE3768B
S2140089B023699B06FCD489E7998700006034010090
S2140089C035720000380000206187000000E100E0FA
S2140089D070B506000C000800534B9847050034613C
S2140089E02369DB0714D423699B07FCD123689B0704
S2140089F009D5236802229343236023699B07FCD191
S214008A0023699B07FCD40123236023699B07FCD1C1
S214008A102369DB07FCD4AB005B199A00434B9B1819
S214008A205B68236023699B07FCD1AA00521991005A
S214008A303E4B5B189A7AE2731A89E280032222730D
S214008A405A680C231340082B54D0002B66D1AB0079
S214008A505B199A00354B9B189B89A3832369C02218
S214008A601A42FBD1AB005B199A00304B9B181B8A4D
S214008A70E3832369C0221A42FBD1310020002C4B2D
S214008A809847AB005B199A00284B9B185B785BB243
S214008A90002B0BDB1F2213401E3A9A401300802245
S214008AA024498B50BFF34F8FBFF36F8FAB005B191A
S214008AB09A001E4B9B185B785BB2002B08DB1F22CC
S214008AC013401E3A9A401300C022520019498B5098
S214008AD0AB005D19AA00154B9B185B785BB2002BA8
S214008AE01FDB1F2213401E3A9A401300114A1360E0
S214008AF0002070BD0D4B5B18DB68E3612369C02264
S214008B001A42FBD1AB005B199A00084B9B181B69F5
S214008B1023622369C0221A42FBD1AEE701204042FD
S214008B20E7E70020E5E7C046998700003800002008
S214008B306187000000E100E0C268136802210B4371
S214008B40136013699B07FCD1704702691368022102
S214008B500B43136013699B07FCD17047C268136808
S214008B6002218B43136013699B07FCD170470000FA
S214008B7070B50E001500046920001B4B9847820054
S214008B8012189100194B5B18DE601D615A680C23A1
S214008B901340082B16D083001B189A00134B9B1803
S214008BA09B89A3832369C0221A42FBD1830018182D
S214008BB082000E4B9B181B8AE3832369C0221A424D
S214008BC0FBD170BDE6612369C0221A42FBD1830047
S214008BD018188200054B9B181B6923622369C02264
S214008BE01A42FBD1EDE7C046998700003800002006
S214008BF0C26813699B07FCD113685B080120184004
S214008C007047026913699B07FCD113685B08012053
S214008C1018407047002070470020704710B5C068A5
S214008C20084B98470400A022FF3207490120074B53
S214008C309847A00000198200054B9B185878054BF2
S214008C40984710BD99870000603401003572000017
S214008C50380000208D7A000010B5024B1868024BD1
S214008C60984710BDD80600203387000010B5024B89
S214008C705868024B984710BDD80600201D87000094
S214008C8010B5024B9868024B984710BDD8060020D6
S214008C901D870000264BDB69DB071BD4244BDB69F2
S214008CA09B07FBD1224B1B689B070CD5204A1368F9
S214008CB002218B4313601E4BDB699B07FBD11C4BC9
S214008CC0DB699B07FBD40522194B1A60184BDB693E
S214008CD09B07FBD1164BDB69DB07FBD4154A144B0D
S214008CE01A60134BDB699B07FBD1114A13681249C4
S214008CF00B4013600E4BDB695B07FBD10C490B681E
S214008D000E4A1A4080235B0313430B60084BDB6953
S214008D105B07FBD1C0229202054B5A60044BDB690D
S214008D205B07FBD1064A024B9A8100207047C0467B
S214008D300018004204000040FFFFFCFFFFFFCFFFCB
S214008D4056ECFFFF014B188DC0B27047001800426A
S214008D5080B2014B1885704700180042024B187EFF
S214008D60012318407047C04600180042024B1B7E85
S214008D709B0801201840704700180042044A1368F8
S214008D8002210B431360024BDB699B07FBD1704744
S214008D900018004210B5041E27D00368002B22D00E
S214008DA0012050221549164B984723689A680E21D1
S214008DB01142FBD11A78D20919D19A680E211142B4
S214008DC0FBD11A78920715D41A780A398A431A7092
S214008DD09A680E211142FBD12268537801318B43E9
S214008DE05370002010BD0020DBE70020D9E71120DB
S214008DF04042F7E711204042F4E7C04674340100D1
S214008E003572000010B5041E12D00368002B0DD07A
S214008E1001201A22FF320749074B98472268A523EC
S214008E2013739368DB06FCD4002010BD0020F0E727
S214008E300020EEE7743401003572000010B5564B82
S214008E409847564B9847564B9847564B9847564B1D
S214008E509847564B98470023554A1370554A136057
S214008E60554B9847554B9847554C22785549022004
S214008E70554B98472378042B38D0052B3BD06421DC
S214008E800220524B98473220514B98470021002031
S214008E90504B9847504B1A68504B18681821504B47
S214008EA09847C0B24F4B1870022829D004282CD0FF
S214008EB0002803D14C490330434B984760234B4A64
S214008EC0D35C002B05D03E4B1B78042B22D0052B01
S214008ED025D0444B1B785A1E9341454A1371454B87
S214008EE01A68516F20230B4353672DE04249032035
S214008EF0354B9847C3E741490320334B9847BEE7B5
S214008F003F490320304B9847D8E73E4903202E4B75
S214008F109847D3E73C4903202B4B9847D9E73B4972
S214008F200320294B9847D4E7394B984710E0394B34
S214008F30984711E0384B984714E0384B984715E0AF
S214008F40374B1B78002B23D1364B1B78002BEBD1ED
S214008F50354B5B78002BEAD1344B1B78344B1B78AF
S214008F60002BE7D1334B1B78002BE6D11D4B1B782B
S214008F70022BE5D01F4B1B685A6FD206E0D55A6FFE
S214008F805206DDD55B6F9B06DAD52B4B9847D7E7A5
S214008F902A4B9847D8E7C0461D0100004112000042
S214008FA0C91200003911000075A200006907000010
S214008FB0FE07002014070020BD0B0000250D000052
S214008FC0840800208C34010061110000F9060000BE
S214008FD05910000051A50000200000201C000020B1
S214008FE03D5A000001080020E03401001808002067
S214008FF0F40A002004000020B8340100CC3401003C
S214009000103501003C3501006C3501009435010037
S214009010EDA700009D3C0000A15200006144000046
S21400902038070020E40A002088080020950A00205F
S214009030B00A0020880A0020D55300001104000062
S21400904010B501000020014B984710BDA5A40000F4
S214009050F0B5D64600B582B00400154B9A460022FD
S214009060144BC1688068D047134D0022134BA847A5
S2140090700090019100220F4B206A616AD0470022BF
S2140090800E4BA84706000F0000220A4BA06EE16EAA
S214009090D0470022094BA847009A019BA260E360D4
S2140090A026626762A066E16602B004BC9246F0BD26
S2140090B0D1F1000000004E4039FA00000000F040F8
S2140090C070B504000D00054E02000B00B04702000C
S2140090D00B0020002900B04770BDC04639FA0000DA
S2140090E010B502000B00014CA04710BD39FA000075
S2140090F010B5044B1868044B9847044B9860D96029
S21400910010BDC0464C0B00200D0601009008002044
S214009110F0B5D6464F464646C0B590B00700046A3E
S214009120456A20002900CC4EB047BA6EFB6E089206
S2140091300993CA4B9A46089A099B0A900B91D04706
S2140091403B008933FF331860596020002900C44B68
S214009150984702000B00C34CA04704000D00089877
S2140091600999B04702000B0020002900D0473B00B9
S2140091709133FF3318605960BA68FB6808980999FC
S214009180B94CA0470A9B0B9C009301940890099148
S21400919002000B00B5490320B54CA0473C6A7D6A27
S2140091A020002900B04702000B000A920B93089893
S2140091B00999B04EB047002800D0BAE00A9A0B9B37
S2140091C008980999AC4EB047002825D00122D42330
S2140091D05B00FA54BA68FB68100019009F4E220024
S2140091E02B0008900991B0470A900B91BA6EFB6E5F
S2140091F020002900B04702000B000A980B99994CF2
S214009200A04702000B0008980999974CA0473B001E
S2140092109933FF3318605960BB68FC68180021005A
S2140092200A900B913B008933FF335C681B681A0079
S21400923023000C920D9301248E4DA847002800D1E0
S2140092400024E3B29946BB6DFC6D1800210008901F
S21400925009913B009133FF335C681B680E930F94B3
S21400926001251A002300854CA047002800D10025C0
S214009270EDB24B461D4200D17DE00022AA23FF330B
S214009280FA54386A796A764B984704000D00B86E2F
S214009290F96E714B984702000B00200029006F4CB6
S2140092A0A04702000B003900A131FF310A604B6075
S2140092B008980999714CA047002800D1C1E0704970
S2140092C003206B4B98473B00A133FF331A685B685B
S2140092D0B86DF96D6B4CA047002800D0B6E0D423DB
S2140092E05B00FA5C01323B00A133FF335C681B680D
S2140092F0069307943B009933FF335C681B6804931E
S21400930005943B009133FF335C681B68029303941B
S2140093103B008933FF335C681B68009301945A490D
S2140093200320534B984710B01CBC90469946A24663
S214009330F0BD0022D4235B00FA54BC68FD6822000E
S2140093402B0020002900474EB04708900991BA6EBE
S214009350FB6E20002900414CA0474C4B984702006A
S2140093600B0008980999404CA0473B009933FF33FF
S2140093701860596050E701240C9A0D9B0A980B99C7
S2140093803E4EB047002800D10024E3B29A4601269C
S2140093900E9A0F9B08980999364CA047002800D1D2
S2140093A00026F6B253461E4204D00122AA23FF33FB
S2140093B0FA5466E74B461E421FD03B009933FF33F4
S2140093C01C685D6822002B00089809992B4EB04750
S2140093D0002804D00222AA23FF33FA5451E72200C1
S2140093E02B0008980999234CA047002800D148E78D
S2140093F00322AA23FF33FA5443E753462B4200D1F5
S2140094003FE73B009933FF331C685D6822002B0062
S21400941008980999194EB047002804D00422AA23B8
S214009420FF33FA542DE722002B0008980999114CB7
S214009430A047002800D124E70522AA23FF33FA54C8
S2140094401FE7134903200A4B98473CE711490320BE
S214009450074B984743E7C046E1900000D1F1000073
S214009460C1900000B1EB000039FA0000643701003B
S21400947061110000C1DF0000FDDF0000E9DF000031
S21400948090370100B5DF0000B4370100F1AD0000F1
S2140094909C370100A8370100F0B5DE4657464E4619
S2140094A04546E0B595B00400AA23FF33C35C052B00
S2140094B007D89B00B14AD3589F46B1490320B14B09
S2140094C09847AA23FF33E35C052B34D89B00AE4AAB
S2140094D0D3589F46AD490320AA4B9847F1E7AC49BD
S2140094E00320A84B9847ECE7AA490320A54B9847CA
S2140094F0E7E7A9490320A34B9847E2E7A7490320DB
S214009500A04B9847DDE7A64DA26EE36EA068E16823
S214009510A847A44B98472300A83318605960103317
S21400952018605960A268E368A06DE16DA847230043
S214009530B033186059602300A8331A685B68C021EE
S2140095408B46A3445D46100019002A606B6023001A
S214009550B8331A685B6808352A606B60924EB0466E
S214009560109211930E900F91B0470A00010026004A
S214009570D03612911392316072602300B0331A68AD
S2140095805B682700D8373A607B600C920D930E9884
S2140095900F99C047E0239946A1444B46186059608E
S2140095A00C9A0D9B10981199C047E8239A46A2443E
S2140095B05346186059600C9A0D9B12981399C04731
S2140095C0F0341294206061600C990D9A0291039217
S2140095D01099119A009101920E9A0F9B73490320DD
S2140095E0684CA0475B461A685B6812990868496829
S2140095F00A900B91514608684968089009914946B7
S214009600086849680690079138687968049005915B
S214009610306871680290039128686968009001912B
S21400962063490320A04715B03CBC90469946A24625
S214009630AB46F0BDA26DE36D0C920D935A4EA26E32
S214009640E36E10001900B04702000B000C980D994D
S214009650534DA847574B98472300A83318605960C6
S21400966010331860596002000B00B0472300B03377
S214009670186059605FE7226A636A10001900484D57
S214009680A26EE36E0C900D91A8472300A8331860D5
S2140096905960A668E7680C9A0D9B30003900A84709
S2140096A02300B8331860596032003B00A06DE16DAE
S2140096B0A8472300B033186059603CE7226A636A03
S2140096C016001F00A16EE26E354D0E910F9213002C
S2140096D00A000C960D9730003900A8472700A837D7
S2140096E038607960344E0022344BA06DE16DB0478F
S2140096F0109011910E980F99314B98470A0001006F
S2140097000E910F921300020010981199B047109016
S21400971011910C980D992B4B984702000B0022498B
S214009720884610981199C047109011910E9A0F9B79
S2140097300C980D99B04702000B0010981199A84795
S214009740184B98470C900D91A26EE36E206A616AE2
S214009750A84702000B000C980D991B4DA847002245
S2140097601A4BB0472300B833186059603A687B68D4
S214009770C0472300B03318605960DCE6BC350100F2
S214009780F037010061110000D4350100FC370100FC
S2140097900838010014380100203801002C38010078
S2140097A0D1F10000F1AD0000B1EB00003838010047
S2140097B05C38010089AC000039FA00000000104057
S2140097C0E1900000C190000039FF00000000E03F7B
S2140097D0F0B5DE4657464E464546E0B599B004001D
S2140097E00300C0331A685B68C16E806E534DA8478D
S2140097F00D00070098235B009B46A34402000B0065
S2140098005846026043609C235B009A46A2443A0096
S2140098100E910B00504602604360A0235B00994601
S214009820A144002000214B4618605960A4235B0029
S2140098309846A04443461860596080231B069C4601
S214009840654426005136FF360C973A002B003260EE
S214009850736023005933FF331F000C9A2B003A60C5
S2140098607B606134FF34206061600C980E99344D43
S214009870A8470C900D91534618685968A8470E9053
S2140098800F914B4618685968A847109011914346A7
S21400989018685968A8471290139130687168A847ED
S2140098A01490159138687968A84716901791206823
S2140098B06168A8470A900B911699179A0891099221
S2140098C01499159A069107921299139A0491059283
S2140098D01099119A029103920E990F9A0091019293
S2140098E00C9A0D9B17490320174DA8475B461A682C
S2140098F05B68206861680A900B9138687968089000
S2140099000991306871680690079141460868496871
S21400991004900591494608684968029003915146AB
S214009920086849680090019106490320A84719B0C5
S2140099303CBC90469946A246AB46F0BD39FA0000BC
S214009940E1040000B038010061110000F0B5DE4609
S21400995057464E464546E0B599B00400826EC36E43
S2140099600C920D930300C0331E685F683000390008
S214009970B64B9A469847B64D0022B64BA84702000B
S2140099800B000C980D99A8472300F83312901391FA
S2140099900A00010019605A6038331A685B680E9234
S2140099A00F932300C8331A685B6810001900AA4B8F
S2140099B0984632003B0010901191C04702000B0001
S2140099C00E980F99A84702000B00A44EB1461298B5
S2140099D01399B04706000F00631CFF331E605F60DC
S2140099E0383319685A680E910F92683B18685968A0
S2140099F0109A119BC0470A000100109111921300A3
S214009A0002000E980F99A84702000B00300039009C
S214009A10C84706000F0010981199D04700228D4BBA
S214009A20A84702000B000C980D99A84702000B00EF
S214009A3030003900C04706000F0023000933FF330B
S214009A4001003A0019605A60083319605A60303BCA
S214009A5019685A6808001100083B1A685B680E907F
S214009A600F91C047D04700227A4BA84702000B0050
S214009A700C980D99A84702000B0012961397300019
S214009A803900C04706000F0023001933FF331E605D
S214009A905F60216A626A10911192303B19685A68B9
S214009AA0080011000E9A0F9B0E900F91C0470200FF
S214009AB00B0010981199A84702000B0030003900DF
S214009AC0C04706000F0023002133FF331E605F608F
S214009AD0383319685A6810911192683B18685968AB
S214009AE00E9A0F9BC0470A0001000E910F921300BA
S214009AF0020010981199A84702000B0030003900A8
S214009B00C84706000F000E980F99D0470022514B09
S214009B10A84702000B000C980D99A84702000B00FE
S214009B2030003900C84723002933FF3318605960D6
S214009B30A268E36812981399494DA847002800D1F7
S214009B407FE0F8239846A044434618685968454D78
S214009B50A8470C900D91671CFF3738687968A847AE
S214009B600E900F9126000936FF3630687168A847B8
S214009B701090119188235B009946A1444B461868C3
S214009B805968A847129013918C235B009A46A2440A
S214009B90534618685968A8471490159190235B009F
S214009BA09B46A3445B4618685968A84716901791C9
S214009BB02934FF3420686168A8470A900B911699EB
S214009BC0179A089109921499159A06910792129974
S214009BD0139A049105921099119A029103920E9984
S214009BE00F9A009101920C9A0D9B1F4903201F4D5E
S214009BF0A84743461A685B68206861680A900B911C
S214009C0059460868496808900991514608684968A5
S214009C10069007914946086849680490059130689F
S214009C2071680290039138687968009001910E4936
S214009C300320A84719B03CBC90469946A246AB46BE
S214009C40F0BD0B490330094B98477AE7E1900000D6
S214009C5039FA00000000E03F39FF0000B1EB0000D9
S214009C60B5DF0000E10400001439010061110000B6
S214009C7004390100F0B5DE4657464E464546E0B587
S214009C809FB00600836EC46E0C930D940300C03321
S214009C901C685D6820002900C84A92469047C84A5A
S214009CA090460022C74BC04702000B00C6498946B3
S214009CB00C980D99C8470E900F9102000B00326762
S214009CC073673300F83319685A6810911192303B65
S214009CD019685A6808001100BC4FBB4622002B00CA
S214009CE012901391B8470A000100149115921300C0
S214009CF0020010981199C84702000B00B44F0E9846
S214009D000F99B8471090119133003133FF331C6818
S214009D105D6814981599AF4B98470022AE4BC8471C
S214009D2002000B0020002900C84702000B00109814
S214009D301199B8470A00010010911192B167F267B5
S214009D40731CFF331C685D68303B18685968129AAC
S214009D50139B14901591D8471290139102000B0094
S214009D6020002900C84702000B0010981199B84738
S214009D701690179133003933FF331C685D681298CC
S214009D801399944B98470022934BC84702000B0048
S214009D9020002900C84702000B0016981799B847FC
S214009DA004000D0012981399D0470022854BC04737
S214009DB002000B000C980D99C84702000B0020000B
S214009DC02900D84704000D00330080331294139501
S214009DD01C605D6088331C685D68303B19685A6893
S214009DE008001100149A159B16901791D847020088
S214009DF00B0020002900C84702000B001298139998
S214009E00B84733008833149015911860596088332A
S214009E101C685D68303B19685A6808001100169A7D
S214009E20179B18901991D8470A00010016911792AF
S214009E301300020020002900C84702000B001498F7
S214009E401599B84704000D0016981799D0470022B8
S214009E505C4BC04702000B000C980D99C8470200E7
S214009E600B0020002900D8470A0001003500903575
S214009E702B001691179229606A6088331C685D680B
S214009E80303B1A685B6810001900189A199B1A90E4
S214009E901B91D8471890199102000B00200029004A
S214009EA0C84702000B0016981799B8471C901D91DA
S214009EB033005133FF331C685D6818981999454B79
S214009EC09C46E0470022444BC84702000B00200097
S214009ED02900C84702000B001C981D99B84733009C
S214009EE098331890199104000D001C605D6088334B
S214009EF01C685D68303B186859681A9A1B9BD847DF
S214009F0002000B001A921B9320002900C84702008B
S214009F100B0018981999B8471C901D9133005933B7
S214009F20FF331C685D681A981B992A4B9C46E047CD
S214009F300022294BC84702000B0020002900C84712
S214009F4002000B001C981D99B84704000D001A98D3
S214009F501B99D04700221B4BC04702000B000C98F1
S214009F600D99C84702000B0020002900B8473300AF
S214009F70A033186059600A900B91189E199F089696
S214009F800997169D179E06950796149B159C049395
S214009F900594129C139D029403951099119A0091B2
S214009FA001920E9A0F9B0D4903200D4CA0471FB03F
S214009FB03CBC90469946A246AB46F0BDC190000018
S214009FC0D1F100000000184039FA000039FF000007
S214009FD0B1EB0000E19000000000E03F68390100AE
S214009FE061110000F0B5CE46474680B583B0050047
S214009FF000204E4B98474E4CA047286169610020D0
S21400A0004C4B9847A04706000F00AE61EF614A4BE5
S21400A0109846986B494B9847286269624346986C05
S21400A020A047A866E96632003B0028696969444E85
S21400A030B047444B9847C317C0185840A047A86578
S21400A040E965414B9946A0221206404BC847286650
S21400A05069663F4B98473F483F4B9847AE6DEF6D5C
S21400A060A0221206394B30003900C84700900191F3
S21400A07032003B0039490320394CA047AE69EF69EE
S21400A080A0221206314B30003900C84700900191DB
S21400A09032003B0033490320A0472E696F69A02297
S21400A0A012062A4B30003900C84700900191320052
S21400A0B03B002D490320A047AE68EF68300039000A
S21400A0C02A4B994698470090019132003B00284958
S21400A0D00320A0472E6A6F6A30003900C8470090F8
S21400A0E0019132003B0023490320A047AE6EEF6E7D
S21400A0F030003900C8470090019132003B001E49ED
S21400A1000320A04713481D4B984712481C4B9847FE
S21400A11010481C4B98470F481B4B98470D481B4B45
S21400A120984703B00CBC90469946F0BD01A50000C8
S21400A1300D06010041A50000180800209106010048
S21400A14039FF0000A5050100D1F100005028C440E9
S21400A150F19000009008002051900000BC390100EA
S21400A16061110000E8390100143A0100E104000022
S21400A170403A01006C3A0100983A01001191000043
S21400A18099940000D19700004D990000759C00003E
S21400A19010B50B00002809D111001800054B984790
S21400A1A0002800DB10BD01204042FBE701204042B2
S21400A1B0F8E7C0460DA2000010B50B0001380228D3
S21400A1C009D811001800054B9847002800DB10BD81
S21400A1D001204042FBE701204042F8E731A20000A0
S21400A1E070B50600064D2B6898680021054CA04700
S21400A1F02B6858680021A047034B1E6070BDC04600
S21400A20078000020A9BB0000E406002010B504007A
S21400A210054B1868002804D08AB22100034B9847E3
S21400A22010BD0020FCE7C046E4060020A56A00003A
S21400A23010B50400054B1868002804D08AB2210027
S21400A240034B984710BD0020FCE7C046E4060020FC
S21400A2506D6A000010B5044C2000044B984720009F
S21400A260034B984710BDC046A4200020D9710000BB
S21400A270E1A1000010B50021084B1960084A1160E2
S21400A280084B5360084C236A1B021B0AC0200006BA
S21400A2900343236291600723136010BDAC0A0020BD
S21400A2A010E000E07FBB000000ED00E0024A13680B
S21400A2B0013313607047C046AC0A0020014B186893
S21400A2C07047C046AC0A0020F0B5DE4657464E46FC
S21400A2D04546E0B585B00A00C023DB0599468023D5
S21400A2E09A464B46514659617239694400230B70B1
S21400A2F00F20684402700D226A44934613706A4623
S21400A3001373D372937209276F443B7002AE337097
S21400A310D51DD371941D93710122154B984698470D
S21400A320012239005846C0470122310003A8C04721
S21400A330012229000B236B441800C047012221008C
S21400A3400A236B441800C0473878000633781B048D
S21400A35018432B781B021843237818434B46524663
S21400A3609A6105B03CBC90469946A246AB46F0BD05
S21400A370E1550000F0B5DE4657464E464546E0B588
S21400A38085B0C025ED0580266E610E246C44002342
S21400A39023700F20684480390170110E0D276F441A
S21400A3A0BA463970111403AFB846397011126F46A9
S21400A3B0F9726946BA7209226A449346137002AA71
S21400A3C0914613700737CB718B71012221000F4C19
S21400A3D0A047012259465046A0470122494640461A
S21400A3E0A047012239000B236B441800A047012226
S21400A3F06B46991D0A236B441800A047AE6105B052
S21400A4003CBC90469946A246AB46F0BDE1550000DE
S21400A41010B51400054B9847002C03D0012C03D030
S21400A420002000E080B210BD000CFCE7C9A20000CE
S21400A430F8B504000D0017001E000A4B9847002FC1
S21400A44007D0012F09D0020029002000064B9847AC
S21400A450F8BD000C00043043F5E70004000C360499
S21400A4603043F0E7C9A2000075A3000070B50500F0
S21400A4700C006321054B9847FF2302009A432243B2
S21400A48063212800024B984770BDC046C9A2000051
S21400A49075A3000010B56A21014B984710BDC04651
S21400A4A0C9A2000010B50A006021014B984710BDF4
S21400A4B075A3000010B50A006621014B984710BD31
S21400A4C075A3000010B50A006821014B984710BD1F
S21400A4D075A3000070B504000D000321054B9847D6
S21400A4E06B212000044B9847421968212000034B3B
S21400A4F0984770BD6DA40000C9A2000075A30000B7
S21400A50010B56821014B984710BDC046C9A200008F
S21400A51010B5040003226D21034B98476C212000E0
S21400A520024B984710BDC04675A30000C9A20000A4
S21400A53010B50A006B21014B984710BD75A30000AB
S21400A54010B56B21014B984710BDC046C9A200004C
S21400A55010B50A006321014B984710BD75A3000093
S21400A56010B56321014B984710BDC046C9A2000034
S21400A57070B50500090411430C000A005421034E6F
S21400A580B047220056212800B04770BD75A30000D2
S21400A59010B509040A435621014B984710BDC04622
S21400A5A075A3000010B509040A435421014B9847CF
S21400A5B010BDC04675A3000010B509040A43582113
S21400A5C0014B984710BDC04675A3000010B509049E
S21400A5D00A435A21014B984710BDC04675A3000098
S21400A5E00122014B1A707047950A002010B56A21A7
S21400A5F0024B98478005800D10BDC04645AB000055
S21400A60070B50500141E07DC002A13DB2200222189
S21400A61028000F4B984770BD4A6F80239A434A67BD
S21400A62000220C4B1A6001234B710B4903200B4B85
S21400A6309847EBE74A6F802313434B670122054B8D
S21400A6401A6002234B7106490320044B9847DDE746
S21400A650E1AB0000900A0020383B010061110000C9
S21400A660583B0100F8B5041E10D04078504B984770
S21400A670060002004F4903204F4B9847636FDB05E7
S21400A68005D52687626F4D4B13406367F8BD278F4D
S21400A690F71BBFB23DB22A0049490320464B9847F4
S21400A6A080239B009D423BDD464B9C4667443DB263
S21400A6B0EB17ED185D40636F1B0639D4236BEB1860
S21400A6C02363636BED1865632687636F1B07DDD511
S21400A6D06369226B9B1A626F120601D4002B31DD70
S21400A6E0626F120628D40023002BCFD0626F082397
S21400A6F09A436267607800222100334B9847236BA9
S21400A700A3610022314B1A700B32FF32304B1A60B5
S21400A7102378DBB2062B1AD89B002E4AD3589F46C6
S21400A7202D4B9D42C4DA8023DB00FD182DB2BFE717
S21400A730236B5B1B2363C4E7002B01DB0123D3E7FA
S21400A7400023D1E70123CFE70222244B1A70234BC4
S21400A7500B225A70196885204000214B9847A5693E
S21400A760204B9847A36CC31A2A001F490320124D9A
S21400A770A8470223E3706379DBB2237186E70122E0
S21400A780164B1A70E3E70322144B1A70DFE7062213
S21400A790124B1A70DBE70722104B1A70D7E70D2210
S21400A7A00E4B1A70D3E70E220C4B1A70CFE7C0463A
S21400A7B0EDA50000783B010061110000FFFEFFFFE1
S21400A7C08C3B010000FCFFFF01A60000E40A00200D
S21400A7D0C00A0020C03A010000FEFFFFA00A0020C9
S21400A7E085040000BDA20000983B010010B52A4B6E
S21400A7F058689B6800281BD0002B20D0C278012AFE
S21400A80028D0426F520425D4426F920722D4426F5A
S21400A81052071FD4DA78012A19D05A6F520418D476
S21400A8205A6F920729D45A6F520728D4002011E095
S21400A8301A491B4B984700221A4B1A701CE01A49FB
S21400A8400020174B98470022164B1A7014E0180089
S21400A85000E01800002814D0436FDB0708D4436FCD
S21400A8601B0705D4436F9B0702D4436F5B0703D5D2
S21400A8700E4B5B78002B0BD010BD1800EAE71800D3
S21400A880E8E70B49064B98470022064B1A70F3E799
S21400A890084B9847F0E7C04674040020E43B0100EC
S21400A8A061110000E40A0020383C010088080020FE
S21400A8B08C3C010065A60000002305E001784B40B3
S21400A8C00E49CB5C110001304A1E0029F6D159080A
S21400A8D055220A405B0055218B435BB21A43D2B225
S21400A8E0910833230B40920033218A4352B213431C
S21400A8F0DBB218011B091843C0B27047CC3C0100FC
S21400A90030B54BB2002B0FDBCD0807231940063BB2
S21400A9108B4004010548001944575BB29C438A40AB
S21400A9201A4052B22243425530BDC046E8060020C7
S21400A93070B5140000290DD1002823D1144A125DE9
S21400A940D20721D4C00100198000124A82581A602A
S21400A950012004E04A1ED2B2012A01D9002070BDAF
S21400A960002813D11D68C3011B199B00094A9D507E
S21400A970012901D00120F2E701222100064B984769
S21400A9800120ECE70020EAE70020E8E70020E6E701
S21400A990CC3D01003023002001A9000070B5050061
S21400A9A00E00002817D0002917D1002086220C4957
S21400A9B00C4B98470C4B98470028FBD00024285D8A
S21400A9C00A4B9847084B98470028FBD00134B442FE
S21400A9D0F5D3200070BD0020E8E70120E6E7C0467A
S21400A9E04C3E0100357200005D8D0000518D000068
S21400A9F0F8B506000F00002815D0002915D1002054
S21400AA009D220F490F4B984700250F4B984704008F
S21400AA100E4B984700280AD10B4B9847001B04287A
S21400AA20F6D92800F8BD0020EAE70120E8E7741907
S21400AA30074B984720700135BD42E6D3F1E7C04684
S21400AA404C3E010035720000BDA200006D8D000076
S21400AA50458D0000F0B585B004000D0003AB0A007C
S21400AA6000212E4EB047002804D0039805B0F0BD54
S21400AA702B4B98472B4B98470028F9D101AE08225C
S21400AA8000213000284FB8477F231D407A3B3370A3
S21400AA907470B57003213000244B9847F0706846F8
S21400AAA0234B984704213000224B9847042130005E
S21400AAB0214CA047082200213000B84701221F4B36
S21400AAC01A7008213000A04768461D4B9847337817
S21400AAD0052B01D00020C9E701AB5B78FF2B01D026
S21400AAE00020C3E701AB9B789D4201D00020BDE764
S21400AAF001A8C47907210D4B9847844201D0002055
S21400AB00B4E701ABD87800061A79120410435A79D4
S21400AB10120210439B791843A8E7C04631A90000EB
S21400AB20458D00006D8D0000DBB00000B9A8000068
S21400AB30096700009DA90000F1A900000008002098
S21400AB401767000010B5014B984710BD55AA0000C6
S21400AB5070B586B005000E00019204AC08220021F4
S21400AB602000174B9847052323706570853B3343B9
S21400AB70A370019B1A0EE2701A1422711A126271E7
S21400AB80A371072120000F4B9847E07103A80E4BD6
S21400AB909847082120000D4B98470D4B98470028F2
S21400ABA00AD103A80B4B984701AB320001212800BD
S21400ABB0094CA04706B070BD084B9847F1E7C04661
S21400ABC0DBB00000B9A80000096700009DA90000DE
S21400ABD06D8D00001767000031A90000458D00004C
S21400ABE010B5014B984710BD51AB000017207047B9
S21400ABF070B504000E000B78032B2FD00B78042BB7
S21400AC002CD0E8220021184B984700221121200062
S21400AC10154DA8473078C0B2144B98470202102151
S21400AC202000A847124A6C212000A847114A70212C
S21400AC302000A847220010490320104DA8470021F5
S21400AC4020000F4B984702000E490320A84780219A
S21400AC5009039423C022D205D15070BDE8220021FA
S21400AC602000014B9847D0E7E1AB0000EDAB0000B9
S21400AC705400021024000DC4683E0100611100005B
S21400AC8045AB0000983E0100F0B54A4A4B0087B03D
S21400AC900F005B08934200D97AE01A00024375D091
S21400ACA01900454A00900191934200D875E01800BB
S21400ACB00321FCF74EFF0024404BC51822002B0052
S21400ACC02000290004F0B8FE009A019B04F080FAE8
S21400ACD022002B0004F0B0FE394A3A4B03F068FF1E
S21400ACE0394A3A4B0290039103F062FF029A039BA3
S21400ACF0049005913648374904F06AFA02000B00C2
S21400AD000498059903F054FF02000B0032483349BB
S21400AD1004F05EFA324A334B03F04AFF22002B005F
S21400AD2004F08AFE00244D1C22002B00200029007F
S21400AD3004F082FE02000B000098019904F048FA25
S21400AD4022002B000090019105F0F6F822000290F8
S21400AD5003912B002000290003F02AFF009A019B94
S21400AD6003F026FF02000B000298039904F030FA65
S21400AD7022002B0004F060FE0B00020029002000D9
S21400AD8003F016FFFB0FDB070B43190007B0F0BDFF
S21400AD9002000B0003F00CFFF8E7134B002204F050
S21400ADA04BFE040008000321FCF7EEFE0F4BC5180F
S21400ADB084E7C046FFFFEF7FFFFF0F0093789F2AD0
S21400ADC0F1155FF1155FE13F0FEAA00EEAA0F63F2E
S21400ADD034C83225DE91E6BF6EDBB66DDBB6F93FD2
S21400ADE0B76DDBB66DDBD63F0000504393787F2906
S21400ADF0F0B54746CE4680B58DB004000D0000F095
S21400AE0057F8294B06001B780F005BB298460133B3
S21400AE1010D022002B002000290005F0A3FB81465D
S21400AE20002807D1002200232000290003F0C8F8DC
S21400AE30002806D1300039000DB00CBC904699466B
S21400AE40F0BD01230293194B0694079503934B46D6
S21400AE500A93434604940595002B15D00023002240
S21400AE601900100004F0B4F9434608900991022B2B
S21400AE700ED100F0FFF8212303600A9B0193002BFC
S21400AE800CD1089E099FD5E7002300240893099457
S21400AE9002A800F0EDF80028EFD1EAE700F0EAF8A3
S21400AEA00A9B01930360ECE7740000202C3F01002E
S21400AEB06C4BF0B50A0046460D00D6464F461900C4
S21400AEC0C0B5040006002940994200D1A7E0002D35
S21400AED000DC81E02F1500D18EE0634B12039C4608
S21400AEE08023120B5B0367441A43FB0768D47B106E
S21400AEF09C46E30F9B189B188022162100260025EF
S21400AF0064009203A818984202DC85181B1AB6182B
S21400AF10E00F5B0001391B18640052080029F1D1CC
S21400AF2000229246904680222020120609E0AB427C
S21400AF3038D0E10FC9180138CB1864005208002831
S21400AF4018D041465118AB42F1DD8F18B846A946D5
S21400AF50002930DB5B1B8C42AD416D425B1B641AE3
S21400AF60E10FC918013892444D46CB1864005208C8
S21400AF700028E6D1234328D153465B083B4972108C
S21400AF8088464244F10702D5802109060B436146F4
S21400AF901E000F05BD18300029001CBC90469946BF
S21400AFA0A246F0BDA142C4D88F18B846002942DB9D
S21400AFB099460023D3E7002F2FDB6F1CB946C9E75D
S21400AFC0E10F52008A18640091E75346013335D0EA
S21400AFD0534601335B08D1E76B005B080343DAD0C6
S21400AFE00027002D32D1E20A153F6405002AFAD068
S21400AFF080235B031A4224D180200023400300E014
S21400B0000B005200591C0242FAD02020401AFF1AA8
S21400B0102300C3408C401A435FE7A9469AE72B00FB
S21400B0200200290004F008FD32002B0003F0C0FDEA
S21400B03006000D00AFE7002FBFDAB9E701360023A0
S21400B0409CE70123002120205B42E0E72B00020062
S21400B050290004F071FF02000B0004F0B9F80600A6
S21400B0600D0098E70000F07F01FCFFFF0000E03FC6
S21400B07000207047014B18687047C04678000020D3
S21400B08070B500260C4D0D4C641BA410A64209D1C9
S21400B090002609F051F90A4D0A4C641BA410A6427A
S21400B0A005D170BDB300EB5898470136EEE7B30004
S21400B0B0EB5898470136F2E7444301004443010049
S21400B0C04443010048430100002310B59A4200D1D2
S21400B0D010BDCC5CC4540133F8E7030082189342D9
S21400B0E000D1704719700133F9E7F0B58BB0140042
S21400B0F01D1E129953DA802424061B191D00140005
S21400B1002D230B702023149E03229E43462E07D029
S21400B1103300453B59424B411099013ACB181093E6
S21400B12009AB049308AB0393139B00920293109B06
S21400B130220001932B0000F0ADFF0700472E02D13E
S21400B140119BDB0724D5109BFB180793462E14D1C2
S21400B1503B78302B0CD1002200232000290002F07F
S21400B16029FF002804D10123109A9B1A139A136012
S21400B170139B079A1B68D31807930022002320000E
S21400B180290002F017FF302200280DD0079B0993F4
S21400B1903800099B159ADB1B13600BB0F0BD00232B
S21400B1A0AFE7591C09911A70099B07999942F8D87C
S21400B1B0EEE7F0B52B2385B007000C000270861C66
S21400B1C0002901DA2D234C427B70092C23DD02ABCB
S21400B1D0DD1D6B1E20000A210193FCF7F1FC6B1E9F
S21400B1E03031197020000A21FCF7B3FC040009284E
S21400B1F00ADC023D30342C7002AB07333000AB4221
S21400B20004D8C01B05B0F0BD019DE2E72B780135E0
S21400B21033700136F0E73023E4183370B01C7470D6
S21400B220EFE70000F0B595B00C000A920B931A9D5C
S21400B230099001F0A5FE036818000D9300F09CFD30
S21400B2400023129323680E900C930C99277E2B688C
S21400B2500722C90547D59B1893431A0008322A606F
S21400B2601A685B68A264E3640122E56CA66C6B0056
S21400B2705B080F935242A74B30000F9905F072F906
S21400B280002800D006E20122A24B524230000F995D
S21400B29002F0A0FE002800D0FCE1002200233000CF
S21400B2A0290002F08DFE002803D023002D22433310
S21400B2B01A70994D472F00D8984D032300260C9AF4
S21400B2C0236101339A4322600B9B13AA009321004B
S21400B2D00A9B099800F0F2F9431C00D09CE001207C
S21400B2E0404215B0F0BD0733B6E780236268DB0046
S21400B2F0511C45D1073262600C9A0021134312AAF2
S21400B300059211AA0392232223600691019308A9AD
S21400B310636852180292009332002B000497099833
S21400B320FFF7E3FE20233A0005009A43472A07D199
S21400B330119BDA1C02DB626893425BDD023FFFB2C0
S21400B3401199652F3BD8200001393A0050301191F1
S21400B350FFF72FFF129A060083182361012A02DCEA
S21400B3602268D20701D501332361232308AA9B183C
S21400B3701B78002BA8D023002D2243331A70A3E796
S21400B380672F01D0472FB7D1002A16D00C9908A8EE
S21400B3900B430021069112A9059111A903912321BF
S21400B3A009182360019300922B0004970291320043
S21400B3B00998FFF79AFE0500BAE701229BE7662F79
S21400B3C019D1636800290CDD2161002B02D12268A7
S21400B3D0D20702D501335B182361119B0026A365B3
S21400B3E0C3E7002B03D101222168114200D09A1C2A
S21400B3F02261F2E76727119B1298834205DB2268D9
S21400B4002361D207E9D50133E6E70122002B01DCF0
S21400B4109218D21A1218EBE72268530508D423694B
S21400B4202A000A9909980B9DA847431C29D156E77C
S21400B430652F00D8DCE0A06CE16C0022002302F04F
S21400B440B9FD002835D00123354A0A9909980B9D85
S21400B450A847431C00D142E7119B129A934202DB95
S21400B4602368DB070DD50B9D0E9B0D9A0A9909984C
S21400B470A8470025431C00D131E7129B013B9D42A3
S21400B4800BDB236800259B0700D5FDE0139BE068D7
S21400B490984200DB25E7180023E7220001231A3232
S21400B4A00A9909980B9EB047431C00D117E701354F
S21400B4B0E3E7119B002B35DC0123194A0A9909980A
S21400B4C00B9EB047431C00D109E7119B002B05D10A
S21400B4D0129B002B02D12368DB07D2D50B9E0E9B56
S21400B4E00D9A0A990998B0470026431C00D1F6E643
S21400B4F0119B5B429E4201DB129B91E722000123D7
S21400B5001A320A9909980B9FB847431C00D1E6E601
S21400B5100136EDE7FFFFEF7F3C3F0100383F0100BB
S21400B520483F0100A36D129E9E4200DD1E00002EC5
S21400B53035DC00230C93F343DB170F930F9BA76DAB
S21400B5400C9A3340FB1A9A4232DB119B129A9342B2
S21400B5503CDB2368DB0739D4129E119AF31BB61A1C
S21400B5609E4200DD1E00002E39DCF7430025FB1747
S21400B5700C93119A129B0C999B1A32000A409B1A44
S21400B5809D4200DB7DE7220001231A320A990998C2
S21400B5900B9FB847431C00D1A1E60135E9E733000D
S21400B5A02A000A9909980B9FB847431CC1D196E612
S21400B5B0220001231A320A9909980B9FB847431CA8
S21400B5C000D18CE60C9B01330C93B7E70E9B0D9ACB
S21400B5D00A9909980B9EB047431CBDD17FE6EA192D
S21400B5E033000A9909980B9DA847431CBDD176E6FF
S21400B5F0129B012B02DC01231A4238D001232A00B9
S21400B6000A9909980B9FB847431C00D167E60E9B22
S21400B6100D9A0A9909980B9FB847431C00D15EE61D
S21400B620A06CE16C0022002302F0C4FC002808D0C5
S21400B6300025129B013B9D420DDB22003300503259
S21400B640EFE6129B6A1C013B0A9909980B9DA847D6
S21400B650431CF2D143E6220001231A320A990998C4
S21400B6600B9FB847431C00D139E60135E1E72A00B5
S21400B670EAE72200012319320A9909980B9EB0477F
S21400B680431C00D12BE60135E368139A9B1A9D42B2
S21400B690EFDBFBE632002B003000290004F062FFEF
S21400B6A0002800D121E6034D472F00D905E6024DBC
S21400B6B003E6C046443F0100403F0100F7B51500D1
S21400B6C001938A680B6900900C00934200DA13001D
S21400B6D022002B6043321278002A01D001332B60FF
S21400B6E023689B0602D52B6802332B600627236847
S21400B6F01F4027D0230043331B785A1E93412268ED
S21400B700920630D42200019943320098089EB04732
S21400B710431C25D0062320682A68E16803400025DC
S21400B720042B03D18D1AEB43DB171D40A368226957
S21400B730934201DD9B1AED180027BD4220D1002060
S21400B74010E00137E3682A689B1A9F42D2DA22008B
S21400B7500123193201990098089EB047431CF0D186
S21400B76001204042FEBD3020E11843310870210020
S21400B7705A1C45310978A218433202331170C1E7CA
S21400B780220001231A3201990098089EB047431CF4
S21400B790E6D00137D1E70000F0B58BB006920A007C
S21400B7A043320793059004920A7E0C00109B6E2A83
S21400B7B000D18FE017D8632A2CD008D8002A00D1F1
S21400B7C099E0582A54D026004236327029E0642A7E
S21400B7D001D0692AF7D121681A68080623D5111DF9
S21400B7E01960156825E0732A00D188E008D86F2A0A
S21400B7F029D0702AE7D1202209680A43226003E094
S21400B800752A20D0782ADED12200782145321170A0
S21400B8106C4A30E00E001A684236111D1960136833
S21400B8203370012379E04906D9D5111D196000232C
S21400B830D55E002D03DA2D23049A6D421370624BF9
S21400B8400A2703932FE020681968050603D5081D0C
S21400B85018600D6805E04006F9D50D68081D1860EB
S21400B860ADB2594B082703936F2A18D00A2716E063
S21400B87045310A70544A03921A682168101D1860F0
S21400B8801568080622D5CB0702D520231943216068
S21400B8901027002D03D1202322689A43226023001C
S21400B8A0002243331A706368A360002B5CDB04221B
S21400B8B0216891432160002D58D1049E002B64D04E
S21400B8C02600039B42361B7833705EE04806DAD5C6
S21400B8D0ADB2D8E709681A68080605D5111D1960C3
S21400B8E0136862691A6006E04906F7D5111D1960EB
S21400B8F01368A28A1A800023049E236154E01A6803
S21400B900111D1960166800216268300001F0BAFB4C
S21400B910002801D0801B6060636823610023049ABE
S21400B920137041E02369320006990598079DA847E1
S21400B930431C43D0236800259B070FD4099BE0686F
S21400B94098423DDA18003BE022000123193206999E
S21400B9500598079EB047431C30D00135E368099A26
S21400B9609B1A9D42F0DBE9E7002DA9D0049E280033
S21400B9703900FCF743F9039B013E5B5C28003370FB
S21400B9803900FCF701F9051EF1D1082F09D123680B
S21400B990DB0706D563682269934202DC3023013E4A
S21400B9A03370049B9B1B2361079B09AA009321000D
S21400B9B0069B0598FFF782FE431CB3D10120404248
S21400B9C00BB0F0BD5B3F01004A3F01000FB40B4BCC
S21400B9D013B51C68002C05D0A369002B02D12000EB
S21400B9E001F038FA05AB049AA1682000019302F032
S21400B9F07BF816BC08BC04B01847C0467800002088
S21400BA0070B505000E00002804D08369002B01D114
S21400BA1001F020FAAB69AC68002B02D1280001F0D7
S21400BA2019FA244B9C420FD16C68A3891B0702D5D8
S21400BA302369002B20D12100280000F031FA0028CD
S21400BA401AD00120404270BD1B4B9C4201D1AC680D
S21400BA50EBE71A4B9C42E8D1EC68E6E7013B01367F
S21400BA60A360002B04DAA269934216DB0A2914D0DD
S21400BA7023685A1C226019703178A3680029EDD11A
S21400BA80013BA360002B0FDA22000A31280000F0E9
S21400BA90B1F9431CD5D00A20D5E72200280000F0D3
S21400BAA0A9F9431CE8D1CCE70A2023685A1C226077
S21400BAB01870C8E79C3F0100BC3F01007C3F0100B6
S21400BAC010B5034B01001868FFF79AFF10BDC0467B
S21400BAD078000020104B70B51C680500A36B002B87
S21400BAE015D1182001F0C4FA0C4BA06303800C4B50
S21400BAF0012243800B4B83800B4BC3800B4B03818F
S21400BB0005234381063383810023026143610022BB
S21400BB10A36B1D615A6170BD780000200E330000D3
S21400BB20CDABFFFF341200006DE6FFFFECDEFFFF3B
S21400BB30154B10B51C68A36B002B15D1182001F00F
S21400BB4097FA124BA0630380114B01224380114BDE
S21400BB508380114BC380114B038105234381063339
S21400BB608381002302614361A46B0D4A20696169E9
S21400BB700C4B02F087FA01220023801859412061FD
S21400BB8061614800400810BD780000200E330000B8
S21400BB90CDABFFFF341200006DE6FFFFECDEFFFFCB
S21400BBA02D7F954C2DF451584A424A41802310B5BA
S21400BBB05200DB0000F002F810BD0000F0B51D00DA
S21400BBC04F4B85B01E6804000F000092002E05D073
S21400BBD0B369002B02D1300001F03CF9494B9C427E
S21400BBE050D17468009B022B05D0012B00D984E04D
S21400BBF0002D00DA81E02100300001F0BDF8616B15
S21400BC00002908D023004433994202D0300001F0C6
S21400BC1035FD002363630023A3616360A3891B06CD
S21400BC2003D52169300001F029FDA389364A134067
S21400BC30A381009B022B5AD003AB02AA210030003E
S21400BC4001F0AAF9A3891843A081002D24D1029DF2
S21400BC50280001F00DFA0195071E42D1029B0193C0
S21400BC60AB4239D1012040420223A2891343A3816B
S21400BC700023A3602300473323602361012363610D
S21400BC8005B0F0BD214B9C4201D1B468AAE7204B19
S21400BC909C42A7D1F468A5E7002FD9D0B369002B42
S21400BCA002D1300001F0D6F8009B012B03D1A38906
S21400BCB0009A1A43A2810820A3892760276165613C
S21400BCC0184018D0012018400023984211D06D4229
S21400BCD0A360A5611800D3E7019801F0C9F9071E13
S21400BCE0C0D08023A289019D1343A381D6E70020FC
S21400BCF0BAE7A560C4E7A060C2E701204042BFE7FC
S21400BD00780000209C3F01005CF3FFFFBC3F010071
S21400BD107C3F01000CB430B5164B9DB00C1E1D6860
S21400BD2008DA8B2301202B6040421DB030BC08BCD3
S21400BD3002B01847822302A99B008B810023029041
S21400BD4008619C4200D0631E8B604B6101235B42FE
S21400BD50CB81209A21AB2800019301F099FD431C6A
S21400BD6001DA8B232B60002CDFD00023029A13709D
S21400BD70DBE7C046780000200023C25C0133002ABF
S21400BD80FBD1581E704730B514009BB005001A0052
S21400BD90002C05DA8B230360012040421BB030BD27
S21400BDA0822368469B0083810023009104919C4275
S21400BDB000D0631E02930593012369465B42CB8144
S21400BDC028001E9B01F064FD431C01DA8B232B60C8
S21400BDD0002CE3D00023009A1370DFE707B500932A
S21400BDE013000A00010002480068FFF7CCFF0EBDF2
S21400BDF078000020F8B505000E001400002804D0D6
S21400BE008369002B01D101F025F8224B9C422DD1ED
S21400BE106C68A369A360A3891B0731D52369002B2F
S21400BE202ED023682269F7B2981A6369F6B2984250
S21400BE3005DB2100280000F09FFF002826D1A3681C
S21400BE400130013BA36023685A1C22601F7063699F
S21400BE50984204D0A389DB071AD50A2E18D12100F0
S21400BE60280000F089FF002812D00FE00A4B9C4201
S21400BE7001D1AC68CDE7094B9C42CAD1EC68C8E753
S21400BE802100280000F00CF80028CAD001267642CF
S21400BE903000F8BD9C3F0100BC3F01007C3F010024
S21400BEA0364B70B51D6806000C00002D05D0AB693A
S21400BEB0002B02D1280000F0CDFF314B9C420FD161
S21400BEC06C680C23E25E93B219072DD4D90611D400
S21400BED009230120336037331343A381404270BDEA
S21400BEE0284B9C4201D1AC68EBE7274B9C42E8D13B
S21400BEF0EC68E6E75B0713D5616B002908D02300E2
S21400BF004433994202D0300001F0B8FB002363634B
S21400BF102422A3899343A3810023636023692360BB
S21400BF200823A2891343A3812369002B0BD1A021E8
S21400BF308022A389890092000B40934203D02100FF
S21400BF40300001F051F80123A289134011D00023DC
S21400BF50A36063695B42A361002023698342BED16C
S21400BF600C23E25E1306BAD540231343A38101389F
S21400BF70B5E7920700D46369A360EDE77800002078
S21400BF809C3F0100BC3F01007C3F0100F0B5036907
S21400BF900C6989B00700059100269C426DDC0B00F9
S21400BFA0013C1433A50003935B1904930300143378
S21400BFB002935D19049B28681B68591C0193FBF7C4
S21400BFC0E3FD0190B0422DD0039B02989C46069656
S21400BFD0624608CA9446019A99B251431B0C5343D1
S21400BFE089190A0C9B18079302881E0C069B89B2B7
S21400BFF0D2180368521A190C6B469B8BCB1A111475
S21400C0005B18191492B21B041A43049B069104C0D1
S21400C0106345DDD22B68002B04D1029B043DAB4266
S21400C0202ED33C610599380001F049FA002823DB3D
S21400C0300025019B029801330399019308C90288E1
S21400C04055199AB2AA1A05681B0C2D0CEB1A151472
S21400C0505B191D1492B21B04134308C0049B8B4249
S21400C060ECD2029AA300D3181A68002A04D1029AC6
S21400C070043B9A4209D33C61019E300009B0F0BDF2
S21400C0802B68002BCDD1013CC7E71A68002AF2D1F5
S21400C090013CECE7F0B516001F00446A9DB0049022
S21400C0A0259D06960797002C08D1102000F0E0FF8B
S21400C0B0049B5862446084600460C460049B5B6AAE
S21400C0C0196800290BD05A68012393404A608B6098
S21400C0D0049801F01AF80022049B5B6A1A60079B1A
S21400C0E0002B1FDA01232B607B005B080793079C5D
S21400C0F0B74B220019931A409A4216D1B54B249A90
S21400C1001360069B002B03D1240301D100F091FDA0
S21400C110B14B269A0A93B14B002A01D000F08FFD4E
S21400C12000F08FFD00232B60E1E7069E079F0022AC
S21400C13000233000390001F03DFF051E0ED001231C
S21400C140249A1360A64B269A0A93002A01D100F07F
S21400C15078FDA44A26990A6000F073FD1AAB019395
S21400C1601BAB009332003B00049801F025FA6300F5
S21400C17005905B0D00D17FE03A039B4C120B1443F5
S21400C18021009A4A300018959E180022984B03F01A
S21400C190D3FE984A984B03F04FFC984A984B02F00F
S21400C1A007FD040030000D0004F030FA954A964B67
S21400C1B003F042FC02000B002000290002F0F8FC0D
S21400C1C004000D0004F0EEF9002203900023200086
S21400C1D0290001F0F5FE00280ED0039804F016FAA8
S21400C1E00B0002002900200001F0E4FE0300584284
S21400C1F05841039B1B1A039301231693039B162B8C
S21400C2000FD88249DB00C91808684968069A079B58
S21400C21001F0EAFE00284BD0039B013B039300236A
S21400C22016931A9B9E1B00230B933300013B0C9323
S21400C23004D501239B1B0B9300230C93039B002B1D
S21400C24038DB039A0C9B944663440C9300230F92AE
S21400C2500893229B0125092B00D991E0052B02DDCE
S21400C2600025043B2293229B981E032800D991E0C8
S21400C27001F086FE828429761A9B1B9A9E18644BD0
S21400C280F218202A0FDD634B0698F318D840402397
S21400C2909B1A9C40204304F0FBF901235E4C013EB0
S21400C2A00919189371E7202306989B1A9840F2E71D
S21400C2B01690B6E70B9B039A9B1A0B935342089370
S21400C2C000230F93C5E701230E93239B002B65DD08
S21400C2D01F000D93049A546A002262600432110013
S21400C2E0143199425FD96168049800F0D6FE049B29
S21400C2F020605B6A1B680A930E2F00D905E1002DAB
S21400C30000D102E1069B079C14931594039B002B17
S21400C31000DC85E01A000F213C4B0A40D2009B1837
S21400C3205C681B6810931194039B02241D11EB0696
S21400C3300AD53A4B0D401A6A5B6A1498159902F0B2
S21400C34047FF069007910134344E002D30D1109AE5
S21400C350119B0698079902F03BFF069007917AE03A
S21400C3600123239A0E939446039B63445F1C0D930C
S21400C3703B1EAFDC0123ADE70023A5E70023F0E773
S21400C38000230E952293013B00220D931F001333CA
S21400C39023929FE701230E93023BF5E701230D93BB
S21400C3A01F001A00F4E7616852000131616096E7E9
S21400C3B001231D4208D010981199E418326873685A
S21400C3C003F03AFB109011916D100836BDE7C04699
S21400C3D00000F07F0F270000753F0100783F010046
S21400C3E0483F0100493F01000000F03F01FCFFFF0D
S21400C3F00000F83F61436F63A787D23FB3C8608BE6
S21400C400288AC63FFB799F501344D33F084001005B
S21400C4103204000012040000000010FEE03F01009D
S21400C420039B0224002B16D0149815995D420F2307
S21400C430CA4A2B40DB00D3181A685B6803F0FCFA84
S21400C440002306900791C64E2D11002D00D08CE0DB
S21400C450002B00D081E7169B002B00D191E0069AB6
S21400C460079B10921193109811990022BD4B01F072
S21400C470A7FD002800D184E0002F00D181E00D9BAD
S21400C480002B3EDD10981199039B00225E1EB64BD2
S21400C49003F0D2FA069007910D9D0134200004F0B7
S21400C4A0B5F8069A079B03F0C7FA0022AF4B02F0D6
S21400C4B07FFB12901391129B139CAD4A109311941C
S21400C4C0139B9C181194002D5ED1069807990022A4
S21400C4D0A84B03F031FD109A23000690079101F057
S21400C4E083FD002800D001E3A348139984466144E5
S21400C4F00B0006980799109A01F062FD002800D0FC
S21400C500E8E2149B159C069307941B9B002B00DA0D
S21400C51057E1039A0E2A00DD53E1904BD2009B1898
S21400C5205C681B6808930994239B002B00DBCEE015
S21400C530002F00DDCBE000D0CFE20898099900225A
S21400C5408C4B03F079FA069A079B01F057FD3E00E4
S21400C5500897002800D0A4E20A9B0A9A5D1C3123A3
S21400C5601370039B013303939FE20122154205D00B
S21400C570A4183268736803F05FFA01236D1008365A
S21400C58063E7039E3D0089E70A9A691E52191792CF
S21400C5900E9A724BC900002A4AD05B181A685B686C
S21400C5A00020764902F014FE109A119B03F0C4FC9A
S21400C5B00A9B1090119112930698079903F0F2FFC8
S21400C5C0040004F023F802000B000698079903F015
S21400C5D0B3FC129B30345D1C1C70109A119B0690A5
S21400C5E0079101F0EDFC002865D1069A079B002014
S21400C5F05C4903F0A1FC109A119B01F0E1FC0028B5
S21400C60000D0BEE0179B9D4200D17AE710981199A2
S21400C6100022554B03F010FA002210901191069854
S21400C6200799514B03F008FA129506900791C3E755
S21400C630591808684968109A119B03F0FDF9109084
S21400C64011910A9C179D0698079903F0ABFF12906C
S21400C65003F0DCFF02000B000698079903F06CFC61
S21400C660129B0690079130332370179B01340022EB
S21400C670A34224D1414B1098119902F099FA020076
S21400C6800B000698079901F0AFFC002800D078E070
S21400C690109A119B0020394903F04EFC02000B0053
S21400C6A00698079901F08CFC002800D129E76B1E3C
S21400C6B01A78302A01D003963FE01D00F7E7069867
S21400C6C00799294B03F0B8F906900791BBE70A9E35
S21400C6D0089A099B0698079902F07AFD03F062FF14
S21400C6E0040003F093FF089A099B03F0A5F90B00DA
S21400C6F002000698079903F01FFC230030333370BE
S21400C7000A9B751CEB1A9F424CD102000B0002F0EC
S21400C7104FFA06000F0002000B000898099901F076
S21400C7204FFC00282CD10898099932003B0001F0F4
S21400C73041FC002801D0E30722D40599049800F0B4
S21400C740E4FC00232B70039B249A01331360269B82
S21400C750002B00D175E21D6073E2C0460840010060
S21400C760E03F01000000F03F0000244000001C40B5
S21400C7700000C0FC000014400000C07C0000E03F49
S21400C780039E6B1E1A78392A06D10A9A9A4207D156
S21400C79030231370130001361A7801321A708AE7B4
S21400C7A01D00EEE70022CF4B03F046F900220023DF
S21400C7B0069007912E0001F0FDFB002800D187E7C8
S21400C7C0BBE70E9A002A00D187E0229A012A6EDC87
S21400C7D0189A002A67D0C44A9B18089D0B9C0B9A8F
S21400C7E00121D2180B920C9A0498D3180C9300F0DF
S21400C7F02AFD0600002C0EDD0C9B002B0BDD0C9A90
S21400C8002300944200DD13000B9AE41AD21A0B920E
S21400C8100C9AD31A0C93089B002B1ED00E9B002B51
S21400C8205FD0002D11DD31002A00049800F0A4FD31
S21400C830059A01000600049800F00EFD0599109078
S21400C840049800F062FC109B0593089B5A1B04D0CA
S21400C8500599049800F090FD05900121049800F0D9
S21400C860F2FC0F9B0890002B3DDD1A000100049897
S21400C87000F082FD229B08900025012B3BDC002562
S21400C880069BAB4233D1079B1B03AB422FD1199BB0
S21400C890079A13422BD00B9B013501330B930C9B4D
S21400C8A001330C9323E036231A9A9B1A95E7089BCC
S21400C8B07D1EAB4206DB5D1B002F0BDA0B9BDC1BE1
S21400C8C000238CE7089B0895EA1A0F9B00259B1807
S21400C8D00F93F1E70B9C3B0081E7089D0B9C0E9E97
S21400C8E088E7089AB4E7229B0025012BC7DD0F9B3B
S21400C8F00120002B0BD0089B089A1B690F9303336B
S21400C9009B00D318586800F055FC2023181A0C9B7F
S21400C910C0181F23184000D1ABE001331B1A042BAC
S21400C92000DC9BE01C23181A0B9B24181B180B9387
S21400C9300C9B1B180C930B9B002B05DD1A0005990E
S21400C940049800F06BFD05900C9B002B05DD1A008B
S21400C9500899049800F062FD0890169B002B00D101
S21400C96089E00899059800F0AAFD002800DB82E01F
S21400C970039B0A22013B039305990023049800F0C9
S21400C980DDFB0E9B0590002B00D15DE100233100FE
S21400C9900A22049800F0D2FB0D9B0600002B02DC56
S21400C9A0229B022B6DDC002C05DD31002200049852
S21400C9B000F034FD06003000002D11D07168049898
S21400C9C000F06BFB3100040033690C319A1C9200B6
S21400C9D00C30FEF779FB01222100049800F01EFDC2
S21400C9E00D9F0A9B013F0B93DB19370006000F9340
S21400C9F008990598FFF7CAFA39000D9004000598C3
S21400CA0000F05DFD32000E900899049800F070FD6D
S21400CA1001230C93C36830340500002B04D10100B9
S21400CA20059800F04CFD0C902900049800F06DFB72
S21400CA300C9B229A134300D089E0069A01331342D6
S21400CA4000D084E0392C00D1A3E00E9B002B01DD42
S21400CA500D9C31340B9B5D1C1C7027E0042B00D111
S21400CA6069E70B9A1C33D2180B920C9AE418D31869
S21400CA7060E70300F5E7002F3CDC229B022B39DD44
S21400CA800D970D9B002B0CD108990522049800F0F9
S21400CA9055FB08900100059800F011FD002800DD08
S21400CAA05AE5239B0A9DDB430393002708990498C5
S21400CAB000F02BFB002E00D13FE6002F05D0B7423A
S21400CAC003D03900049800F020FB3100049800F0F1
S21400CAD01CFB32E608952E00E3E7002308931E00B1
S21400CAE0DFE7C046000024403304000003960895A4
S21400CAF02E0031E50E9B0D97002B00D053E70A9DC4
S21400CB0008990598FFF742FA0A9B30300D9A28706C
S21400CB1001350400EB1A9A4278DC151E00DC01256C
S21400CB2000270A9B5D1905990122049800F076FCFF
S21400CB300899059000F0C3FC00282FDC01D1E3071C
S21400CB402CD46B1E1A78302AB0D11D00F9E70E9B44
S21400CB50002B07DB1D00229B1D4326D10123069ACE
S21400CB60134222D10C9B002B00DC73E705990122AF
S21400CB70049800F053FC0899059000F0A0FC0028EB
S21400CB8004DC00D066E7E30700D463E7392C00D066
S21400CB905EE70B9B0B9A5D1C392313706B1E1A788D
S21400CBA0392A3BD001321A7080E70B9B01330D9374
S21400CBB00C9B002B05DD392CEBD00D9D01340B9B17
S21400CBC04AE70B9B0F9A0D9D1C709342ABD0002337
S21400CBD00A220599049800F0B1FA002305900A226B
S21400CBE039000498B74206D100F0A8FA07000600FC
S21400CBF00D9B0B93FCE600F0A1FA31000700002322
S21400CC000A22049800F09AFA0600F1E700230A22A6
S21400CC100599049800F092FA059071E70A9A9A42EC
S21400CC2005D1039B01330393312313703EE71D00A8
S21400CC30B4E70A4B269A0A93094B002A01D0269A93
S21400CC4013600A981DB0F0BD0D9B002B00DD56E763
S21400CC50229B022B00DC52E713E7C0466C3F010024
S21400CC60743F0100F7B58A8905000C00130760D4ED
S21400CC704B68002B04DC0B6C002B01DC0020FEBD97
S21400CC80E76A002FFAD000232E682B6080235B0112
S21400CC901A4034D0606DA3895B0706D56368C01A56
S21400CCA0636B002B01D0236CC01A0200216A00239C
S21400CCB02800E76AB847A189431C06D12B681D2BBC
S21400CCC031D82C4ADA40D3072DD500236360236978
S21400CCD02360CB0405D5431C02D12B68002B00D162
S21400CCE06065616B2E600029C8D0230044339942EA
S21400CCF002D0280000F0C2FC00206063BFE70123DA
S21400CD00216A2800B847431CC5D12B68002BC2D027
S21400CD101D2B01D0162B01D12E60AFE74023A28930
S21400CD201343A381ABE740230B430120A38140427A
S21400CD30A5E70F69002FA1D00B680F60DB1B0193DE
S21400CD400023920700D14B69A360019B002B00DCF7
S21400CD5094E7019B3A00216A2800A66AB04700289B
S21400CD6003DC4023A2891343DFE7019B3F181B1A0D
S21400CD700193EAE7010040200B6970B505000C003E
S21400CD80002B01D1002070BD002804D08369002B41
S21400CD9001D100F05FF80B4B9C4209D16C680C2265
S21400CDA0A35E002BEED021002800FFF75BFFEAE72A
S21400CDB0054B9C4201D1AC68F1E7044B9C42EED196
S21400CDC0EC68ECE79C3F0100BC3F01007C3F0100A3
S21400CDD010B5024900F0B2F810BDC04679CD00008B
S21400CDE0002310B5040003604360836081814366BE
S21400CDF0C281036143618361190008225C30FEF73B
S21400CE006CF9054B24626362044BA362044BE36235
S21400CE10044B236310BDC04645DD00006DDD0000F9
S21400CE20A5DD0000D1DD000070B568254A1E55431B
S21400CE300E002900743100F06BFC041E08D000219F
S21400CE402A00016046600C30A0606832FEF745F9A3
S21400CE50200070BD836913B50400002B28D18364BD
S21400CE60C3640365134B144A1B688262019398429D
S21400CE7001D101238361200000F020F860602000CB
S21400CE8000F01CF8A060200000F018F80022E06017
S21400CE9004216068FFF7A4FF01220921A068FFF7BC
S21400CEA09FFF02221221E068FFF79AFF0123A36189
S21400CEB013BDC046343F0100D1CD0000F8B51E4B6F
S21400CEC007001E68B369002B02D13000FFF7C2FFCF
S21400CED04836B4687368013B04D53368002B07D026
S21400CEE03668F6E70C22A55E002D0DD06834F2E712
S21400CEF004213800FFF798FF30600028F0D10C239B
S21400CF0004003B602000F8BD012320005B42E38163
S21400CF100233A38165662560A5606560256165614D
S21400CF20A561082229005C30FEF7D7F86563A56383
S21400CF30A564E564E6E7C046343F0100F7B50400A3
S21400CF400700002601914834002C01D13000FEBDB8
S21400CF506368A5680093009B013B009301D5246895
S21400CF60F2E7AB89012B08D90E22AB5E013304D061
S21400CF7029003800019B984706436835EBE7000018
S21400CF80034B1B68186A002800D10248F03070472F
S21400CF9078000020DC00002070B50E001D000E2377
S21400CFA0C95E90B01400002907DA00232B60B3890D
S21400CFB01B0611D48023DB000FE001AA00F034FF2B
S21400CFC00028F2DBF022029B12021340054A9B184F
S21400CFD05A4253412B60EDE740230020236010B0F7
S21400CFE070BDC04600E0FFFFF7B502268B8905003E
S21400CFF00C00334206D0230047332360236101230D
S21400D0006361F7BD01AB6A46FFF7C6FF00990700EC
S21400D010280000F07DFB002808D10C22A35E9A05AC
S21400D020EFD4032293431E43A681E4E70F4BAB6283
S21400D0308023A28920601343A381009B2061636143
S21400D040019B002B0DD00E23E15E280000F0FEFEB3
S21400D050002806D00322A38993431A000123134312
S21400D060A381A0893843A081CBE7C046D1CD00007C
S21400D07010B5034B0100186800F04AFB10BDC0460F
S21400D08078000020C9B28218904201D10020704773
S21400D09003788B42FBD00130F6E770B5466A040091
S21400D0A00D00002E07D11020FFF7E2FF60624660F9
S21400D0B086600660C660666AF368002B13D0636AF3
S21400D0C0AA00DB689B181868002818D101210E00FA
S21400D0D0AE40721D9200200000F0C2FA00280CD06C
S21400D0E0456086600DE021220421200000F0B8FA99
S21400D0F0636AF060DB68002BE1D1002070BD026837
S21400D1001A6000230361C360F8E770B5446A06003E
S21400D1100D00002C07D11020FFF7AAFF70624460B4
S21400D12084600460C460002D07D0736A6A68DB6898
S21400D13092009B181A682A601D6070BDF7B51E0025
S21400D14014239C4607000C0000200D698C4463469F
S21400D15019881B6851431B0C534389190E0C9B19E5
S21400D16089B21E0C1B045B186146013008C18C4650
S21400D1708542ECDC002E1BD0A3689D4212DB636860
S21400D1803800591CFFF789FF2100236901909A1C7B
S21400D19092000C310C30FDF797FF21003800FFF7A6
S21400D1A0B4FF019C2B1D9B00E31801355E602561D2
S21400D1B02000FEBD0300020C0020824201D11B04A9
S21400D1C010301A0E01D108301B021A0F01D104309C
S21400D1D01B019A0F01D102309B00002B03DB0130AC
S21400D1E05B0000D4202070470722036810B50100BA
S21400D1F01A400DD001240020234205D102300342FC
S21400D20003D0E34020000B6010BD9B080B60FBE7DB
S21400D2109CB21000002C01D110201B0CDAB2002AA0
S21400D22001D108301B0A1A0701D104301B099A07DE
S21400D23001D102309B08DA07E8D45B0801D0013040
S21400D240E4E72020E0E710B50C000121FFF725FFFA
S21400D25001234461036110BDF0B50B691500126926
S21400D26089B00C00934201DA2C000D0027692E6964
S21400D270A268BB1961680193934200DD0131FFF794
S21400D2800CFF030014330093009ABB1994469B00CE
S21400D2909C4413000022049063451CD32A001434D7
S21400D2A0BF00E3191432B60005939319029406934F
S21400D2B0069B9A4211D3019B002B06DD04235B429A
S21400D2C09C4463461B68002B51D0049B019A1800AF
S21400D2D01A6109B0F0BD04C3DEE71488002C1ED026
S21400D2E00026009D029F01CF079508CD039383B2C9
S21400D2F0634319006B46000C9B896043CB18039967
S21400D3009B19090C4118180C09180E0C9BB209043D
S21400D3100B4307990B60059BBB42E4D82E6013684D
S21400D3201B0C03931ED00026009B029C1B680098D3
S21400D33007002188039D9BB2694320C82D0C49191C
S21400D3408E1931040B433B6008CC03991B0C4B43EE
S21400D3507968360C89B25B1805999B191E0CA14298
S21400D360E6D80360009B043204330093A0E7019BD9
S21400D370013B01939FE700000323F7B51340050028
S21400D3800E001400002B08D02249013B9A00525888
S21400D39000233100FFF7D2FE0600A310019336D01B
S21400D3A06C6A002C07D11020FFF762FE68624460AA
S21400D3B084600460C4606F6ABC68002C07D116499C
S21400D3C02800FFF740FF00230400B8600360012236
S21400D3D0019B13420AD0310022002800FFF73CFFD1
S21400D3E0070031002800FFF790FE3E00019B5B100F
S21400D3F001930CD02068002807D1220021002800C5
S21400D400FFF72AFF0023206003600400DFE73000F8
S21400D410FEBDC046D040010071020000F0B50D0010
S21400D42017002B69541185B0E3180293013301935A
S21400D4304968AB680390019A934234DB0398FFF780
S21400D4402CFE00230200060019001432A3422DDB36
S21400D450E343DB171C402B001F21A40014192A6984
S21400D460143392009A180F4024D00131C91B8C4601
S21400D47000211868B84001436046216002CB04349E
S21400D480C1409A42F5D82160002902D0029B02339F
S21400D4900193019B0398013B33612900FFF735FE9A
S21400D4A0300005B0F0BD01315B00C4E798001150B4
S21400D4B00133CBE702CB02C49A42FBD8E9E70A69FC
S21400D4C0036930B59B1A0ED19200143014318418BB
S21400D4D08918043C043922680D68AA4205D0AA427D
S21400D4E0924101231343180030BDA042F1D3FAE75E
S21400D4F0F0B50D0085B00700110028001400FFF7F6
S21400D500DEFF061E08D101003800FFF7C6FD012326
S21400D5104661036105B0F0BD01230193002804DBDA
S21400D52023002C001D000023019361683800FFF7DC
S21400D530B4FD2F000022019B2669C3601434B3009B
S21400D540E31802932B6914379B00FB180393030020
S21400D5509446143320CC04CF0192AAB294446A466F
S21400D560614692882D0C8A1A0199090C691A1514BD
S21400D57049190D1492B209040A431A60039AAC467C
S21400D5800433BA42E6D802991A008C4205D3043A0C
S21400D5901368002B0ED00661BCE704CC91B2614440
S21400D5A00D14120C5219151489B212040A43AC4613
S21400D5B004C3E8E7013EEAE7F7B51D000121089F2E
S21400D5C01400FFF76AFD2B036D0006001B0B6D0DA4
S21400D5D024D10193002C27D068460094FFF704FE60
S21400D5E0009C00281ED0019B20211A00091A8A40A0
S21400D5F0C340224372610193019CB461631E9C4147
S21400D60001343461002D18D0124BED1835232D1837
S21400D6103D60181A099B18603000FEBD8022520338
S21400D6201343D6E77461E7E701A8FFF7DDFD0124A1
S21400D630019B346173612030E4E7074BC018074B49
S21400D6403860E3189B00F3185869FFF7B3FD6401D0
S21400D650201ADFE7CDFBFFFFCEFBFFFFFFFFFF3FFC
S21400D6604A4370B51100140000F052F8051E03D0AE
S21400D67022000021FDF731FD280070BD70B50500C1
S21400D680002910D00C1F2368002B00DAE4182800AD
S21400D69000F026FC1D4A1368002B05D16360146059
S21400D6A0280000F01EFC70BDA34209D9216860184E
S21400D6B08342F3D118685B6841182160EEE71300D7
S21400D6C05A68002A01D0A242F9D919685818A0420F
S21400D6D00BD120680918581819608242E0D11068EA
S21400D6E05268411819605A60DAE7A04202D90C2342
S21400D6F02B60D5E721686018824203D11068526813
S21400D7004118216062605C60CAE7C046F8060020E7
S21400D710032370B5CD1C9D43083506000C2D1ED284
S21400D7200C25A9421DD8300000F0DAFB254A146803
S21400D7302100002919D1244C2368002B03D1300086
S21400D74000F0EEFA20602900300000F0E9FA431CF1
S21400D7502CD10C233000336000F0C3FB03E0002D17
S21400D760DFDA0C233360002070BD0B685B1B1AD415
S21400D7700B2B03D90B60CC18256003E08C420ED12E
S21400D78063681360300000F0ACFB200007220B300B
S21400D790231D9043C31AE7D05A42E250E4E74B6891
S21400D7A063600C00EEE70C004968C2E70323C41C64
S21400D7B09C43A042E0D0211A300000F0B1FA431C8E
S21400D7C0DAD1C6E7F8060020FC060020F0B58E6821
S21400D7D085B007000C00039201939E4239D890232F
S21400D7E08A89DB001A4234D00325096923685B1A4C
S21400D7F00293636902985D43EB0F5D19019B6D1000
S21400D80001331B18AB4200D91D00530532D5290041
S21400D8103800FFF77DFF061E09D10C233B6040232E
S21400D8200120A28940421343A38105B0F0BD029AAD
S21400D8302169FDF749FCA389144A1A408023134343
S21400D840A381029B2661F61826606561019EED1A8B
S21400D850A560019BB34200D21E00320003992068E7
S21400D86000F02CFBA36800209B1BA36023689E1976
S21400D8702660DAE72A00380000F034FB061EE0D106
S21400D88021693800FFF7FAFEC7E7C0467FFBFFFFB7
S21400D890F0B59FB0029005938B890F0016001B060B
S21400D8A011D50B69002B0ED14021FFF731FF3860F0
S21400D8B03861002805D10C23029A013813601FB086
S21400D8C0F0BD40237B61002306AD6B6120336B7691
S21400D8D01033AB7634002378002B47D1A31B049378
S21400D8E00DD0A31B320039000298FFF76FFF431CD0
S21400D8F000D1B5E06A69049B944663446B61237863
S21400D900002B00D1ACE00122002352426A6002A93B
S21400D9105432521801342B60EB60AB601370AB6569
S21400D920584E052221783000FFF7ACFB621C002819
S21400D93020D12968CB0604D5532302AE20309B198C
S21400D94018700B0704D553232B2002AE9B191870B2
S21400D95023782A2B16D000200A21099B2278303AF9
S21400D960092A55D9002815D0099313E0252BB5D0E0
S21400D9700134B0E70123801B8340296814000B4361
S21400D9802B60CDE7059B181D1B680590002B39DB27
S21400D9900993140023782E2B0BD16378621C2A2B54
S21400D9A03ED1059B02341A1D1B680592002B34DB02
S21400D9B00793354E217803223000FFF763FB0028DB
S21400D9C006D04023801B83402A68013413432B6013
S21400D9D0217806222D48661C2976FFF753FB00287F
S21400D9E046D02B4B002B2FD12968059B0722C90553
S21400D9F028D59B189343083305936B69039A9B18A5
S21400DA006B6167E75B42EB6002230B432B60C0E76A
S21400DA104B4301349B180120A0E701235B42C7E774
S21400DA20002314000A201A006B6021783039092977
S21400DA3003D9002BBDD00792BBE7424301345218EE
S21400DA400123F2E70733D5E705AB00933A00114B05
S21400DA5029000298FDF7E6FB0390039B0133CCD127
S21400DA60BB890B985B0600D429E70120404226E7D5
S21400DA7005AB00933A00074B29000298FDF78CFE91
S21400DA80EAE7C046DC400100E2400100E640010053
S21400DA9025B20000CDD70000936810B5013B936017
S21400DAA0002B05DA9469A34208DBCBB20A2B05D01B
S21400DAB01368581C10601970C8B210BDFEF79AF9AA
S21400DAC0FBE7F8B506000F001400D518AC4201D1EC
S21400DAD0002007E021783A003000FFF7DDFF013430
S21400DAE0431CF3D1F8BD0000F0B59FB006000F0050
S21400DAF014000593002804D08369002B01D1FFF79A
S21400DB00A9F97F4B9F425CD17768BB891B0762D51A
S21400DB103B69002B5FD0002306AD6B6120336B762C
S21400DB201033AB760294029C2378002B5DD1029BC7
S21400DB30E31A04930DD0049B029A39003000FFF7D5
S21400DB40C0FF431C00D1CCE06A69049B9446634442
S21400DB506B612378002B00D1C3E0012200235242E0
S21400DB606A6002A95432521801342B60EB60AB6035
S21400DB701370AB65217805226248FFF783FA631CB1
S21400DB809C46002835D12968CB0604D5532302AA23
S21400DB9020309B1818700B0704D553232B2002AA9D
S21400DBA09B18187023782A2B2CD000200A21099B5A
S21400DBB02278303A092A00D86BE000282AD0099348
S21400DBC028E0514B9F4201D1B7689EE74F4B9F42DA
S21400DBD09BD1F76899E739003000FEF761F9002815
S21400DBE099D0012040421FB0F0BD252B9FD00134B4
S21400DBF09AE7444B2968C01A012383400B432B60E5
S21400DC006446B7E7059B181D1B680590002B3ADB9A
S21400DC100993644623782E2B0BD16378621C2A2B3B
S21400DC203FD1059B02341A1D1B680592002B35DB7D
S21400DC300793217803223648FFF724FA002807D0F6
S21400DC40334B2A68C01A4023834013432B600134A9
S21400DC502178631C06222F4802932976FFF712FAD2
S21400DC60002844D02C4B002B2FD12968059B072277
S21400DC70C90528D59B189343083305936B69039A07
S21400DC809B186B614FE75B42EB6002230B432B60F4
S21400DC90BFE74B4301349B18012089E701235B4211
S21400DCA0C6E7002314000A201A006B60217830397A
S21400DCB0092903D9002BBCD00792BAE742430134A6
S21400DCC052180123F2E70733D5E705AB00933A0075
S21400DCD0124B29003000FDF7A5FA0390039B013391
S21400DCE0CCD1BB895B0600D57BE70B987BE705AB01
S21400DCF000933A00094B29003000FDF74DFDECE794
S21400DD009C3F0100DC400100BC3F01007C3F01005D
S21400DD10E2400100E640010025B20000C3DA000040
S21400DD20002370B5064C050008002360F9F734FBA5
S21400DD30431C03D12368002B00D02B6070BDC04667
S21400DD403025002070B50C000E25495F00F0F0F875
S21400DD50002803DB636D1B18636570BDA389024A48
S21400DD601340A381F9E7C046FFEFFFFFF8B51F0099
S21400DD708B8905000C001600DB0505D50E23C95E51
S21400DD800022022300F074F8A389054A28001340F5
S21400DD90A38132000E23E15E3B0000F01FF8F8BDC1
S21400DDA0FFEFFFFF70B50C000E25495F00F060F82E
S21400DDB0A389421C03D1054A1340A38170BD80226B
S21400DDC052011343A3816065F8E7C046FFEFFFFFEB
S21400DDD010B50E23C95E00F015F810BD70B505002D
S21400DDE0080011000022064C22601A00FCF7E4F935
S21400DDF0431C03D12368002B00D02B6070BDC046A7
S21400DE0030250020002370B5064C0500080023606E
S21400DE10F9F7D4FA431C03D12368002B00D02B60FB
S21400DE2070BDC04630250020002370B5064C0500A6
S21400DE30080011002360F9F7C4FA431C03D12368D5
S21400DE40002B00D02B6070BD30250020002370B55D
S21400DE50064C050008002360F9F7B8FA431C03D106
S21400DE602368002B00D02B6070BDC04630250020F4
S21400DE7070B50500080011000022064C22601A004A
S21400DE80F9F7A6FA431C03D12368002B00D02B60B9
S21400DE9070BDC0463025002082B0002900D101A9FF
S21400DEA0101E06D0002B06D013780B601078431E89
S21400DEB0984102B0704702204042FAE710B5884207
S21400DEC002D98B18984208D300239A4207D0CC5C1C
S21400DED0C4540133F9E78B5C8354013AFBD210BD7E
S21400DEE070477047F8B507000D001600002905D1E9
S21400DEF01100FFF70DFC04002000F8BD002A03D136
S21400DF00FFF7BCFB3400F7E700F032F82C0086423F
S21400DF10F2D931003800FFF7FBFB041EECD02900D5
S21400DF203200FDF7D1F829003800FFF7A7FBE3E73A
S21400DF3070B50500080011000022064C22601A0089
S21400DF40FCF726F9431C03D12368002B00D02B6076
S21400DF5070BDC046302500200B1E04D0FF2A04D911
S21400DF608A2303608B3B180070470A700123FAE788
S21400DF700B1F1B68181F002B01DA0B58C0187047C0
S21400DF8002B4714649084900095C49008E4402BC47
S21400DF907047C0468446101C62468C46191C634671
S21400DFA000E0C0461FB501F0E5FC002801D40021C2
S21400DFB0C8421FBD10B501F03FFC4042013010BD05
S21400DFC010B501F0D7FC002801DB002010BD0120B1
S21400DFD010BDC04610B501F0CDFC002801DD0020C4
S21400DFE010BD012010BDC04610B501F05FFC002832
S21400DFF001DC002010BD012010BDC04610B501F0A8
S21400E00055FC002801DA002010BD012010BDC046D6
S21400E0108446081C6146FFE71FB500F015FA002885
S21400E02001D40021C8421FBD10B500F0A7F9404238
S21400E030013010BD10B500F007FA002801DB002003
S21400E04010BD012010BDC04610B500F0FDF9002837
S21400E05001DD002010BD012010BDC04610B500F047
S21400E060B3F9002801DC002010BD012010BDC04619
S21400E07010B500F0A9F9002801DA002010BD012033
S21400E08010BDC046F0B5CE46474615042D0C2E00F2
S21400E09080B50704140C3F0C9946030C7E435D4381
S21400E0A0674363437F19340CE4199C46A54203D9A1
S21400E0B080235B029846C4444B4651434343360490
S21400E0C0360C250C24046544A41959184919200057
S21400E0D00CBC90469946F0BD10B50023002802D02F
S21400E0E002F008FC431C180010BDC046F0B55746A9
S21400E0F04E46DE464546E0B544024300C60F83B0B2
S21400E1000F1C640A1B0EB24653D0FF2B27D080226A
S21400E110E400D20414437F225242904698440023DF
S21400E12099469B467D027800FB0F6D0A000E009311
S21400E13024D0FF2846D080230021ED00DB041D43B9
S21400E1407F384746381A4F460F43BF00B94633005C
S21400E150009A874F53404A46BA5801939746002C78
S21400E1604ED108239946F7339846FD3B9B467D02E1
S21400E1707800FB0F6D0A000E0093DAD1002D26D131
S21400E180002001213300009A7A4F53404246101A6D
S21400E1904A460A439200BA581D009746009B2C0038
S21400E1A09A468B465B46022B31D15346FF2100240C
S21400E1B038E0002C17D104239946002398460133F3
S21400E1C09B46AFE7FF20002D0BD10221DAE728009F
S21400E1D002F072FB431F9D4076235B42181A002113
S21400E1E0AFE70321ADE7200002F066FB431F9C402B
S21400E1F076235B421B1A9846002399469B4691E776
S21400E2000C239946F3339846FC3B9B468AE7032B40
S21400E21000D1A5E05546012B00D081E00123002166
S21400E22000242B406402C905600ADB070843184334
S21400E23003B03CBC90469946A246AB46F0BD80244F
S21400E2400023E403FF21EDE7FF210024EAE7012392
S21400E250591A1B2966DD019A134000210024E1E7C4
S21400E2608023DB031C4238D01D4251D01C4364027D
S21400E270640A3300FF21D5E763016C01A3423BD259
S21400E2801B260021013801251F0049005B00002FD6
S21400E29001DB9C4201D81B1B2943013E002EF3D113
S21400E2A01C00631E9C410C4301007F310029CEDD1B
S21400E2B0630704D00F232340042B00D0043423012B
S21400E2C003D501002C4B80311C40FE290DDD0123B7
S21400E2D0019AFF2113400024A4E78023DB031C439C
S21400E2E06402640A3300FF219CE70123019AA4011B
S21400E2F0640AC9B2134095E71B1B1A260121C2E720
S21400E300009B8B469A4600244CE76302E5D5002521
S21400E3108024E4032C436402640A009BFF2181E707
S21400E3200195C1E723002020CB40411A8C40611E96
S21400E3308C411C43630704D00F232340042B00D0DA
S21400E3400434630105D50123019A012113400024FA
S21400E35068E70123019AA401640A1340002161E7DB
S21400E3608023DB031C436402640A5346FF2159E7FB
S21400E370F841010038420100FFFFFFF770B5420088
S21400E38045024E024C00C30F6D0A120E760A240E8A
S21400E390C90F0120FF2A06D0FF2C03D0A24201D1CC
S21400E3A0B54206D070BD002DFCD1FF2CFAD1002E50
S21400E3B0F8D18B4206D00120002AF3D12800451E52
S21400E3C0A841EFE70020EDE7F0B5420045024C0219
S21400E3D0C30F48006D0A120E640A000EC90FFF2A0A
S21400E3E01ED0FF2821D0002A0AD16E426E41F6B216
S21400E3F000280FD1002C0DD10020002D09D005E0FB
S21400E400002801D1002C01D08B4211D001215842A6
S21400E4100843F0BD002EF7D0012001390843F8E785
S21400E420002DDED002204042F3E7002CDBD0F9E7D7
S21400E4308242EBDC04DBA542E8D80020A542E8D205
S21400E4400121581E0843E4E7F0B542004D024C0097
S21400E4504602760A120EC30F6D0A240EC90FFF2A53
S21400E46016D0FF2C18D0002A0AD170427041C0B2D4
S21400E470002C15D0002805D0012001390843F0BD36
S21400E480002C13D0994214D001205B421843F6E7C3
S21400E4900220002EF3D1E4E70220002DEFD1E2E7C0
S21400E4A0002DE7D10020002EE9D0EDE7002DE9D1C0
S21400E4B0EAE7A24206DCDFDBAE4203D80020AE422B
S21400E4C0DAD3DCE7012049420843D8E7F8B55746D7
S21400E4D04E464546DE46E0B54702460088467F0A79
S21400E4E0360EC40F002E47D0FF2E24D0FB00802708
S21400E4F0FF041F43002399469A467F3E43465D022B
S21400E5005800DB0F6D0A000E984643D0FF283BD01C
S21400E510EB0080250022ED041D437F383618731C5F
S21400E52041469B464B46614013430F2B64D87548C3
S21400E5309B00C3589F46002F42D108239946063BAE
S21400E540FF269A46DAE74146022A28D0032A00D157
S21400E550CEE0012A00D0ACE0114000200022CCB270
S21400E5604002D205400AE407104320433CBC9046D4
S21400E5709946A246AB46F8BD002F15D1042399460E
S21400E580033B00269A46B9E7FF200222002DC5D09D
S21400E5900322C3E7002D19D100200122BEE7012483
S21400E5A0FF220C400020DBE7380002F085F97626D3
S21400E5B0431F9F4000237642361A99469A469DE7A7
S21400E5C00C239946093BFF269A4697E7280002F057
S21400E5D073F9431F9D4076235B42181A00229DE77D
S21400E5E080200024C003FF22BAE73D005246ABE776
S21400E5F03D0021005246A7E73B0C9C462A04120C1D
S21400E6002B0C1400604665463F043F0C7C43424397
S21400E6105D437B43270C9B18FF18BA4203D980231F
S21400E6205B029C46654424043A04240C12199301A8
S21400E6305C1EA3413F0C920E7D191A43AD01154393
S21400E6402B0104D501235E466A081D40154332009F
S21400E6507F32002A25DD6B0704D00F232B40042BC6
S21400E66000D004352B0103D53200274B80321D40E5
S21400E670FE2A94DC0124A801400AD2B20C406FE7BF
S21400E6808020C003074207D0054205D12843400238
S21400E690400A4446FF2263E738434002400AFF220E
S21400E6A05EE70124A31A1B2B05DD0C400022002088
S21400E6B056E75E46CBE72A002020DA40C31A9D4084
S21400E6C02B005D1EAB4113435A0704D00F221A409D
S21400E6D0042A00D004335A0104D5012401220C4038
S21400E6E000203DE701249B01580A0C40002237E732
S21400E6F080200124C00328434002400A0C40FF2229
S21400E7002EE7C04678420100FFFFFFF7F0B54F4600
S21400E710D64646464400C0B5C20F47024802400AE5
S21400E720844666467B0A4800C90F9A46240E1500A2
S21400E730DB00000E8946F600FF2800D18FE001219D
S21400E7404F464F403900914266D0221A002A00DC1C
S21400E7509DE000283DD1002E00D18BE0511E0029FF
S21400E76000D0B5E001249B1B5A0144D59B019F09AC
S21400E770380002F0A1F805388740844200DD96E0B4
S21400E780041B3A0020200134E240041BA7403B0053
S21400E7905F1EBB41002413435A0704D00F221A40C1
S21400E7A0042A00D004335A0127D50134FF2C00D1A7
S21400E7B079E001229B015B0AE4B22A405B02E40591
S21400E7C0580AD207204310431CBC90469946A246DE
S21400E7D0F0BDFF2CE0D08021C9040E431B2A7BDC51
S21400E7E031002020D140821A9640721E96410E4378
S21400E7F09B1B5A01BAD45A07D0D10122DF082A40FF
S21400E800FF2C33D1002F00D1A8E08023DB033B434D
S21400E8105B025B0AFF24D1E7211A00294CDD0028A1
S21400E8202AD0FF2CB8D08020C00406431B2900DD68
S21400E830AFE030002027C840791A8E40711E8E4106
S21400E84006439B195901D6D50134FF2C00D185E02B
S21400E85001227A491A405B080B4013439CE7002EBE
S21400E86000D070E76BE73B1EC5D100227B025B0A37
S21400E870E4B2A3E714008FE7002E4DD0481E002810
S21400E88057D19B1901245A01B5D50224E0E7002A86
S21400E89025D1621CD2B2012A72DD9F1B7A0135D5C2
S21400E8A0F71A0D0064E7012200232A4086E73B00A2
S21400E8B0634A241A13406FE700296CD1611CC8B262
S21400E8C001284EDDFF2949D09B195B080C0063E741
S21400E8D0FF2A41D00A0081E701269B1B89E7002C0E
S21400E8E01CD0FF2821D08024E404524223431B2A54
S21400E8F000DD96E01C002025D440AA1A93405A1E3C
S21400E90093412343F31A04000D002DE7002F00D097
S21400E9102EE700220024A9E70C003DE7002B58D084
S21400E920D243002AEED0FF28E1D13300FF240D00A9
S21400E93032E7FF2910D0010078E7002B6ED0FF24C5
S21400E940002E00D128E780225146D203114203D080
S21400E9506146114200D13300FF241DE7FF24002347
S21400E9602CE7002CE9D1002B63D0002E00D113E752
S21400E9709B195A0100D43EE7314A0C0013400BE7BE
S21400E980002C1ED1002B2FD1002E4FD033000D00AF
S21400E99002E7012655E7002C1FD1002B43D0C943C0
S21400E9A000290BD0FF2839D01B2944DC1C00202767
S21400E9B0CC40791A8B40591E8B4123439B19040087
S21400E9C040E7002B1AD1002E24D180270022FF0317
S21400E9D01BE7330004000D00DEE6FF281ED080246F
S21400E9E0E40449422343DFE7002E00D1D4E69F1B10
S21400E9F07A0100D437E7F31A0D00CDE6FF24002E87
S21400EA0000D1C9E680225046D2031042A4D0604608
S21400EA101042A1D133000D00FF24BDE63300FF24D1
S21400EA20BAE601236EE733000400B5E600270022AD
S21400EA301CE73300B0E60123C0E7C046FFFFFF7DBA
S21400EA40FFFFFFFB41024300C20F490A1B0E0020D6
S21400EA507E2B0DDD9D2B0CDC802000040143952BC6
S21400EA600ADC9620C31AD9404842002A00D1080082
S21400EA707047034BD018FBE7963B9940F4E7C04637
S21400EA80FFFFFF7F70B5002830D0C317C4185C4066
S21400EA90C50F200001F010FF9E231B1A962B0DDCDD
S21400EAA09622D21A94402A006402640ADBB26402F8
S21400EAB0DB05600AD2071843104370BD992B19DC9A
S21400EAC09922D21A002A29DD94402200144C1440C0
S21400EAD0510704D00F210A40042A00D004346201F2
S21400EAE013D4A401640ADBB22A00E0E70022002364
S21400EAF00024DCE705222100121AD140B922D21ADE
S21400EB009440621E94410C43DAE7054B2A001C40F1
S21400EB109F23A4011B1A640ADBB2C8E72200D5E7CC
S21400EB20FFFFFFFB10B5041E27D001F0C5FE9E2395
S21400EB301B1A962B0ADC9622D21A94406402640AA8
S21400EB40DBB26402DB05600A184310BD992B17DCA4
S21400EB509922D21A002A27DD94402200134C144032
S21400EB60510704D00F210A40042A00D00434620161
S21400EB7012D4A401640ADBB2E3E700230024E0E732
S21400EB80B9222100D21A91400A00511E8A4105215D
S21400EB90091ACC401443DBE7044B1C409F23A40116
S21400EBA01B1A640ADBB2CCE72200D7E7FFFFFFFBA5
S21400EBB0F8B54546DE4657464E460C03E0B54E00D1
S21400EBC0C90F88460D00610A440F0C43C70019039D
S21400EBD05800DB0F9B464B0A510F0B43760D400D3A
S21400EBE01900D200D84500D1AEE0351A002D00DC61
S21400EBF0F6E000280FD1134300D1DBE06B1E002B9C
S21400EC0000D037E1BA1A9742BF41641A7F42E41B2C
S21400EC100126170024E0C64B9E424DD080231B04DD
S21400EC201943382D00DD07E11F2D00DD38E12020D7
S21400EC30431B9A460B0050468340994613004846AD
S21400EC40EB401843030050468240501E8241E94084
S21400EC501A43BA1A611A9742A441170064420C1B61
S21400EC60230262D56402650A002D00D1DFE0280089
S21400EC7001F022FE0300083B1F2B00DDD2E020221D
S21400EC803C00D21A9D40D4409F4025439E4200DD62
S21400EC90C4E09E1B731C1F2B00DDF1E02022380011
S21400ECA02900D21AD840914097402C000143781E84
S21400ECB08741DC4000260F437B0709D00F233B40EB
S21400ECC0042B05D03B1DBB42BF417F42E4191F0009
S21400ECD023022CD5964B01369E4200D19AE045463B
S21400ECE0944BFF081C406007760564020743240B1C
S21400ECF0760D00212403230B0C0D8F4A24051C439C
S21400ED001440330523435B00ED075B082B433800B4
S21400ED1019003CBC90469946A246AB46F8BD6446F0
S21400ED20044300D111E2040067467B07C6D145467E
S21400ED306007FF080743E4087D4B9E4230D024035B
S21400ED407605240B760DD4E7331A9A46002B78DD29
S21400ED50002831D076488642AED080200004014399
S21400ED605346382B00DCE9E00A43511E8A41002155
S21400ED70D219BA42BF4109197C4217000C19230266
S21400ED80D3D56B4B01369E4200D13AE10120694B48
S21400ED901C407B0807401F43E007074364088BE7D7
S21400EDA023003B4300D1CBE180221203144324030B
S21400EDB0240B9EE72E007FE70800104300D1B4E046
S21400EDC0581E002800D0DEE0BA18BA429B416418EC
S21400EDD05B42E418170001262302A6D50226D5E7D3
S21400EDE0002D6ED1701C4005400D012800DCF9E0B6
S21400EDF0B81A844687428041E51A40422D1A2802F6
S21400EE0000D489E0D71BBA4292411C1B5242A51A75
S21400EE10D84629E74546002400276AE7454CF61AF7
S21400EE202C4049E73D002838854000272EE738006B
S21400EE3001F042FD20301DE70A43511E8A410021A1
S21400EE4007E7002B00D0F3E0701C43055B0D012B99
S21400EE5000DCADE0364B984200D1D1E0BA18BA4299
S21400EE60BF4164187F42E419E70752081743640855
S21400EE70060021E72E48854200D193E01D00D0E62B
S21400EE8029001F3EF140202B00D18DE04022D31AEE
S21400EE909D402F437D1EAF4100240F43002644E7CC
S21400EEA02B000800203BD8400300202D00D17DE039
S21400EEB04020451BA9400A43511E8A4100211A439F
S21400EEC0C7E6002E50D01A4EB04257D080266B426E
S21400EED09946360434434B46382B00DDD6E01F2BCC
S21400EEE000DD35E12026F51A2600AE40B2463E008B
S21400EEF0DE40AC46350056462E436546AF407D1E86
S21400EF00AF41DC403743D71BBA4292410C1B5242FA
S21400EF10A41A0600D846A3E6644667462C4300D0EB
S21400EF20A2E600250026002706E71E00C4E6C04627
S21400EF30FF070000FFFF7FFFFFFF0F801F2B63DC34
S21400EF402020C31A080098409C468346534610006B
S21400EF50D84003005846184363469A40531E9A41C9
S21400EF6053460243D94003E726003E4306D0EB4310
S21400EF709946002BC7D0944EB042ACD10C00170077
S21400EF800600D84698E6904B9A450BD08246E7E6B0
S21400EF90002800D09EE01800104300D1E9E01C00D5
S21400EFA01700D846884E87E6002572E7002182E7DC
S21400EFB023003B43002E00D0ABE0002B00D1E7E05F
S21400EFC00B00134300D177E6BA18BA42BF41641863
S21400EFD07F42E419230200D4F2E07C4B17001C4069
S21400EFE0060069E620003843002ED1D100285BD108
S21400EFF01C00144300D1A8E01C001700D8465BE6AE
S21400F00006000024002797E650460B002038C34031
S21400F01099465346202B00D195E0402350461B1AB4
S21400F02099400A43511E8A414B4600211A439FE6E7
S21400F030002E30D126003E4367D0DB439A46002B95
S21400F0401CD0614EB04260D05346382B00DD96E0AF
S21400F0501F2B00DD9FE02026F31A26009E409C46CC
S21400F060B34653463E00DE4033005E461E436346CC
S21400F0709F407B1E9F415346DC403743BF18974254
S21400F080924164185242A418060078E627437C1E74
S21400F090A741002437E74C4EB04236D080265B426C
S21400F0A036049A463443CFE71800104300D103E6EF
S21400F0B0B81A84466745AD41E01A6D42401B05020A
S21400F0C000D42CE6D71BBA4292411C1B5242A41A0B
S21400F0D0D846F1E51800104300D163E7F808670743
S21400F0E007438020E4080003044208D0DD080542F8
S21400F0F005D1D208590711430F002C00D8467B0FC4
S21400F100E4001C43FF00304ED6E50C001700060056
S21400F110D2E5002B38D00B00134300D142E7F808A5
S21400F120670707438020E40800030442E7D0CB08C3
S21400F1300342E4D1D208490711430F001C00DEE762
S21400F14000270024D5E500216BE700250027F3E51E
S21400F1504E462500203EF5404B462E00202B2DD057
S21400F1604025ED1AAC4027437C1EA74100243743B8
S21400F170C9E6802400252403134E0027DCE5274338
S21400F1807C1EA741002479E70C0017000E4E93E57D
S21400F1900C00170090E556462300203EF3409946A3
S21400F1A05346202B0ED0402356469B1B9C4027439D
S21400F1B07C1EA7414B4600241F435FE70024D2E78E
S21400F1C01700B2E50024F2E7FF070000FFFF7FFF0D
S21400F1D0F0B557464546DE464E46E0B54C000E03B3
S21400F1E087B0834692461D008046360B640DCF0FCF
S21400F1F0002C4FD06F4B9C4235D08023420F1B040F
S21400F200F600134333439946C30098466A4B0026DC
S21400F2109C460023644403932B031B0B9B466B0006
S21400F220ED0F50465B0D01955ED0624A934253D077
S21400F2305A46D1008022400F120402430A439346E6
S21400F2405246D1005C4A9446002263443800684027
S21400F25084460290E41A16430F2E00D9B4E0574BAA
S21400F260B6009B599F460300334399466CD1002352
S21400F2709846023308260393CEE7CB464146039AC8
S21400F2800197022A65D1019B4A4C9C460023002226
S21400F29098466BE00300334399464ED0002E00D1CB
S21400F2A0BCE1300001F008FB03000B3B1C2B00DD2B
S21400F2B0ACE11D22D31A5A460100DA4008398E40C6
S21400F2C01300334399465B468B40984600233C4CDC
S21400F2D00026241A03939FE751465A46114329D124
S21400F2E0002293460232B1E7594601431ED05B46E0
S21400F2F0002B00D19EE1584601F0DEFA03000B3BDE
S21400F3001C2B00DD8FE102005946083A91408B46DF
S21400F3101D21CB1A5146D9400B0059460B43514686
S21400F3209B469140264B00221B1A8FE700230122A2
S21400F3309B468BE75146032288E700239846013315
S21400F34004260024039367E70323B14603930C26A1
S21400F35062E7032A00D15CE2019B012A00D0E4E1C7
S21400F36013409C46002300240022984600211203E6
S21400F370130B0A0D12051A432305124C4046224071
S21400F380134362465B00D2075B081343190007B0BD
S21400F3903CBC90469946A246AB46F0BD0023802270
S21400F3A09C4612039846034CE0E70023014C0022DB
S21400F3B09846DBE7FF07000001FCFFFFB8420100AC
S21400F3C00DFCFFFFFFFF0F80D94500D939E100D1C2
S21400F3D034E1002346464D469A46013C5B460A0EFB
S21400F3E01B021A430B02170C039313041B0C390061
S21400F3F0280090460193F8F7C7FB0200019B83465E
S21400F4005A43280039009146F8F7F8FB350C0904F2
S21400F4100D43A9450DD95B464544013BA84500D997
S21400F4203AE1A94500D837E102235B429C464544B1
S21400F430E3444B46EB1A390018000493F8F7A4FB94
S21400F440019B05004343390004989946F8F7D6FB1C
S21400F450330409041B0C0B43994509D943446A1E1F
S21400F460984500D91AE1994500D817E1023D434472
S21400F4704A469B1A5A4612042A4303999346100C8E
S21400F4800A0C914609045A46090C4E460D00120411
S21400F490120C4543059151437243704352190E0CAA
S21400F4A0B218954203D980256D02AC466044150C0F
S21400F4B009041204090C28185218834200D2CEE020
S21400F4C000D1C8E01D1A53469E1AB24592415242D8
S21400F4D0AB1A9A46984500D117E139001800F8F79C
S21400F4E053FB019B05004343390050460493F8F74D
S21400F4F085FB04980B04310C1943884209D9414412
S21400F5006B1E884500D907E1884200D804E1023D19
S21400F5104144049BCB1A180039000493F8F734FBD7
S21400F520019B82464343390004980193F8F766FB33
S21400F53001980B043104090C194388420DD953462F
S21400F5404144013B884500D9E8E0884200D8E5E020
S21400F55002235B429C464144E244019B2D04CE1AA2
S21400F56051462943059D4F462A000B04080C1B0CE8
S21400F5705A4345437B4378435B19170CFB189D425F
S21400F58003D980256D02AC4660441D0C12041B0492
S21400F590120C28189B18864200D293E000D18EE009
S21400F5A001231943A04BE318002B00DC99E04A071F
S21400F5B000D09EE05A46D20106D55A469B4B1A40CA
S21400F5C080239346DB00E318994A934268DD0123C3
S21400F5D0029A984C1A400023944698460022C5E6A4
S21400F5E080224B46120313420AD05B46134206D1D2
S21400F5F01A431203120BAC4688468E4CB6E64B46B0
S21400F6001A431203120BBC468A4CAFE603005A4656
S21400F610283B9A4000239146984657E6584601F004
S21400F6204BF9203040E603005246283B9A40002122
S21400F630934677E601F040F920305FE6884500D231
S21400F640C7E64B46DE075D0843465B081E43434657
S21400F650DB079A46C2E60025924500D333E7039EB1
S21400F6605946B446E244B245AD416D424544EB18B6
S21400F6700139984507D2984200D97FE000D1BCE016
S21400F6801D1A8B461FE79845FAD1039D5545F2D9BA
S21400F69043468B461D1A16E79B46CAE61500E7E664
S21400F6A05A46C90852070A435B0590465C0D5A46FF
S21400F6B00123029952021940120B8C4656E6002B83
S21400F6C000D16FE746444A1EB04529D9110086424C
S21400F6D000D065E7039A934200D061E762E7012114
S21400F6E049420120C21A382A21DD029B03409C466B
S21400F6F038E60F220A40042A00D15BE70A00111DF3
S21400F700914292415242934454E7474BE318002BF0
S21400F710E5DD01225242F2E71D00FAE69A461CE7B2
S21400F720B04239D86ED011003AE702933AE71F2A62
S21400F7303CDC20239B1A0C005846994098404B1EF0
S21400F74099415B46D440D340204308431A00430700
S21400F75009D00F230340042B05D00100081D884262
S21400F7609B415B42D21813023AD50123029A012428
S21400F7701A400023944698460022F7E502214942A3
S21400F7808C46039DE344AC46E244AA45AD416D4237
S21400F7904544ED182D1A96E68A1E03994D008D42B3
S21400F7A0894149424144761803958FE71F2040421D
S21400F7B0C31A5846D8400300202A28D040205D4669
S21400F7C0821A954029434A1E914119430723002275
S21400F7D00B4009D00F2300220B400800042BBDD19C
S21400F7E0010053075202120BC90819430123884629
S21400F7F00299002419408C46B8E55245BED88B467F
S21400F800002560E6039D9D42C6D3110062E70025F1
S21400F810D8E780225B4612031A43019B1203120BA1
S21400F8209C468846034CA1E5FF030000FFFFFFFE51
S21400F830FE070000FF070000F0B54F464646D646D6
S21400F8405C00C0B51F03DB0F9A46174B0E034D0036
S21400F85084468046360B6D0DC90F91463F0B640DEE
S21400F86001209D4208D09C4201D0A5420BD01CBC72
S21400F87090469946A246F0BD63463343F7D1AC4264
S21400F880F5D13A43F3D10120BE42F0D1C845EED1BE
S21400F890514507D0002DEAD163461E433000461E70
S21400F8A0B041E4E70020E2E7FF070000F0B5454678
S21400F8B0DE4657464E46E0B51F033D0B2C4F0E0363
S21400F8C04C00AB465D008446360B640DC90F90466F
S21400F8D06D0DDB0FBC422AD0254FBD422DD0002C2B
S21400F8E00FD130430700814678427841C0B2002DE0
S21400F8F017D15F463A4314D14B460020002B0AD05E
S21400F90006E0002D02D15846024301D0994218D095
S21400F9104842012108433CBC90469946A246AB4665
S21400F920F0BD0028F2D00120013B1843F3E7370072
S21400F9300743D1D002204042EDE75F461743CED0C2
S21400F940F8E7AC42E4DC03DA481E01210843E2E7AC
S21400F9505E45DDD806D000205E45DCD20123481E79
S21400F9601843D8E7C445D3D80020C445F6D3D2E719
S21400F970FF070000F0B54E464546DE4657465C009B
S21400F980E0B51F03DB0F99462A4B0E034D00C90F47
S21400F9908446360B6D0D8B4690463F0B640D9D429C
S21400F9A020D0244B9C4222D0002D12D1304343421B
S21400F9B04341DBB2002C1FD0002B0CD04B4601205D
S21400F9C0013B034318003CBC90469946A246AB4612
S21400F9D0F0BD002C16D0CB4517D05B46594201230C
S21400F9E00B43EFE7310002230143EBD1D9E739009F
S21400F9F002231143E6D1D7E73A43DDD1002300289E
S21400FA00E0D0EAE73A43E6D1E7E7A542E5DC05DBE6
S21400FA10BE42E2D807D00023BE42D3D259460123C5
S21400FA2001390B43CEE7C445D7D80023C445F5D3E8
S21400FA30C8E7C046FF070000F0B557464546DE4615
S21400FA404E46E0B50C0398464E00230B87B00700E1
S21400FA5092469B46760DCD0F002E6BD06D4B9E4288
S21400FA6035D080245B46420F2404DB0014431C433D
S21400FA70C3009946684BA3469C460023002766446D
S21400FA80029343461C035A00DB0F5046240B520DCC
S21400FA90984600D176E05F4B9A426DD08023410FA6
S21400FAA01B040B435C49E4008C461C43C300002047
S21400FAB062444146B6186940721C01919446074359
S21400FAC00F2F00D9B0E0554ABF00D25997465B4683
S21400FAD00343994600D087E000239B46023308275D
S21400FAE00293CEE742460192022867D0032800D14F
S21400FAF00EE2012800D062E100230024002299468D
S21400FB0001990140CDB2002112030B0D120B1B050B
S21400FB101343434A240513401C436400ED0764085E
S21400FB202C434846210007B03CBC90469946A24666
S21400FB30AB46F0BD034399464FD05B46002B00D141
S21400FB4089E1584600F0B8FE03000B3B1C2B00DD95
S21400FB507AE11D22D31A3A0001005C46DA400839E1
S21400FB608C4013008F4023439B46B94600232D4EFE
S21400FB700027361A029384E7534623432AD10024EB
S21400FB80022096E75346234320D0002C00D157E1AD
S21400FB90200000F091FE03000B3B1C2B00DD49E12A
S21400FBA01D21CB1A51460200D9405346083A9440CC
S21400FBB093400C431B4A121A00207AE70125019B4A
S21400FBC0144C1D400023002299469CE70024002286
S21400FBD001206EE7534603206BE700239B46013364
S21400FBE00427002602934CE7032381460C27029342
S21400FBF047E780220023002512039946054C82E73A
S21400FC005C464B4602986FE75C464B460195029869
S21400FC106AE7C046FF07000001FCFFFFF84201004C
S21400FC20FFFF0F800DFCFFFF4A464946170C1A0CD3
S21400FC301B041B0C08041900000C414315008846E1
S21400FC4019007D43794303958946290015004543ED
S21400FC504D44029545462D0CAA46029D5544A9459D
S21400FC6006D98A46802149028946CA4451460391EC
S21400FC70290C0491414609042D04090C88462900E4
S21400FC80250C24044144240C059121004143884658
S21400FC90210079438A466843414650448146080C11
S21400FCA048446F43824503D98021490289464F4420
S21400FCB0010C894639004944029141460F040499D3
S21400FCC03F0C88460004C0198044414604915946BA
S21400FCD00F0C0904090C884659438A4639005143DB
S21400FCE0894641464A435146090C8B467B43D21807
S21400FCF05A44934203D980235B029B46D94451461B
S21400FD000904090C8A46414661437C43130C1204DD
S21400FD104B445244A1468A463C0041466C434D4300
S21400FD2051464D440F0C7D19A94503D9802149023F
S21400FD3088464444049F0399B84641448B4683450D
S21400FD40804141428846514608042F04000C3F1863
S21400FD505846029910188946904292414F44BA4636
S21400FD60524299469346C244D144CB448F42BF4147
S21400FD70C245894199459B41934592417F424942FC
S21400FD802D0C52420F435B4213437F19FF185B460C
S21400FD903C19DB0D059A64021C43430213435D1EA7
S21400FDA0AB415A46C00D034352021343E20156D5F7
S21400FDB001205A0803401343E207134364085A48D5
S21400FDC0604400284DDD5A0709D00F221A40042A45
S21400FDD005D01A1D9A429B415B42E4181300E201CB
S21400FDE004D58020514AC00014406044504A9042D6
S21400FDF000DDE3E60125DB0862071A436402019B87
S21400FE009146220B4405640D1D407CE6802259462F
S21400FE101203114208D0144206D122431203120BD9
S21400FE2045469946434C6EE65B461A431203120B50
S21400FE30404C68E603005446283B9C400023B9E645
S21400FE4000F03AFD2030A6E60300283B9F40002342
S21400FE50BB4699468AE600F02FFD203074E6B4468D
S21400FE60ADE701252A1A382A06DD019B00241D402D
S21400FE7000230022994646E61F2A21DC2025200082
S21400FE80AD1A1E00AB40A840D6405D1EAB413043C5
S21400FE901843D440430709D00F230340042B05D052
S21400FEA00300181D98429B415B42E418230221D5AB
S21400FEB00125019B01241D4000230022994622E6CD
S21400FEC01F2521006D42281AC1400800202A1DD097
S21400FED05F35AA1A944023435C1EA34107250343BB
S21400FEE01D400022002D09D00F2200241A401800C1
S21400FEF0042AD6D1030065076402220BDB082B43D5
S21400FF0001259946019B00241D40FCE50024E2E7FC
S21400FF10802201251203224301991203120B0D4081
S21400FF209946044CEFE5C046FF030000FFFFFFFEC6
S21400FF30FE070000FF070000F0B54646D6464F46CF
S21400FF400C03C0B5CD0F4E00610A440F0C43C10030
S21400FF505800400D84468A460F001903500F490A80
S21400FF600143C648760DA846DB0FD200844500D173
S21400FF70D8E001204340AB4200D1A6E06046351AE7
S21400FF80002D00DC05E1002810D10B00134300D142
S21400FF90D7E06B1E002B00D04BE153469F1ABA45A4
S21400FFA08041641A4042241A01261EE0B34B9E424A
S21400FFB048D080231B041943382D00DD19E11F2D7E
S21400FFC000DD4CE120230F005B1B10009A409F4091
S21400FFD0E840531E9A41E940074317435346DF1B48
S21400FFE0611ABA45A44164420C1B230200D4C5E042
S21400FFF06402650A002D00D1F6E0280000F05CFCE3
S2140100000300083B1F2B00DDE9E020223C00D21A4A
S2140100109D40D4409F4025439E4200DDDBE09E1B71
S214010020731C1F2B00DD0AE120223800D21A29009A
S21401003097402C009140D8407A1E9741DC4000261C
S21401004001430F437B0709D00F233B40042B05D008
S2140100503B1DBB42BF417F42E4191F00230225D549
S214010060864B01369E4200D1AFE0854B01251C40F0
S21401007043466207FF08640276051743240B760D94
S2140100801D4000212403230B0C0D7E4A24051C432E
S2140100901440330523435B00ED075B082B43380010
S2140100A019001CBC90469946A246F0BD0125434660
S2140100B06207FF081743E4081D40704B9E4236D086
S2140100C024037605240B760DDBE76346F31A002B33
S2140100D000DC94E06046002835D068488642B1D0FE
S2140100E080273F043943382B00DCFDE00A43170024
S2140100F000217A1E974157445745804109194442C9
S2140101000C1923023AD55D4B01369E4200D14BE1D4
S21401011001225B4B1C407B0817401F43E207174335
S21401012064088FE70800104300D024E721E7230086
S2140101303B4300D1B9E18022120314432403240B6C
S2140101409FE72E007EE70800104300D1CAE0581E44
S2140101508446002800D0E7E05244524580416418A6
S2140101604042241817000126230207D50226CFE7AE
S21401017064462C4300D1B3E12C0067467B0700D0D0
S21401018062E76307FF081F4301254346E4081D4055
S21401019093E7002D78D1751C6D056D0D012D00DCE2
S2140101A0F2E05046801A8245BF41651A7F42ED1B38
S2140101B08446280200D48CE05046171ABA4292416F
S2140101C00C1B5542651B984614E70125434600243F
S2140101D01D40002755E72A4CF61A2C4032E73D0011
S2140101E028388540002717E7380000F065FB2030E7
S2140101F006E70A43170000217A1E9741EEE6002B18
S21401020000D0E5E0731C9C465B055B0D012B00DC12
S2140102109FE01A4B9C4500D1C5E0524452458041AF
S214010220641840422418E7075208174364086646D4
S21401023008E71248854200D185E01D00BCE629008A
S2140102401F3EF140202B00D17FE04022D31A9D4073
S2140102502F437D1EAF4100240F4300268EE72B005F
S2140102600F00203BDF40202D71D040235D1BA940AD
S2140102700A43511E8A4100211743AFE6FF070000DB
S214010280FFFF7FFFFFFF0F80002E3ED0B34EB44529
S21401029045D0802636046D423443382D00DDA8E073
S2140102A01F2D00DD1FE1202627005046761BB74094
S2140102B0E84007435046B040461EB041EC40384344
S2140102C0171ABA4292410C1B5242A41A6646984625
S2140102D08BE6644667462C4300D08BE60025002655
S2140102E00027EAE61E00ADE61F2B60DC2027F81A81
S2140102F00F00844687401000D8400743604682407E
S214010300501E8241D9401743F5E626005046064363
S21401031005D0ED43002DD3D0904EB445BDD10C0091
S2140103201700664698468DE68C4883420BD0634696
S214010330D9E6002D00D096E00800104300D1E2E097
S2140103400C0017009846854E7CE6002580E70021C4
S2140103508EE7230050460343002E00D0A8E0002B72
S21401036000D1DEE00B00134300D16BE65244524548
S21401037080416418404224181700230200D4FDE689
S214010380774B66461C405DE6250050460543002E29
S214010390CFD1002D4FD10C00144300D1A0E00C00AA
S2140103A0170098464EE666460024002785E61F009D
S2140103B00800203FF8400700202B00D18EE04020A7
S2140103C0C31A99400A43511E8A410021174392E6F7
S2140103D0002E14D126005046064362D0DB43002B84
S2140103E05CD187189742924164185242A418664617
S2140103F087E650462043441EA041002460E7574E3E
S214010400B4454ED0802636045B423443382B00DD9B
S2140104107FE01F2B00DD8BE0202627005046F61AD2
S214010420B740D84007435046B040461EB041074348
S214010430DC40BF18D6E70D00154300D102E6504652
S214010440801A8245BF41651A7F42ED1B8446280209
S21401045000D48DE65046171ABA4292410C1B5242FE
S214010460A41A9846EEE50D00154300D16BE75046F9
S2140104706707C00807438020E4080003044207D04A
S214010480CD08054204D12C009846D70849070F43EA
S2140104907B0FE4001C43FF00304ED3E52F4EB445DE
S2140104A0B4D10C0017006646CCE500270024E8E529
S2140104B0002B39D00B00134300D144E7C00867076F
S2140104C007438020E40800030442E1D0CB0803423E
S2140104D0DED1D70849070F431C00D9E7002171E791
S2140104E000250027E9E52E002700203EF740202DB5
S2140104F02FD04026751BAC4050462043441EA041D9
S21401050000243843DCE6802400252403134E00270C
S214010510D3E5504620430700781E87410024BF18C4
S21401052060E70C0017008DE50C0017000B4E89E5FF
S2140105301E002700203EF740202B0CD04026F31A41
S2140105409C4050462043441EA04107430024BF1848
S21401055048E70024D0E70024F3E7C046FF07000081
S214010560FFFF7FFF70B50E4E0D031C0349005B00B5
S2140105702D0B490D240B5B0DB14204D00849002018
S2140105808B4208D070BD05430120002DFAD10449E5
S21401059000208B42F6D114432000441EA041F1E70F
S2140105A0FF07000030B5134D0A034B00120B5B0D1D
S2140105B0C90F0024AB4210DD0F4CA3420FDC802490
S2140105C00E4D64032243ED1A1F2D0BDD0C48C31A92
S2140105D0DA405442002900D11400200030BD094BF6
S2140105E0CC18FAE7084CE840A44663449A40024314
S2140105F0EFE7C046FE0300001D04000033040000C0
S21401060013040000FFFFFF7FEDFBFFFF70B500281E
S21401061030D0C317C4185C40C50F200000F04CF959
S214010620174B184A1B1AD21A1F2A18DD164AD21A55
S2140106309440002224035B05240B5B0D002110006F
S21401064024030A0D240B12052243104C1B052240DD
S21401065013435B00ED075B082B43190070BD2100B7
S21401066091400A000B21081AC4405B052403240BA1
S2140106705B0DE3E70025002300240022DEE7C046E9
S2140106801E0400003304000013040000FFFF0F8067
S21401069010B5041E28D000F00FF9154B154A1B1A89
S2140106A0D21A1F2A15DD144AD21A944000222403B6
S2140106B05B05240B5B0D0021100024030A0D240B9F
S2140106C0120522430D4C1B05224013435B005908BB
S2140106D010BD210091400A000B21081AC4405B0599
S2140106E02403240B5B0DE6E7002300240022E2E747
S2140106F01E0400003304000013040000FFFF0F80F7
S2140107004100090E4B1C70B5DBB24602750AC40FD8
S214010710012B14DDE0239B006D07360BCB1800215F
S2140107200A0D280012051C4D32435B052A405B0862
S21401073013435B00E4075B082343190070BD0029DF
S21401074014D1002D1ED0280000F0B6F80A281CDCB3
S2140107500B232A001B1ADA40030015339D400F4B6A
S21401076012031B1A5B05160B5B0DD8E7002D06D08E
S214010770320B802636036D071643094BCFE7084B2D
S2140107800026CCE700230026C9E703002A000B3B1E
S2140107909A400025E3E7C046FFFF0F80890300006B
S2140107A0FF070000F0B54C00640D0B03621C450FFB
S2140107B05B0A52052B43C90FC500520D012A28DDDD
S2140107C03A4AA618FE2E1BDC002E3EDD80010200F2
S2140107D0501E82416D0F2A43DB0013435A0704D093
S2140107E00F221A40042A00D004338022D2041A4071
S2140107F05AD00136FF2E03D09B015B0AF4B201E00A
S214010800FF2400235802E405400AC9072043084391
S214010810F0BD002C07D01D43F2D08020DB00800401
S2140108200343FF26DAE72B4303D00523DB08FF2C1F
S21401083003D05B025B0AE4B2E4E7002B32D08020EF
S214010840C00303435B025B0ADCE73200173214DBAA
S21401085080221E2712041343BF1B1F2F0FDC144ACE
S214010860944664442A00A5402E00A340751EAE415E
S214010870FA40334313430026B0E70024D5E70222AB
S2140108805242961B1A00F240202F09D0094884468E
S2140108906444A3402B435D1EAB41002613439DE7F2
S2140108A00023F7E70023ADE73400BFE780FCFFFF36
S2140108B082FCFFFFA2FCFFFF1C2101231B049842C0
S2140108C001D3000C10391B0A984201D3000A0839DB
S2140108D01B09984201D30009043902A2105C401892
S2140108E07047C04604030202010101010000000036
S2140108F000000000414208401C2101231B049842CD
S21401090001D3000C10391B0A984201D3000A08399A
S2140109101B09984201D30009043902A2105C401A4F
S2140109207047C0461B1C1D1D1E1E1E1E1F1F1F1F9F
S2140109301F1F1F1F4D73674944203D202578207CCB
S2140109402043414E2044617461204669656C6420F1
S2140109503D2030782578206F7220256C640A0000CF
S2140109605265636569766564206279204178435FE4
S214010970546F703A202578204461746120257820D0
S21401098025782025782025782025780090050000F8
S2140109909405000090050000A4050000A4050000D1
S2140109A09005000094050000A4050000AA050000BB
S2140109B03E060000440600004A06000050060000FD
S2140109C0560600005C060000696E69745F4D6F7420
S2140109D06F725F537472756374204E554C4C205081
S2140109E06F696E7465722E0A00000000696E697484
S2140109F05F4D6F746F725F5374727563742829202C
S214010A002D3E20496E636F7272656374204D6F745C
S214010A106F72204E616D65207061737365640A00A4
S214010A202E2E2F68616C2F696E636C7564652F6856
S214010A30616C5F7764742E680000000041444320B7
S214010A404D6178203D20256C64207C204144432064
S214010A50417667203D20256C64207C20414443205C
S214010A604D696E203D20256C640A000041444320F8
S214010A705241572056616C756573206930203D20C0
S214010A80256C64207C206931203D20256C640A0099
S214010A906368697020696E666F203D20256C64204E
S214010AA06F72203078256C580A0000005350492098
S214010AB0436F6D6D73207769746820544D433436E7
S214010AC03731206973207375636365737366756C5C
S214010AD00000000045787420466C61736820494424
S214010AE020436865636B20506173730A0000000041
S214010AF02D2D2D2D2D2D2D2D544D433436373120B2
S214010B0053504920436865636B204661696C656490
S214010B102D2D2D2D2D2D2D2D0A0000002D2D2D2DA9
S214010B202D2D5061737369766520466C617368205C
S214010B3053504920436865636B204661696C656460
S214010B402D2D2D2D2D0A000045787420466C6173DD
S214010B5068204353202D3E202564207C20494F5891
S214010B6050204353202D3E2025640A00437572729F
S214010B70656E74204C696D6974203D202564000003
S214010B804576656E210A00004F6464210A00000064
S214010B90536F757468427269646765204164647254
S214010BA02073657420746F205245454C4552315F61
S214010BB047554944455F5245454C455241444A31A3
S214010BC02E20496E697469616C697A6564205245A4
S214010BD0454C4552312C20475549444520616E64A9
S214010BE0205245454C455241444A31207374727532
S214010BF06374732E0A000000536F7574684272693D
S214010C0064676520416464722073657420746F2084
S214010C10564152524553542031203220616E642091
S214010C20536F6C656E6F69642E20496E69746961D5
S214010C306C697A656420564152524553543120619D
S214010C406E64203220737472756374732E0A00000A
S214010C50536F757468427269646765204164647293
S214010C602073657420746F205245454C4552325F9F
S214010C705245454C455241444A325F46524F4E54C6
S214010C8043414D2E20496E697469616C697A6564C9
S214010C90205245454C4552322C205245454C455232
S214010CA041444A3220616E642046524F4E544341BD
S214010CB04D20737472756374732E0A00546F70201E
S214010CC05265656C657220526F7461727920456E4B
S214010CD0636F646572205265736F6C7574696F6EAD
S214010CE0203D2025356C642070707200546F702092
S214010CF05265656C657220526F7461727920456E1B
S214010D00636F64657220446972656374696F6E20EF
S214010D103D20256C640A00000A0A58206178697330
S214010D2020526F7461727920456E636F646572201C
S214010D30446972656374696F6E20495320616C69FA
S214010D40676E65642E0000000A0A5920617869738F
S214010D5020526F7461727920456E636F64657220EC
S214010D60446972656374696F6E20495320616C69CA
S214010D70676E65642E0000000A0A5A20617869735E
S214010D8020526F7461727920456E636F64657220BC
S214010D90446972656374696F6E20495320616C699A
S214010DA0676E65642E0000000A582041786973203A
S214010DB0526F7461727920456E636F646572204468
S214010DC06972656374696F6E204953204E4F5420D3
S214010DD0616C69676E65642E000000000A59204147
S214010DE078697320526F7461727920456E636F64FF
S214010DF0657220446972656374696F6E2049532079
S214010E004E4F5420616C69676E65642E00000000C9
S214010E100A5A204178697320526F746172792045AD
S214010E206E636F64657220446972656374696F6E80
S214010E30204953204E4F5420616C69676E65642EBD
S214010E40000000000A58204178697320526F7461CF
S214010E50727920456E636F646572204469726563BA
S214010E6074696F6E20697320464F52574152442E63
S214010E702053657420697420746F2052455645527C
S214010E8053452E000A59204178697320526F7461C8
S214010E90727920456E636F6465722044697265637A
S214010EA074696F6E20697320464F52574152442E23
S214010EB02053657420697420746F2052455645523C
S214010EC053452E000A5A204178697320526F746187
S214010ED0727920456E636F6465722044697265633A
S214010EE074696F6E20697320464F52574152442EE3
S214010EF02053657420697420746F205245564552FC
S214010F0053452E000A58204178697320526F746148
S214010F10727920456E636F646572204469726563F9
S214010F2074696F6E20697320524556455253452C9D
S214010F302053657420697420746F20464F525741C0
S214010F4052442E000A59204178697320526F746109
S214010F50727920456E636F646572204469726563B9
S214010F6074696F6E20697320524556455253452C5D
S214010F702053657420697420746F20464F52574180
S214010F8052442E000A5A204178697320526F7461C8
S214010F90727920456E636F64657220446972656379
S214010FA074696F6E20697320524556455253452C1D
S214010FB02053657420697420746F20464F52574140
S214010FC052442E00D80F0100E00F0100E80F010087
S214010FD0F00F0100257300005B4552525D200000B2
S214010FE05B57524E5D2000005B494E465D20000077
S214010FF05B4442475D20000005120000CD11000051
S214011000FC1F00006E210000FC2100004E230000A2
S214011010D4230000F4230000142400009A240000C6
S21401102020250000A6250000AE250000FC1F0000BC
S214011030FC1F0000FC1F0000FC1F00002828000009
S2140110407A280000F22100007E2100008A2100009B
S214011050F2210000F2210000902100009A210000F8
S214011060A6210000B2210000F2210000F2210000BA
S214011070F2210000BE210000C8210000F22100007C
S214011080F2210000F2210000D2210000D821000048
S214011090F2210000F2210000E2210000F22100000E
S2140110A0F2210000F2210000F2210000E8210000F8
S2140110B04423000044230000C4220000442300000F
S2140110C044230000D4220000E2220000F2220000A5
S2140110D002230000122300001C230000442300000A
S2140110E044230000CC2200004423000044230000D7
S2140110F026230000302300003A230000CA23000004
S214011100CA2300005E230000CA230000CA23000091
S2140111106E2300007C2300008C2300009C2300002B
S214011120CA230000CA230000CA230000CA23000005
S21401113066230000CA230000CA230000AC23000077
S214011140B6230000C0230000902400009024000075
S2140111502424000090240000902400003424000081
S2140111604224000052240000622400009024000063
S2140111709024000090240000902400002C240000FD
S2140111809024000090240000722400007C240000BB
S214011190862400001625000016250000AA2400005B
S2140111A01625000016250000BA240000C8240000F9
S2140111B0D8240000E82400001625000016250000AB
S2140111C01625000016250000B22400001625000092
S2140111D016250000F8240000022500000C2500005A
S2140111E09C2500009C250000302500009C25000061
S2140111F09C250000402500004E2500005E250000CD
S2140112006E2500009C2500009C2500009C25000002
S2140112109C250000382500009C2500009C25000028
S2140112207E2500008825000092250000C4250000C8
S214011230FE2500001E2800001E2800001E280000B3
S2140112401E2800001E2800001E2800001E28000080
S2140112501E2800001E2800001E2800001E28000070
S2140112601E2800001E2800001E28000090260000F0
S2140112701E280000AA260000CE2600001E28000018
S2140112801E280000082800005265656C6572205310
S21401129065742056656C6F6369747920256C6420CB
S2140112A072706D0A000000005265656C657220530D
S2140112B06574205465657468204E756D626572208C
S2140112C06F72205472696767657220537465702067
S2140112D053697A6520617320256C640A000000005A
S2140112E053657420456E636F646572204D6F646547
S2140112F0207C2076616C203D20256C64207C204576
S2140113006E636F646572204D6F6465203D202564B1
S2140113100000000047756964652056617272657346
S214011320742056656C6F63697479205365742074F4
S2140113306F20256C64207573746570732F736563F5
S2140113400A000000636865636B5F4F70656E5F52ED
S214011350696768745F4C696D69745F53746174750D
S214011360732829206D206E756C6C20707472207243
S214011370656365697665640A0000000063686563F5
S2140113806B5F4F70656E5F52696768745F4C696D1D
S21401139069745F537461747573282920494F5850D6
S2140113A020636F6D6D73206661696C65640A000069
S2140113B0496E73696465204D534B5F4D4F54315FE1
S2140113C0525F4C494D0A000053696E676C65204CAC
S2140113D0696D6974204D6F746F72204F70656E2051
S2140113E05269676874204C696D6974204869742174
S2140113F00A000000446F75626C65204C696D697463
S214011400204D6F746F72204F70656E205269676849
S21401141074204C696D697420486974210A000000C3
S214011420496E73696465204D534B5F4D4F54325F6F
S214011430525F4C494D0A00005541525420416464A4
S21401144072657373206E6F742070617274206F669C
S2140114502063757272656E7420636F6E66696720AD
S2140114602D3E2025640A00004F70656E2052696784
S2140114706874204C696D6974206973204849542149
S2140114800A0000004F70656E205269676874204C30
S214011490696D6974206973206E6F74204849542100
S2140114A00A0000005468652063757272656E7420C8
S2140114B05265656C657220506F736974696F6E2032
S2140114C06973203D2041425320256C642075737456
S2140114D0657073207C2052454C20256C6420757302
S2140114E074657073000000005265656C6572205368
S2140114F0746172743A2056454C5F54494D455220EA
S21401150053746172746564207C2053616720616E38
S2140115106420526F746174652056656C204D6F644B
S2140115206520456E61626C65640000005B48594247
S2140115305D205265656C657220526573756D6564D4
S2140115400A0000005265656C6572205374617274FE
S214011550204D6F746F7220776974682056656C6FC2
S2140115606369747920256C642072706D0A0000002E
S2140115705B4859425D204F6E652D53686F7420613C
S214011580726D656420666F722074686973206D6F72
S21401159076650A005265656C6572204D6F7665202A
S2140115A0546F20256C642073746570730A00000004
S2140115B05265656C6572204D6F76652042792025EF
S2140115C06C642073746570730A0000005265656C64
S2140115D065722053657420496E697469616C205088
S2140115E06F736974696F6E20746F20256C64207345
S2140115F0746570730A0000005265656C6572204858
S2140116006F6D696E6720436D642052786376640A55
S214011610000000005265656C65722053746F70207F
S2140116204D6F746F720A00005265656C65722050CA
S21401163061757365204D6F746F720A00746D633245
S2140116403230395F4D6F766528293A2063686563C5
S2140116506B5F4F70656E5F52696768745F4C696D4A
S21401166069745F5374617475732829207265747583
S214011670726E65642066616C736520666F722061A8
S2140116802073696E676C65206C696D6974206D6F77
S214011690746F722E204E6F74204D6F76696E672EB2
S2140116A00A0000006D6F76655F6469722E70726560
S2140116B076203D3D206D6F76655F6469722E61749C
S2140116C05F726C696D6974203D3D20464F525741EB
S2140116D052440A006D6F76655F6469722E7072659A
S2140116E076203D3D206D6F76655F6469722E61746C
S2140116F05F6C6C696D6974203D3D205245564552BC
S21401170053450A004D6F766520546F3A2043757233
S21401171072656E7420506F73203D20256C64207CAA
S2140117202054617267657420506F73203D20256CCC
S21401173064207C2056656C6F63697479203D202592
S2140117406C642075737465702F730A005468656F36
S2140117507265746963616C204D6F76652074696D7E
S21401176065203D20256C64206D730A005461726704
S214011770657420506F736974696F6E206973207386
S214011780616D652061732043757272656E742050B9
S2140117906F736974696F6E2E204E6F74204D6F766D
S2140117A0696E672E2E2E0A00416C7265616479207F
S2140117B0696E204F70656E204C696D69742E204EDF
S2140117C06F74206D6F76696E6720746F77617264CF
S2140117D073204F70656E204C696D69740A000000B5
S2140117E04775696465204D6F766520546F204F708C
S2140117F0656E204C696D697420436D642052786370
S21401180076640A00416C726561647920696E2043D2
S2140118106C6F7365204C696D69742E204E6F742051
S2140118206D6F76696E6720746F776172647320439B
S2140118306C6F7365204C696D69740A00477569643D
S21401184065204D6F766520746F20436C6F7365203D
S2140118504C696D697420436D642052786376640A1E
S21401186000000000746D63323230395F5265666580
S21401187072656E63655F5365617263683A204D6F8A
S214011880746F725F496E666F5F74204E756C6C2064
S214011890707472210A000000544D433232303920F0
S2140118A05265666572656E6365205365617263682D
S2140118B020554152542061646472203D2025640AFB
S2140118C0000000004F70656E205269676874204CF6
S2140118D0696D697420537461747573203D202564A5
S2140118E00A000000486F6D696E67202D204D6F74E9
S2140118F06F7220616C7265616479206174206C6915
S2140119006D69742E204E6F74206D6F76696E672038
S214011910616E642073656E64696E6720686F6D69B9
S2140119206E6720646F6E65207265706C790A0000C0
S214011930486F6D696E67202D204D6F746F72206E33
S2140119406F74206174206C696D69742E204D6F76FA
S214011950696E6720746F7761726473204F70656E6D
S214011960205269676874204C696D69740A0000002A
S2140119704D6F746F7220616C726561647920617459
S214011980204F70656E204C696D69742E206D6F76E0
S214011990696E6720746F776172647320636C6F730E
S2140119A065206C696D69742E0A00000047756964CC
S2140119B065204D6F746F722053746F700A000000BB
S2140119C0544D43323230392041444452455353201A
S2140119D025642043757272656E7420506F73203DC6
S2140119E020256C64207C20256C640A00544F50200E
S2140119F05641525245535420312032204D6573735F
S214011A006167652049442052786376642066726F68
S214011A106D204D49202D203230300A00544F502081
S214011A20496E76616C6964204D65737361676520E4
S214011A3049442052786376642066726F6D204D4962
S214011A40202D203230300A00544F50205261636BF3
S214011A50205245454C4552315F47554944455F52F2
S214011A6045454C41444A31204D6573736167652095
S214011A7049442052786376642066726F6D204D4922
S214011A800A000000424F54205261636B204D65737B
S214011A9073616765204944205278637664206672D4
S214011AA06F6D204D490A0000544F50205361672046
S214011AB05265656C6572204D657373616765204973
S214011AC0442052786376642066726F6D2053797372
S214011AD0204374726C0A00005361672053656E736D
S214011AE06F7220456E61626C65204F70657261741D
S214011AF0696F6E2052786376642E205265656C6538
S214011B0072204D6F746F72206973207265616479FB
S214011B1020746F20526F746174652E0A00000000F5
S214011B205361672053656E736F7220456E61626CF8
S214011B3065204F7065726174696F6E2052786376A6
S214011B40642E205265656C6572204D6F746F72202D
S214011B50697320726561647920746F2053746F70A5
S214011B602E0A00005361672053656E736F72204919
S214011B706E76616C6964204F7065726174696F6E10
S214011B802052786376640A00424F54544F4D2053D6
S214011B906167205265656C6572204D657373616778
S214011BA0652049442052786376642066726F6D2002
S214011BB0537973204374726C0A0000004754726FA5
S214011BC06E20546F702041784320426F617264200A
S214011BD04163746976652050696E67205278637632
S214011BE0640920426F6172642041637469766520DE
S214011BF050696E67205265706C792053656E740A61
S214011C00000000004754726F6E20426F74746F6D4F
S214011C102041784320426F61726420416374697683
S214011C20652050696E672052786376640920426F9A
S214011C30617264204163746976652050696E67201D
S214011C405265706C792053656E740A00544F5020AB
S214011C505261636B204D657373616765204944204B
S214011C6052786376642066726F6D20494F20437404
S214011C70726C0A00424F54205261636B204D6573AB
S214011C8073616765204944205278637664206672E2
S214011C906F6D20494F204374726C0A0044454641DB
S214011CA0554C5420256C640A000000005265656C92
S214011CB06572204D6F746F7220496E76616C69642F
S214011CC0204F7065726174696F6E20527863766416
S214011CD00A0000004775696465204D6F746F7220B5
S214011CE0496E76616C6964204F7065726174696FC4
S214011CF06E2052786376640A00000000566572749E
S214011D00204172726573746F722031204D6F746F4B
S214011D107220496E76616C6964204F7065726174D9
S214011D20696F6E2052786376640A000047756964AD
S214011D3065204F70656E204C696D697420496E761A
S214011D40616C6964204F7065726174696F6E2052B0
S214011D50786376640A000000477569646520436C01
S214011D606F7365204C696D697420496E76616C6984
S214011D7064204F7065726174696F6E205278637665
S214011D80640A000056657274204172726573746F3E
S214011D90722032204D6F746F7220496E76616C69C5
S214011DA064204F7065726174696F6E205278637635
S214011DB0640A00005265656C65722041646A2031D0
S214011DC0204D6F746F7220496E76616C6964204F86
S214011DD07065726174696F6E2052786376640A006A
S214011DE05265656C65722041646A2032204D6F74BD
S214011DF06F7220496E76616C6964204F70657261FE
S214011E0074696F6E2052786376640A005B485942A3
S214011E105D204879627269642054726967676572E9
S214011E2020666C616720456E61626C65640A00001D
S214011E305B4859425D204879627269642054726930
S214011E406767657220666C61672044697361626CBE
S214011E5065640A00546F6C657261626C6520536C30
S214011E60697073207265636569766564203D202517
S214011E70640A00005B4859425D20487962726964D1
S214011E8020496E7370656374696F6E2050415553B7
S214011E9045440A005B454E435D20546F74616C20D7
S214011EA04E2053686F7473203D20256C64207C207F
S214011EB0496E7370656374696F6E0A005B485942B8
S214011EC05D20546F74616C204E2053686F747320CC
S214011ED03D20256C64207C20496E737065637469AF
S214011EE06F6E0A005B454E435D20456E636F646509
S214011EF072205472696767657220666C6167204557
S214011F006E61626C656420666F7220496E737065DF
S214011F106374696F6E0A00005B4859425D20487918
S214011F2062726964205472696767657220666C61C3
S214011F306720456E61626C656420666F7220496E2B
S214011F407370656374696F6E0A0000005B454E43EB
S214011F505D20456E636F64657220547269676765BC
S214011F6072204E2053686F7420666C616720456E40
S214011F7061626C6564207C204E6F206F66204E2067
S214011F8053686F7473203D20256C640A00000000BE
S214011F905B4859425D2048796272696420547269CF
S214011FA067676572204E2053686F7420666C6167A0
S214011FB020456E61626C6564207C204E6F206F66E2
S214011FC0204E2053686F7473203D20256C640A00F0
S214011FD05265656C65722053746172743A20564579
S214011FE04C5F54494D4552205374617274656420A8
S214011FF07C2053616720616E6420526F7461746542
S2140120002056656C204D6F646520456E61626C6577
S214012010640A0000546F74616C20546F6C657261C1
S214012020626C6520436F6E74696E756F75732053AD
S2140120306C697073207365742061732025640A00CF
S214012040487962726964205465726D696E616C20AC
S2140120505769647468207265636569766564203DB6
S21401206020256C64207573746570730048796272FC
S2140120706964205472696767657220496E76616C7F
S2140120806964204F7065726174696F6E205278635F
S21401209076640A00494F5850205350492052443A1A
S2140120A020446576204F70636F64653A203078254A
S2140120B078207C2052656720416464723A2030782B
S2140120C02578207C205265616420427974653A2027
S2140120D0307825780A000000494F585020496E692B
S2140120E07420446F6E6500005B454A545D20466C63
S2140120F0757368696E6720616C6C20747261636BBE
S214012100696E6720616E6420656A6563746F72200C
S2140121107175657565732C20666C61677320616ED9
S21401212064207661726961626C65732E0A00000034
S2140121305B454A545D20547261636B696E6720513A
S214012140207C20496E646578203D20256C64207CC7
S21401215020506F73203D20256C64207C2043616DE8
S21401216020436F756E74203D20256C640A000000C4
S2140121705B454A545D20456A656374696F6E204508
S2140121806A65637428292042696E202564207C20B4
S21401219050617274204E6F203D20256C640A000049
S2140121A05B454A545D20456A656374696F6E2050CD
S2140121B0617573652042696E202564207C2050611C
S2140121C07274204E6F203D20256C640A00000000CA
S2140121D05B454A545D20456A656374696F6E2045A8
S2140121E06A6563742042696E202564207C205061F4
S2140121F07274204E6F203D20256C64207C20435F46
S214012200506F73203D20256C64207C20456A745FE6
S214012210506F73203D20256C64207C20457272200F
S2140122203D20256C640A00005B454A545D20456AE2
S214012230656374696F6E20456A65637420506175C5
S21401224073652042696E202564207C20506172747B
S214012250204E6F203D20256C64207C20435F506F0C
S21401226073203D20256C64207C20456A745F506F86
S21401227073203D20256C64207C20457272203D2011
S214012280256C640A000000005B454A545D20456ADF
S214012290656374696F6E2050617573652042696E5F
S2140122A0202564207C2050617274204E6F203D20D2
S2140122B0256C64207C20435F506F73203D20256C85
S2140122C064207C20456A745F506F73203D20256C26
S2140122D064207C20457272203D20256C640A000033
S2140122E05B454A545D2042616420456A6563746FAC
S2140122F0722049440A0000005B454A545D2053742D
S214012300616C65205061727420284C61746520658B
S2140123106A6563742F5061757365290A00000000B1
S2140123205B454A545D20416374696F6E2046726155
S2140123306D6520776974686F7574205061727420BA
S214012340436F756E742E0A005B454A545D205461D6
S21401235072676574205175657565204F766572667E
S2140123606C6F7765642E0A005B454A545D205365A1
S2140123707420456A6563746F722044697374616E74
S21401238063652F44656C746120666F7220456A65CB
S21401239063746F72202564203D20256C642075735C
S2140123A0746570730A000000456A6563746F722075
S2140123B04964203E204E6F206F6620456A6563742F
S2140123C06F72732E0A0000005B454A545D2050610F
S2140123D0727420436F756E742072656365697665E5
S2140123E064203D20256C6420666F7220456A656313
S2140123F0746F722025642E0A000000004163746920
S2140124006F6E206672616D6520776173206E6F74E2
S21401241020707265636564656420627920706172FC
S214012420742D636F756E74206672616D652E0A0079
S21401243050656E64696E6720284F66667365742002
S2140124402B20416374696F6E2920656A6563746F1A
S21401245072206973206E6F74207468652073616DD5
S2140124606520617320746865206F6E6520726563F0
S21401247065697665642E0A005265636569766564EA
S214012480205061727420636F756E7420256C642011
S214012490213D205472696767657227642050617216
S2140124A07420436F756E7420256C640A000000006A
S2140124B05B454A545D20456A6563746F72202564E6
S2140124C027732050617274204E6F203D20256C6466
S2140124D0207C20256C6420285061727420506F7314
S2140124E029202B20256C642028456A745F44656C7E
S2140124F0746129202B20256C6420286F666673651D
S2140125007429203D20256C642075737465707320D2
S2140125106F7220252E32662064656728456A74200E
S214012520506F73290A000000416C7265616479205E
S214012530706879736963616C6C7920706173736517
S21401254064207320627920256C642075737465702D
S214012550732E2050617274204E6F203D20256C64CE
S214012560207C20435F506F73203D20256C642075CE
S2140125707374657073207C20455F706F73203D20F7
S214012580256C64207573746570730A005B454A5444
S2140125905D20456E717565756520456A6563746F66
S2140125A072202564207C2050617274204E6F203D7D
S2140125B020256C64207C20437572725F506F7320F7
S2140125C03D20256C6420757374657073207C2045EE
S2140125D06A745F506F73203D20256C642075737498
S2140125E06570730A0000000068616E646C655F6E5A
S2140125F05F73686F745F7469636B28293A20705F34
S2140126007265656C6572315F696E666F204E756CBA
S2140126106C207074722065727200000053707572BF
S214012620696F75732053656E736F72205472696794
S214012630676572207278637664207768696C6520B6
S2140126406379636C652061726D65642E2049676EDF
S2140126506F72696E672E2E2E0A000000466972732D
S21401266074205472696767657220536B6970706570
S21401267064207C2041726D696E6720666F72206EE1
S214012680657874206379636C652E0A004561726C07
S2140126907920456467653A2045787065637465649A
S2140126A02052616E6765203D20256C6420746F2082
S2140126B0256C64207C204578706563746564203DD4
S2140126C020256C64207C2041637475616C203D205C
S2140126D0256C640A0000000044656C7461206F6616
S2140126E0207072657620746F206375727220616E39
S2140126F063686F7220706F73203D20256C640A003A
S2140127005B454E435D2063757272203D20256C64E7
S214012710207C20616E63686F725F706F73203D204E
S214012720256C64207C2063757272202D20616E6397
S214012730686F725F706F73203D20256C640A00001D
S2140127405B4859425D2063757272203D20256C649A
S214012750207C20616E63686F725F706F73203D200E
S214012760256C64207C2063757272202D20616E6357
S214012770686F725F706F73203D20256C640A0000DD
S2140127805B454E435D2028256C6429204E2D5368F9
S2140127906F7473206669726564206F7574206F6646
S2140127A020256C640A0000005B4859425D202825FC
S2140127B06C6429204E2D53686F74732066697265A8
S2140127C064206F7574206F6620256C640A00000013
S2140127D05B454E435D2028256C6429204E2D5368A9
S2140127E06F7473206669726564206F7574206F66F6
S2140127F020256C64207C2044697361626C696E6775
S214012800204E2053686F74204D6F64650A000000E7
S2140128105B4859425D2028256C6429204E2D53685B
S2140128206F7473206669726564206F7574206F66B5
S21401283020256C64207C2044697361626C696E6734
S214012840204E2053686F74204D6F64650A000000A7
S214012850B2440000724600001C4800000E4A000008
S2140128608A4B00006A4D0000244F0000C050000053
S2140128704C656674204C696D697420506F73203DF9
S21401288020256C6420757374657073207C20252E5A
S2140128903266206D6D095269676874204C696D69EE
S2140128A07420506F73203D20256C64207573746509
S2140128B07073207C20252E3266206D6D0A00000084
S2140128C0536F6674204C696D697420486967682087
S2140128D03D20256C64207573746570737C20252EED
S2140128E03266206D6D09536F6674204C696D69748C
S2140128F0204C6F77203D20256C64207573746570BD
S21401290073207C20252E3266206D6D0A00000000A3
S214012910494F585020496E74657272757074205212
S21401292061697365642E0A00544D43323230392092
S2140129304D4F544F523120697320686F6D696E6731
S214012940210A0000544D4332323039204D4F544F46
S214012950523120697320696E204D6F76696E67204B
S2140129605374617465210A00544D43323230392064
S2140129704D4F544F523220697320686F6D696E67F0
S214012980210A0000544D4332323039204D4F544F06
S214012990523220697320696E204D6F76696E67200A
S2140129A05374617465210A00636865636B5F4C69E3
S2140129B06D69745F466C6167732C204D6F746F721E
S2140129C05F496E666F5F7420706F696E7465722002
S2140129D06973204E554C4C210A000000494F58504F
S2140129E0204C696D6974204869740A004D6F746FD4
S2140129F0722031204F70656E205269676874204CD2
S214012A00696D69742048697421210A004D6F746FDD
S214012A1072203120436C6F7365204C656674204CC0
S214012A20696D69742048697421210A004D6F746FBD
S214012A30722032204F70656E205269676874204C90
S214012A40696D69742048697421210A004D6F746F9D
S214012A5072203220436C6F7365204C656674204C7F
S214012A60696D69742048697421210A004F50454EEA
S214012A702028524947485429204C494D495420445E
S214012A804554454354454420464F522053494E47EA
S214012A904C45204C494D4954204D4F544F52210A24
S214012AA00000000053657474696E672056656C6F8C
S214012AB06369747920746F20302E2053746F7070A0
S214012AC0696E6720746865204D6F746F722E0A00F8
S214012AD04D6F766520746F204F70656E204C696D62
S214012AE0697420446F6E652E2053657474696E6731
S214012AF02043757272656E7420506F736974696FC6
S214012B006E20617320256C642E2E2E0A00000000B4
S214012B104F70656E2028526967687429204C696D6C
S214012B20697420446574656374656420666F7220F9
S214012B30446F75626C65204C696D6974204D6F74C5
S214012B406F722E205365742056656C6F63697479B5
S214012B5020746F20302E0A00544D43323230392013
S214012B605246533A204F70656E2028526967687442
S214012B7029204C696D69742068697421204D6F762F
S214012B80696E6720746F776172647320436C6F732C
S214012B906520284C65667429204C696D69740A00A5
S214012BA04D6F766520746F204F70656E2052696791
S214012BB06874204C696D697420446F6E652E2053CD
S214012BC0657474696E672043757272656E74205001
S214012BD06F736974696F6E20617320256C642E2E85
S214012BE02E0A0000496E73696465204D534B5F4D94
S214012BF04F54315F4C5F4C494D0A0000436C6F7374
S214012C006520284C65667429204C696D69742044DA
S214012C106574656374656420666F7220446F7562BF
S214012C206C65204C696D6974204D6F746F722E202F
S214012C305365742056656C6F6369747920746F20D0
S214012C40302E0A00544D4332323039205246533A20
S214012C5020436C6F736520284C65667429204C6987
S214012C606D69742068697421204D6F76696E6720DE
S214012C70746F7761726473204F70656E2028526995
S214012C8067687429204C696D69740A00544D433293
S214012C90323039205246533A20436C6F73652028F0
S214012CA04C65667429204C696D69742068697421C5
S214012CB02052465320446F6E650A00004D6F7665BC
S214012CC020746F20436C6F7365204C656674204CCE
S214012CD0696D697420446F6E652E2053657474693E
S214012CE06E672043757272656E7420506F736974D7
S214012CF0696F6E20617320256C642E2E2E0A0000EB
S214012D004F70656E20284C65667429204C696D6984
S214012D107420446574656374656420666F7220442C
S214012D206F75626C65204C696D6974204D6F746FA8
S214012D30722E205365742056656C6F636974792012
S214012D40746F20302E0A0000496E73696465204D49
S214012D50534B5F4D4F54325F4C5F4C494D0A000058
S214012D605265656C657220526967687420696D6981
S214012D70742053656E736F722045646765204465E1
S214012D8074656374656421005048312025642025EC
S214012D902E32662061203D20252E326620252E32D9
S214012DA0662076203D20256420252E326620657219
S214012DB072203D2025640A005048322025642025D3
S214012DC02E32662061203D20252E326620252E32A9
S214012DD0662076203D20256420252E3266206572E9
S214012DE072203D2025640A005048332025642025A2
S214012DF02E32662061203D20252E326620252E3279
S214012E00662076203D20256420252E3266206572B8
S214012E1072203D2025640A00504834202564202570
S214012E202E32662061203D20252E326620252E3248
S214012E30662076203D20256420252E326620657288
S214012E4072203D2025640A0050483520256420253F
S214012E502E32662061203D20252E326620252E3218
S214012E60662076203D20256420252E326620657258
S214012E7072203D2025640A0050483620256420250E
S214012E802E32662061203D20252E326620252E32E8
S214012E90662076203D20256420252E326620657228
S214012EA072203D2025640A005048202D20370A0054
S214012EB050483720256420252E32662061203D208B
S214012EC0252E326620252E32662076203D2025646A
S214012ED020252E326620657272203D2025640A0068
S214012EE05B4859425D204F6E652D53686F74206DA7
S214012EF06F766520646F6E652077697468206E6FE3
S214012F0020656467653B206175746F2D6469736124
S214012F10626C65640A0000005265656C6572204D3E
S214012F206F766520446F6E65202D3E205248440022
S214012F302D2D2D2D2D53544F50504544204D4F547B
S214012F404F52204D4F56454D454E54204153205427
S214012F504845204D4F544F52204953205354414C1D
S214012F604C4544204F5220535455434B2D2D2D2D67
S214012F702D00000054256C64207C2063256C6420A1
S214012F807C2065256C64207C206572726F72256CCE
S214012F90640A0000000010001F010000000080000D
S214012FA0EF17000000008000EE180000000080000F
S214012FB02016000000008000C21200000000800001
S214012FC0C21100000A2057205461672020202046A5
S214012FD06C6173685F6D656D5F707472203D203043
S214012FE078256C582020207C20546167203D2025C0
S214012FF064206F7220307825580000000A20572080
S2140130004C656E67746820466C6173685F6D656DAC
S2140130105F707472203D203078256C582020207C0B
S214013020204C656E677468203D202564206F7220F1
S21401303030782558000000000A20572056616C752C
S214013040652020466C6173685F6D656D5F70747294
S214013050203D203078256C582020207C2056616C3D
S2140130607565203D20256C64206F72203078256CB4
S214013070580A00000A426F74682054616720616E26
S21401308064204C656E6774682061726520307846EE
S214013090460000000A436865636B20526573756CD1
S2140130A074203D202564207C20546F2062652073A7
S2140130B0746F72656420256C64203D3D2053746FE7
S2140130C072656420256C64203F0A00000A56616C14
S2140130D075652073746F7265642069732073616D02
S2140130E0652E204E6F742077726974696E670000D2
S2140130F00A56616C75652073746F72656420697316
S214013100206E6F742073616D652E20457261736940
S2140131106E6720536563746F722E2E2E00000000BA
S2140131200A526561643A20546167203D2030782553
S21401313078206F72202564207C204C656E67746849
S214013140203D2030782578206F72202564207C2051
S21401315056616C7565203D203078256C58206F725D
S21401316020256C640A0000002E2E2F68616C2F73D8
S21401317072632F68616C5F6164635F73796E632E3F
S214013180630000002E2E2F68616C2F7372632F6808
S214013190616C5F63616E5F6173796E632E630000BD
S2140131A02E2E2F68616C2F7372632F68616C5F69B6
S2140131B06F2E63002E2E2F68616C2F7372632F683B
S2140131C0616C5F70776D2E63000000002E2E2F68F5
S2140131D0616C2F7372632F68616C5F74696D6572C1
S2140131E02E6300002E2E2F68616C2F7372632F687A
S2140131F0616C5F75736172745F6173796E632E6360
S214013200000000002E2E2F68616C2F7372632F68EA
S214013210616C5F75736172745F73796E632E6300A0
S2140132202E2E2F68616C2F7574696C732F73726301
S2140132302F7574696C735F6C6973742E630000007C
S2140132402E2E2F68616C2F7574696C732F737263E1
S2140132502F7574696C735F72696E676275666665F1
S214013260722E6300000006850000091800000000A9
S2140132700000000000000000010000000000000047
S2140132802E2E2F68706C2F6164632F68706C5F61DF
S21401329064632E63000000000001020304050607B4
S2140132A0080C101418203040000000000000000038
S2140132B00000000000000000000000000000000008
S2140132C000000000000000000000000000000000F8
S2140132D000000000000000000000000000000000E8
S2140132E000000000000000000000000000000000D8
S2140132F000000000000000000000000000000000C8
S21401330000000000000000000000000000000000B7
S21401331000000000000000000000000000000000A7
S2140133200000000000000000000000000000000097
S2140133300000000000000000010000001100000075
S214013340020000001200000003000000130000004D
S21401335005000000350000000700000037000000EF
S21401336008000000500000000900000051000000A5
S2140133700A000000520000000C000000540000008B
S2140133800D000000550000002E2E2F68706C2F6572
S21401339069632F68706C5F6569632E6300000000C7
S2140133A00004004200080042000C004200100042E7
S2140133B000140042001800420000004300040043CD
S2140133C00100000004001040000003002BF600007E
S2140133D00000000007000000040030400000030069
S2140133E0555500000000000000000000000000002D
S2140133F000000000000000000000000000000000C7
S21401340000000000000000000000000000000000B6
S21401341000000000000000000000000000000000A6
S214013420000000002E2E2F68706C2F736572636F7C
S2140134306D2F68706C5F736572636F6D2E6300002D
S214013440003000420034004200380042003C004296
S2140134500040004200080043000C004300100043F7
S2140134602E2E2F68706C2F74632F68706C5F7463D8
S2140134702E6300002E2E2F68706C2F7764742F68D1
S214013480706C5F7764742E630000000041784320FF
S2140134906462675F7072696E74206F6E6C696E65C8
S2140134A020402032204D626175642C20617869735A
S2140134B03D25640A00000000417843202D20475432
S2140134C0726F6E20544F500A00000000417843206E
S2140134D02D204754726F6E20424F540A00000000A0
S2140134E07265706561745F72616D70203D20302079
S2140134F07C204E6F20456E647572616E6365205246
S214013500756E207C204E6F20486F6D696E670A00CD
S2140135107265706561745F72616D70203D20322046
S2140135207C20456E647572616E63652052756E20EF
S2140135307C20486F6D696E670A00000072657065D1
S21401354061745F72616D70203D2034207C204E6F67
S21401355020456E647572616E63652052756E207CBF
S21401356020486F6D696E670A000000004754726F4D
S2140135706E20546F70205265656C657220526F74B0
S214013580617279204178697320456E61626C656469
S214013590210A00004754726F6E20426F74205265F4
S2140135A0656C657220526F74617279204178697317
S2140135B020456E61626C6564210A0000BA940000C1
S2140135C0D4940000DE940000E8940000F294000019
S2140135D0FC94000006950000349600000695000055
S2140135E03496000076960000BC9600000A792025E5
S2140135F064203D20256C640A000000000A696E7391
S2140136006964652069646C65000000000A725620D2
S2140136103D3D20303F0000000A7256203D20745682
S214013620000000000A7374617465203D20647269AD
S21401363076696E67000000000A696E73696465202A
S21401364064726976696E67000A7256656C203D2061
S214013650256C64097456656C203D20256C640972DE
S214013660506F73203D20256C640974506F73203DA4
S21401367020256C640A0000000A72563E303F0000A6
S2140136800A72563C303F00000A646966667820611B
S2140136906273203D20256C640A0000000A616363A2
S2140136A0656C5374657073203D20256C640A0000B8
S2140136B00A564D41580000000A496E736964654315
S2140136C04F6D7075746556656C0000000A6163562F
S2140136D0656C203D20256C64096456203D20256CD0
S2140136E0640A00000A7256656C203C207456656CAC
S2140136F0000000000A7256656C203E207456656C08
S214013700000000000A6163506F73203D20256C6441
S214013710097072656369736F6E203D20256C640ABB
S214013720000000000A6478203D20256C640A000031
S2140137300A72657475726E20647800000A647820D7
S214013740636D702C2076616C203D20256C640A0028
S2140137500A6163635374657073203D20256C640AA7
S214013760000000000A566D6178202A204A65726BB7
S214013770203D20252E3266207C206163636C6572B5
S2140137806174696F6E5E32203D20252E32660A0016
S2140137900A53203E20535F6D696E0A000A53203C8F
S2140137A020535F6D696E0A000A53203D20535F6DFA
S2140137B0696E0A000A436173652025640A56612012
S2140137C03D20252E3266207C205361203D20252E6B
S2140137D03266207C205376203D20252E3266207CC2
S2140137E020535F6D696E203D20252E326600000055
S2140137F00A4361736520410A000000000A436173B1
S2140138006520420A000000000A43617365204331C7
S2140138100A0000000A436173652043320A00000073
S2140138200A436173652044310A0000000A4361734C
S214013830652044320A0000000A546A203D20252EE5
S2140138403266207C205461203D20252E3266207C65
S214013850205476203D20252E32660A000A74312037
S2140138603D20252E3266207C207432203D20252ED8
S2140138703266207C207433203D20252E3266207C43
S214013880207434203D20252E3266207C207435207D
S2140138903D20252E3266207C207436203D20252EA4
S2140138A03266207C207437203D20252E32660A00A1
S2140138B00A6131203D20252E3266207C206132208F
S2140138C03D20252E3266207C206133203D20252E8A
S2140138D03266207C206134203D20252E3266207CF5
S2140138E0206135203D20252E3266207C2061362041
S2140138F03D20252E3266207C206137203D20252E56
S21401390032660A000A563320213D20566D61780A38
S214013910000000000A7631203D20252E3266207CEC
S214013920207632203D20252E3266207C20763320DC
S2140139303D20252E3266207C207634203D20252E03
S2140139403266207C207635203D20252E3266207C6E
S214013950207636203D20252E3266207C20763720A4
S2140139603D20252E32660A000A7031203D20252E84
S2140139703266207C207032203D20252E3266207C47
S214013980207033203D20252E3266207C2070342086
S2140139903D20252E3266207C207035203D20252EA8
S2140139A03266207C207036203D20252E3266207C13
S2140139B0207037203D20252E32660A000A546F7487
S2140139C0616C2044697374616E6365203D20252E09
S2140139D03266207374657073206F7220252E3266EE
S2140139E0206D6D0A000000000A496E697469616CF9
S2140139F020506F736974696F6E203D20252E3266E4
S214013A00207374657073206F7220252E3266206DC8
S214013A106D0A00000A54617267657420506F7369FD
S214013A2074696F6E203D20252E3266207374657092
S214013A3073206F7220252E3266206D6D0A000000FD
S214013A400A5461726765742056656C6F6369747990
S214013A50203D20252E326620707073206F7220253F
S214013A602E32662072706D0A000000000A41636300
S214013A70656C65726174696F6E203D20252E326615
S214013A80207070732F73206F7220252E326620727D
S214013A90706D2F730A0000000A4A65726B203D2084
S214013AA0252E3266207070732F732F73206F72204D
S214013AB0252E32662072706D2F732F730A00000058
S214013AC048A700007EA7000086A700008EA700007A
S214013AD096A700009EA70000A6A70000636865637E
S214013AE06B5F446961675F323230392829206D3156
S214013AF0204E554C4C207074720A00006368656352
S214013B006B5F446961675F323230392829206D3234
S214013B10204E554C4C207074720A0000446961674F
S214013B2020496E746572727570742052656365699A
S214013B30766564210A0000000A56656C6F63697435
S214013B4079203E2030207C20436F756E74205550BE
S214013B50202B20310A0000000A56656C6F636974D9
S214013B6079203C2030207C20436F756E7420444FB2
S214013B70574E202D20310A0063757272656E745F90
S214013B806D73636E74203D2025640A006469666661
S214013B90203D2025640A00000A544D433232303954
S214013BA0204D6F766520446F6E652E2043757272C8
S214013BB0656E7420506F736974696F6E203D2025A1
S214013BC06C6420757374657073207C2054696D6510
S214013BD02054616B656E203D20256C64206D730A50
S214013BE000000000636865636B5F57686963685F20
S214013BF0323230395F4D6F746F725F4D6F76696E1A
S214013C00672829206D31206D6F745F61727261794A
S214013C1020656E747279204E554C4C20707472205B
S214013C206572726F722E204D6F746F722053746FAF
S214013C3070706565640A0000636865636B5F57684A
S214013C406963685F323230395F4D6F746F725F4DF2
S214013C506F76696E672829206D32206D6F745F61FB
S214013C607272617920656E747279204E554C4C20C3
S214013C70707472206572726F722E204D6F746F723F
S214013C802053746F707065640A0000006368656392
S214013C906B5F57686963685F323230395F4D6F74A6
S214013CA06F725F4D6F76696E672829204D6F746F4E
S214013CB0725F496E666F5F74204E554C4C2070746F
S214013CC072206572726F722E0A0000000091E37214
S214013CD00796E4750E9FED7C0998EA7B1C8DFF6EB6
S214013CE01B8AF8691283F1601584F66738A9DB4AE6
S214013CF03FAEDC4D36A7D54431A0D24324B5C756D6
S214013D0023B2C0512ABBC9582DBCCE5F70E19302C5
S214013D1077E694057EEF9D0C79E89A0B6CFD8F1E75
S214013D206BFA881962F3811065F4861748D9AB3AA5
S214013D304FDEAC3D46D7A53441D0A23354C5B72695
S214013D4053C2B0215ACBB9285DCCBE2FE071039285
S214013D50E7760495EE7F0D9CE9780A9BFC6D1F8E35
S214013D60FB6A1889F2631180F5641687D8493BAA65
S214013D70DF4E3CADD64735A4D14032A3C45527B655
S214013D80C35220B1CA5B29B8CD5C2EBF900173E245
S214013D90970674E59E0F7DEC99087AEB8C1D6FFEF5
S214013DA08B1A68F9821361F0851466F7A8394BDA25
S214013DB0AF3E4CDDA63745D4A13042D3B42557C615
S214013DC0B32250C1BA2B59C8BD2C5ECF03230102C2
S214013DD002010103000000000000000002020102CF
S214013DE002000000000000000000000000000200C9
S214013DF000000000000000000000000000000000BD
S214013E0000000000000000000000000002010200A7
S214013E10000000000000000000000000000000009C
S214013E20000000000000000000000000000000008C
S214013E300000000000000101030000010301010071
S214013E400000000000000000000000002E2E2F746D
S214013E506D63323230395F756172742F544D43325F
S214013E603230392E63000000544D4332323039204F
S214013E70496E697420446F6E6520666F72204D6FBF
S214013E80746F722055415254206164647265737375
S214013E902025642E0A000000544D4332323039206A
S214013EA047434F4E462076616C203D20307825589A
S214013EB00A000000477569646520746F74616C20A0
S214013EC05374657073203D20256C64207C20546FEC
S214013ED074616C2044697374203D20256C640A006B
S214013EE0526561642056616C7565733A0A67636F43
S214013EF06E66203D202578207C207470777264776A
S214013F006E203D202578207C2069686F6C64203DFA
S214013F10202578207C2063686F70203D202578203E
S214013F207C2070776D203D2025780A0073717274AD
S214013F30000000007C000020494E4600696E6600C5
S214013F404E414E006E616E003000303132333435F2
S214013F5036373839414243444546003031323334EE
S214013F60353637383961626364656600496E66695D
S214013F706E697479004E614E00000000000000007A
S214013F80000000000000000000000000000000002B
S214013F90000000000000000000000000000000001B
S214013FA0000000000000000000000000000000000B
S214013FB000000000000000000000000000000000FB
S214013FC000000000000000000000000000000000EB
S214013FD000000000000000000000000000000000DB
S214013FE00080E03779C34143176E05B5B5B89346EF
S214013FF0F5F93FE9034F384D321D30F94877825ABB
S2140140003CBF737FDD4F1575000000000000F03FD8
S214014010000000000000244000000000000059409D
S2140140200000000000408F40000000000088C340F0
S21401403000000000006AF8400000000080842E4165
S21401404000000000D01263410000000084D79741B1
S2140140500000000065CDCD41000000205FA00242B7
S214014060000000E876483742000000A2941A6D422C
S214014070000040E59C30A2420000901EC4BCD6421F
S21401408000003426F56B0C430080E03779C34143CA
S21401409000A0D8855734764300C84E676DC1AB4340
S2140140A0003D9160E458E143408CB5781DAF15445E
S2140140B050EFE2D6E41A4B4492D54D06CFF0804439
S2140140C0F64AE1C7022DB544B49DD9794378EA444E
S2140140D005000000190000007D000000232D302B94
S2140140E02000686C4C0065666745464700430050F3
S2140140F04F534958002E0000202020202020202049
S2140141002028282828282020202020202020202081
S21401411020202020202020208810101010101010A1
S21401412010101010101010100404040404040404E9
S214014130040410101010101010414141414141017A
S2140141400101010101010101010101010101010159
S2140141500101011010101010104242424242420268
S2140141600202020202020202020202020202020229
S21401417002020210101010200000000000000000D3
S2140141800000000000000000000000000000000029
S2140141900000000000000000000000000000000019
S2140141A00000000000000000000000000000000009
S2140141B000000000000000000000000000000000F9
S2140141C000000000000000000000000000000000E9
S2140141D000000000000000000000000000000000D9
S2140141E000000000000000000000000000000000C9
S2140141F0000000000000000078E2000048E2000035
S2140142005AE200009CE100005AE200003EE2000093
S2140142105AE200009CE1000048E2000048E200008B
S2140142203EE200009CE10000A4E10000A4E10000E1
S214014230A4E1000060E2000048E2000048E200005D
S2140142401CE2000000E300001CE200003EE2000069
S2140142501CE2000000E3000048E2000048E2000023
S2140142603EE2000000E30000A4E10000A4E100003B
S214014270A4E100000AE30000F8E5000048E50000BC
S21401428048E5000046E50000EAE50000EAE5000032
S214014290E0E5000046E50000EAE50000E0E5000094
S2140142A0EAE5000046E50000F0E50000F0E5000064
S2140142B0F0E5000080E60000C8F30000AAF3000065
S2140142C064F3000082F2000064F300009CF3000037
S2140142D064F3000082F20000AAF30000AAF30000D3
S2140142E09CF3000082F200007AF200007AF20000ED
S2140142F07AF20000E0F5000028FC0000E8FA000071
S214014300E8FA0000E4FA000000FC000000FC0000EF
S214014310F2FB0000E4FA000000FC0000F2FB0000E3
S21401432000FC0000E4FA000008FC000008FC0000A5
S21401433008FC00000CFE0000F8B5C046F8BC08BC3E
S2140143409E467047E5000000F8B5C046F8BC08BCBC
S20C0143509E467047BD00000007
S21401435801000000E80D0020800C0020900B0020D2
S214014368700D0020F80C0020080C0020702000209A
S21401437880200020882100206821002014060020C3
S214014388240600202C060020011500000800000065
S214014398000001324FC30000A761000002160000AA
S2140143A80801000000000100E8030000000000000A
S2140143B8041800000801000000000100E8030000DE
S2140143C800000000010000007C0000200000000042
S2140143D89C3F0100BC3F01007C3F0100000000003B
S2140143E800000000000000000000000000000000BF
S2140143F800000000000000000000000000000000AF
S214014408000000000000000000000000000000009E
S214014418000000000000000000000000000000008E
S214014428000000000000000000000000430000003B
S214014438000000000000000000000000000000006E
S214014448000000000000000000000000430000001B
S214014458000000000000000000000000000000004E
S21401446800000000000000000000000043000000FB
S214014478000000000000000000000000000000002E
S21401448800000000000000000000000043000000DB
S214014498000000000000000000000000000000000E
S2140144A800000000000000000000000043000000BB
S2140144B800000000000000000000000000000000EE
S2140144C8000000000000000000000000430000009B
S2140144D800000000000000000000000000000000CE
S2140144E8000000000000000000000000430000007B
S2140144F800000000000000000000000000000000AE
S21401450800000000000000000000000059DF000065
S21401451899DE000000000000F7400100F5400100A8
S214014528E1400100E1400100E1400100E1400100F5
S214014538E1400100E1400100E1400100E1400100E5
S214014548E1400100FFFFFFFFFFFFFFFFFFFFFFFF47
S214014558FFFF0000010041534349490000000000E5
S214014568000000000000000000000000000000003D
S21401457800000000000041534349490000000000C4
S214014588000000000000000000000000000000001D
S20C014598000000000000000015
S804000000FB
