:1000000028460020D9580000D5580000D5580000D7
:1000100000000000000000000000000000000000E0
:10002000000000000000000000000000D5580000A3
:100030000000000000000000D558000089A000006A
:10004000D5580000D5580000D5580000157E000096
:10005000D5580000D5580000D5580000E57B0000B9
:10006000D5580000D55800002D830000D558000059
:10007000D5580000D558000041830000D558000035
:10008000FD770000D5580000D5580000D558000075
:10009000D5580000398A00004D8A0000D55800006C
:1000A000618A0000D5580000D5580000D5580000DE
:1000B000D5580000D5580000D558000010B5064CA2
:1000C0002378002B07D1054B002B02D0044800E019
:1000D00000BF0123237010BD50020020000000006B
:1000E000603C0100084B10B5002B03D007490848BD
:1000F00000E000BF07480368002B00D110BD064B8D
:10010000002BFBD09847F9E70000000054020020C4
:10011000603C0100603C01000000000010B5024B93
:100120009847024B984710BD6161000031A0000064
:1001300070B504000E001D00FA2189005143090129
:100140002B482C4B9847013800042B4B18402B4B65
:1001500018432660B36901221343B36123689A6987
:10016000D207FBD59A6902210A439A61244B9E4229
:100170002BD02268936902218B4393612268936993
:1001800001398B43936123689B69DB07FBD4200013
:100190001C4B98476B091F2215401E3AAA40DB01F1
:1001A000C021C9055C18A2601004000C8021C9059B
:1001B00001438220C005844663449962100CC0212B
:1001C000090601439962626170BD2368D8610E4BD4
:1001D000802252027E315A50BFF34F8FBFF36F8F90
:1001E0000131FF315A501A6023680122DA65C0E7F5
:1001F000006CDC02697900000000FF01030A0006C0
:10020000002000427D65000000E100E010B50A001A
:100210000121014B984710BD1566000010B50A007A
:100220000021014B984710BD1566000010B584B041
:10023000009100216C46217106A902912373002AC6
:100240000BD1002363736946054B9847054B186033
:10025000431E9841C0B204B010BD01236373F2E79E
:10026000DD650000B40B002010B584B00C000292D4
:100270006946084B9847009B23606B461B79002B0F
:1002800005D0012B01D0002002E0022000E0012077
:1002900004B010BDA565000010B582B000910192B8
:1002A000002B06D16B4600220021054CA04702B06E
:1002B00010BD6B4601220021014CA047F7E7C04664
:1002C00065660000F0B5420E0F231340174F3B70D8
:1002D000430CDBB2164E3370430ADBB2154D2B7064
:1002E000C0B2154C2070154A137915490B703B7834
:1002F0003078C018C0B22B781818C0B223781B18F9
:10030000DBB210781B18DBB250781B18DBB2907888
:100310001B18DBB2D2789B18DBB20A4A137008783C
:100320001378C01A43425841C0B2F0BD0008002003
:10033000480C00208509002010090020E80B00204F
:1003400011090020350C002010B582B00A4C0B4B6F
:100350001A68230004C30A4A03CA03C3094B984717
:100360000300E0602268009007490220074CA04784
:10037000074B984702B010BD640F0020C00B00204F
:10038000E80B002001050000A40401003911000061
:10039000411F000030B585B00400174B9847174B3C
:1003A0001B78042B03D0052B13D005B030BD144AA5
:1003B000137851789078D57812790392029501904C
:1003C000009122000F4902200F4CA0470F4B984785
:1003D000EBE70B4A137851789078D578127903922D
:1003E000029501900091220006490220064CA04788
:1003F000064B9847D9E7C046C50200008409002093
:10040000E80B0020D004010039110000490300006E
:1004100070B5A423104AD3585B0603D100220F4BBA
:100420001A7070BD0E4D002200232A606B600D4CC7
:10043000002323600C4A13700C4A13700C4A13708B
:100440000C4A13702A0021000B480C4B984729686E
:1004500020680B4B9847E4E7002000423808002052
:10046000E80B0020C00B002000080020480C0020F2
:100470008509002010090020A82100206902000041
:100480009503000010B582B00100064B5C681B6844
:1004900000930194062301220348044CA047002046
:1004A00002B010BDA00B0020A82100202D020000EA
:1004B00010B5074C217062701A0EA2701A14E27007
:1004C0001A1222716371034B1968034B984710BDD0
:1004D000A00B0020A80B002085040000704700003E
:1004E00010B5044C0022044BA0470022034BA04748
:1004F00010BDC046A9F5000000004E400000F03ECF
:10050000054B98780006DA78120410431A79120223
:1005100010435B7918437047E80B0020044B01221D
:100520009A70E42149005A5801325A507047C04627
:1005300090090020034B1A68516F40230B43536707
:100540007047C04604000020024A13780133DBB232
:1005500013707047380800207047000010B5041E63
:100560000CD007290FD801700023C3702378DBB2A9
:10057000072B0FD89B003E4AD3589F463D49002089
:100580003D4B98475AE03D4900203B4B9847EDE7EB
:10059000002363702378DBB2062B08D89B00384A0F
:1005A000D3589F4602236370F4E70223A37000230D
:1005B000237163710120A0710221E171A360E360E6
:1005C00023616361A361E36123626362A362E36207
:1005D000236323876363626F130083436367626FE0
:1005E00013008B436367626F04239A436267626FF1
:1005F00008239A436267626F10239A436267626FAF
:1006000020239A436267626F40239A436267626F56
:1006100080239A436267626F80235B0013436367A2
:10062000636F1B041A0C62672378012B19D023789F
:10063000062B16D0626F134B1340636710BD012366
:10064000A370B4E70323A370B1E70623A370AEE75A
:100650000723A370ABE70D23A370A8E70E23A370B5
:10066000A5E7626F80239B0113436367E6E7C046FB
:10067000000501003C050100391100006005010082
:1006800020050100FFDFFFFF70B5084901248C60E1
:10069000074BCB600C740748074DA84707498C608F
:1006A000074BCB600C740748A84770BD7C0C00203A
:1006B0001D05000044220020016B0000540C0020A6
:1006C00035050000D821002010B5074B1B68002B12
:1006D00008D00120A9220549054B98470248054B3F
:1006E000984710BD0020F5E7D421002094050100B3
:1006F00015700000E58B0000F0B5D64600B582B05D
:100700008246019100271AE0C024E4058026B60045
:10071000E6616B469B8800931800114DA847E6617F
:100720008026F601E6610098A847E6618026360239
:10073000E6610098A847E6610A4B9847013757459C
:10074000E2D3C023DB05802292009A61802212024C
:100750009A618022D2019A6102B004BC9246F0BD37
:10076000B9660000C906000070B50B4C4923FA2297
:1007700052000A4920000A4DA8470A4920000A4BA6
:1007800098470A4920000A4B98470123002200217C
:100790002000084CA04770BDA82100200020004286
:1007A00031010000DD0400000D02000049050000D9
:1007B0001D0200009902000010B50B4C0B492000EF
:1007C0000B4B984720000B4B98470B4C0B4A0021D2
:1007D00020000B4B98470B4920000B4B98472000FB
:1007E0000A4B984710BDC0469C21002014090020E8
:1007F000E56F0000B96F0000F421002059050000EA
:10080000156E00003C080020E56D0000B96D000089
:10081000F8B5CE46474680B5002401235B42994691
:1008200000239846002602E09846F6180134312C41
:100830000DDC0F4D02232A0000210E480E4FB84751
:100840002B889845F0D39945EFD99946EDE73221A9
:1008500030000A4B984702004B4641460848094C75
:10086000A0470422084B1A700CBC90469946F8BD6C
:10087000FC080020D02100203964000069790000C4
:10088000B0050100CDB7000084090020F8B50022B2
:100890001A210020264CA047802149009423C02221
:1008A000D205D1500022FD390020A047214B9847A6
:1008B00005000024002600270CE0022100201E4B2A
:1008C000984703041B0CFF18030CF61845401F2320
:1008D000DD410134194B9C42EFD9280078403502A4
:1008E0006840174B9847174DFA2189003800A847F0
:1008F0000400FA2189003000A84705000200210009
:100900001148124B98472204120C8223DB031A432E
:100910002D042D0C1D4309210020054CA0472A0061
:1009200008210020A04707221A210020A047F8BD77
:1009300051A1000099A00000A5A00000E70300005D
:10094000D5B8000069790000E0050100CDB70000CE
:10095000F8B5CE46474680B54C4E4D4D3268132112
:1009600028684C4CA047431E98414B4B1870326886
:1009700016212868A047431E9841484B18703268DA
:1009800011212868A047464FB865326819212868A8
:10099000A047431E984160239846F85432681A21B4
:1009A0002868A0473F4B99461863326828681B2186
:1009B000A0474B46D86201234246BB543A4B1B78B2
:1009C000042B03D00CBC90469946F8BD344C374BF1
:1009D00023602E4F2E4E3A680A2130682D4DA847CD
:1009E0006060334BA3603A6801213068A8472061FA
:1009F0003A6802213068A847E0603A68032130680D
:100A0000A847A0613A6804213068A84760613A6845
:100A100005213068A84720623A6806213068A84757
:100A2000E0613A6807213068A847A06264236362E6
:100A30003A680B213068A847E0620A211D4B9847AD
:100A400020633A680C213068A84760633A680D213A
:100A50003068A847A063184B9847184B9846184928
:100A60009847184B99469847206461643A68306803
:100A70000E21A847A064144B98471149C04710495C
:100A8000C047C847206561659CE7C046200000203C
:100A90001C00002039580000120900200209002023
:100AA00018090020F40B002084090020DC05000058
:100AB000C40900003379000095E600003DE0000025
:100AC0006F12833A71020100F5E5000070B5154B15
:100AD0009847154B98470A20144CA0470022012143
:100AE0000020134B98470120A04700210020114C03
:100AF000A047050000210020A04706000E4BC418A7
:100B000063425C41E4B22A0029000C480C4B984730
:100B10000C4B9E4201D0200070BD0B480B4B9847F8
:100B2000F9E7C0465583000011840000B966000053
:100B300051A10000A5A00000CFC8C9CB0806010044
:100B4000CDB700003137363424060100C1B80000AB
:100B500010B50A4B98470A4B98470A20094B98470B
:100B6000094B9847002801D1012010BD07490020FA
:100B7000074B9847074B98470020F6E72984000069
:100B8000E5840000B96600002D5500004C06010008
:100B900039110000712A000070B50120064EB047DF
:100BA000C024E4058025AD009423E5500120B04722
:100BB0009823E55070BDC046B9660000F0B583B01B
:100BC00000243E4B1C703E4B64221A60C83A5A60A7
:100BD000FA2212019A6001223A4B1A703A4B1C70A9
:100BE0003A4B1C6000200021394B18605960394B8A
:100BF00018605960384B1C60384B1A70384B1C70A9
:100C0000384B1C703849394B1960394B9C70DC707B
:100C10001C715C719C71DC711C725C729A72DC726A
:100C2000344A14701C615C619C61DC611C625C6212
:100C30009C62DC621C63304B1C60EC235B002F4A1F
:100C4000D4502F4D002600272E606F60AC60EC6002
:100C50002C61493BFF3BEC502800143078220021E6
:100C6000284B9847284B1C60A023EC540233EC54CB
:100C7000264B5C60264B1E605F60264B1C6001A803
:100C8000254B9847C023DB05802252009C58203218
:100C90008221C9058A58882149005B5853401C406D
:100CA000544001A81D4B9847E30305D4012252424A
:100CB0001B4B9A6103B0F0BD0122F9E73808002010
:100CC000040900209C0B0020B10B002034080020F8
:100CD000800B002020080020780B0020FF08002057
:100CE000880B002001090020A08601008009002057
:100CF000F40B0020940B00204C0C002090090020E5
:100D000040080020DBAE00008C0B00202C0C0020E3
:100D1000A00B0020C00B0020E9640000F764000075
:100D2000C40B0020F0B5CE46474680B583B0934B48
:100D30009847934C012201212000924B98472000B4
:100D4000914B9847914B9847C023DB058021490080
:100D5000942299508022D2019A61802292009A6155
:100D6000802212029A618021490398229950903A78
:100D70009A61874B9847874B9847874B9847002144
:100D80008648874B9847874B9847874B9847874BB0
:100D90009847874B9847002858D00822C023DB0586
:100DA0009A61844B9847002854D1C026F60508253F
:100DB000B56101A8804B994698478023F458822357
:100DC000DB059846A0234246D258103BF3585340C7
:100DD0001C40544001A8794FB84780235B031C4056
:100DE000631E9C41E4B26846C847326843461B6AAA
:100DF00036695E4016405E406846B84735406B1E17
:100E00009D41EBB222006E4902206E4CA0476E4B12
:100E1000984700206D4B984700206D4B9847002065
:100E20006C4B98476C4B98476C4B1B78012B51D0FF
:100E3000002B14D0022B00D196E0694B98474F4B02
:100E4000984703B00CBC90469946F0BD65495D4B90
:100E50009847A2E7644900205A4B9847A5E7634C9E
:100E600001212068624B9847624B22681A60624AEF
:100E700012685A60614A12689A60614B9847C307CA
:100E800022D4604903204F4B9847FA25AD005A4FB2
:100E90003B6858782A0019005B4CA047574E3368CE
:100EA00058782A001900A0470120584B9847396804
:100EB00048780022A047316848780022A04754496A
:100EC0000220404B9847B8E7524903203D4B9847D2
:100ED000514DDCE7514D02212868454B9846984713
:100EE00000262B685E70296800204D4FB8474D4C96
:100EF00003212068C0470223226853702168022022
:100F0000B8473C4B1E602A685A6022689A603C4B86
:100F10009847C30722D43B4903202A4B9847FA2518
:100F2000AD00354F3B6858782A001900364CA04771
:100F3000324E336858782A001900A0476420334B9A
:100F40009847396848780022A047316848780022DD
:100F5000A047354902201B4B98476EE72D490320D7
:100F6000184B98472C4DDCE7224B00221A605A6040
:100F70009A602E490220134B98475EE7C90600008D
:100F800080210020596900001D690000990B0000B4
:100F9000B9070000758A00005D8B0000D021002099
:100FA0000D640000110800008906000035410000B2
:100FB000CD0A0000510B0000E9640000F764000056
:100FC000C00601003911000051090000D1360000AF
:100FD00099350000F13400008D080000FE08002063
:100FE000BD2A0000680601009406010004000020EC
:100FF0005D05000078050020080000201400002096
:1010000031B90000E806010001A40000B966000043
:10101000F8060100F006010018FCFFFF0C0000209C
:10102000F1A900001000002060070100B8070100CE
:1010300070B50400802149009823C022D205D15008
:101040000020204B9847204DA847A0B21F4B98473F
:101050001F4B00221A605A609A60A8471D4B1988DE
:1010600000201D4B98470322522100201B4CA04713
:10107000032100201A4B984700201A4B9847010083
:101080000020194B9847002263210020A04700212F
:101090000020164B9847164B1B78042B00D070BDD0
:1010A00026210020134DA847020013490220134CAB
:1010B000A04725210020A847020011490220A0478F
:1010C000EDE7C0461D8E0000A5390000B96600009E
:1010D00004090020180900201D38000051A100005B
:1010E0002DA300001DA30000A1A2000081A200000A
:1010F00084090020A5A00000240801003911000087
:10110000580801000122014B1A70704700000020AE
:1011100010B5044B186000221A7103325A71024B49
:10112000984710BD6C020020051100000122014B00
:101130001A707047000000200EB4F0B5C64600B526
:1011400083B02C4B5B79834206D203B004BC90463B
:10115000F0BC08BC03B018478000274BC358274A8F
:101160008021890023480830254CA047061E13DB48
:101170000AAB01931F480830801980218900891B20
:10118000099A204CA047002808DB36181E4B9E42C7
:1011900000DD1E00002720E00026E9E70020F4E73C
:1011A00080239846134C2079184D0835C001281823
:1011B00021000831C9194246154B984723681B681E
:1011C0002079C001281841469847237901225340CD
:1011D000DBB2237147444346F61A002EB5DD0D4BB2
:1011E0001B78002BFBD000220A4B1A70802ED7DC14
:1011F000B046D7E76C020020300B0100400B010025
:1012000015BB0000DDBB0000FF0100006C040020E6
:10121000C9AE00000000002010B5064B3F22995CCB
:10122000C9B20020985440301C5C64083F3820400C
:10123000995410BD0060004110B5014B984710BD96
:101240002D11000010B5014B984710BD2D11000065
:1012500010B50C00002811D0002901D1002010BDCC
:1012600001000020064B984721000020054B9847BD
:1012700000210020044B98470120F0E70020EEE712
:10128000317B0000417B0000957B000010B5174BBF
:1012900000213F22995440315A5C022082435A5423
:1012A0004023124AD35C9B07FAD4114A0F4B5A646D
:1012B0008022D2000F4B1A800F4900200F4B984715
:1012C0000122002100200E4CA04701220121002014
:1012D000A0470C4C002120000B4B984723680B4A79
:1012E0001A6023680A4A5A6010BDC0460060004177
:1012F00000348000A022002028040043217B00004D
:10130000DD7A000074050020D17B0000451200004A
:101310003912000000487047640B010070B50C4C96
:1013200023681861196900200A4B98472568002036
:10133000094B9847A861236899690020074B984793
:1013400023681A6906490320064B984770BDC046BA
:101350000400002081A200001DA30000A1A2000043
:10136000F40D01003911000070B5094C2568A86220
:101370000020084B9847A861236899690020064B14
:10138000984723689A6A05490320054B984770BD22
:10139000040000201DA30000A1A20000140E010003
:1013A0003911000010B50200094B18681300591ECE
:1013B0008B41416F1B03074C21400B434367436F35
:1013C000DB04DB0F04490320044CA04710BDC046DA
:1013D00004000020FFEFFFFF4C0E01003911000058
:1013E00010B58160826802490320024B984710BD06
:1013F000800E01003911000070B5051E0ED02D4978
:1014000008202D4B9847041E0ED16B78002B2AD153
:10141000284B1B78DB060DD4200070BD2749002027
:10142000274B98470024F7E726490020244B98478C
:101430000024F1E724490320214B98472B78022B05
:101440000BD02B78042B08D02B78052B05D01F4907
:1014500000201B4B98470124DEE71D490020184B54
:1014600098470124D8E76B78022B06D06A78D2B26D
:1014700018490020124B9847CEE70E4B1B785B06AD
:10148000CAD5154903200E4B98472B78032B0BD058
:101490002B78072B08D02B78052B05D00B49002083
:1014A000074B98470124B7E709490020044B9847A8
:1014B0000124B1E7880900201D2A0000B00E0100B8
:1014C00039110000E80E01001C0F0100600F01003F
:1014D000340F0100A40F01008C0F010010B582B081
:1014E00004006B46D91D00230B700920404B984720
:1014F000404B1B78042B0FD0052B12D06378002BA8
:1015000024D13D4B1B78DB0625D5A2783B4B1A70C6
:101510000E225A7002230DE085225200384B1A60C9
:10152000ECE70C22FF32364B1A60E7E70021334A22
:10153000D1540133072BF9DD304B1968304B186853
:10154000304B984730490320304B98476378022B43
:1015500019D002B010BDA278284B1A700F225A7011
:10156000022303E00021254AD1540133072BF9DD82
:10157000224B1968224B1868224B984724490320B4
:10158000224B9847E2E71C4B1B785B0617D5A278E5
:101590001A4B1A700E225A70022303E00021174AD8
:1015A000D1540133072BF9DD144B1968144B18681B
:1015B000144B984714490320144B9847C9E7A27865
:1015C0000E4B1A700F225A70022303E000210B4ABF
:1015D000D1540133072BF9DD084B1968084B186803
:1015E000084B98470A490320084B9847B1E7C04683
:1015F0001D2A00008409002088090020A00B00207B
:10160000C00B002085040000D40F01003911000038
:10161000F00F010070B505000020094B984702004B
:101620000404240C230007490320074EB047A9787F
:10163000C9B22300122285204000044CA04770BD8F
:101640001DA300001010010039110000B1040000BA
:1016500010B5344B1B685A6F120519D4596F1022FC
:101660000A435A67596F304A0A405A675A6F9206BE
:1016700002D55B6FDB0632D42A4B1B684C229A5C86
:10168000012A42D01A6929490320294B984710BDE5
:10169000596F284A0A405A6702210020264B984772
:1016A000204B1A68516F10230B435367536F9B06EF
:1016B00002D5536FDB060AD41A4B1A68516F1A4BC6
:1016C0000B4053671D490320194B9847DFE71C481F
:1016D0001C4B98471C490320154B9847ECE71848CA
:1016E000184B984702210020134B98470D4C236854
:1016F00019690020154B984723681869144B9847BF
:10170000114903200A4B9847B6E701216E329954DC
:101710000021053A995204329954596F054A0A40FA
:101720005A67AFE704000020FFF7FFFFB010010089
:1017300039110000FFFDFFFF2DA3000098100100EC
:10174000D8210020896A00005410010091A20000F5
:101750001D13000070B504000D0001222A4B1A7001
:1017600000202A4B9847001BC317C0185840284B2D
:10177000984224DD002D17D0264B1B681E692000DF
:10178000254B984701223100244B9847214B1B6879
:101790004C229A5C022A24D0002D2ED1220020490E
:1017A0000220204B984770BD1A4B1B681E69200011
:1017B000194B984700223100184B9847E6E7154B24
:1017C0001B6819690020184B9847002D04D0210090
:1017D0000020164B9847D9E721000020144B98476A
:1017E000D4E7596F134A0A405A670121702299546D
:1017F000114903200B4B9847CEE722000F490220E6
:10180000084B9847CFE7C046B00B00201DA300004F
:10181000DC05000004000020F5E500007141000037
:101820001C1101003911000081A20000A1A20000DA
:10183000B1A20000FFFDFFFFDC100100001101005C
:1018400010B5074C23685862586A0121054B984728
:1018500023685A6A04490320044B984710BDC046C8
:101860000400002055170000381101003911000054
:1018700010B500210020154B984700210020144B83
:101880009847144B1B68596F082291435967596F49
:10189000102291435967596F2022914359670122C1
:1018A0000D4B1A710D4B984760230D4AD35C002BEA
:1018B00004D10C4902200C4B984710BD0022064B66
:1018C0001A735120094B9847F3E7C0460DA3000057
:1018D000A1A2000004000020F40B0020E539000064
:1018E0001809002064110100391100003D68000052
:1018F00070B500210020234B984700210020224B87
:10190000984700210020214B98470024204B1C7051
:10191000204B1C70204B1C70204D2B68596F1022DF
:1019200091435967596F20220A435A6770229C5489
:10193000596F1B4A0A405A676E229C54012101329A
:101940009954053A9C52596F164A0A405A6700202A
:101950000021154B186059601448154B9847154BDA
:101960001C60154B1C602C680020144B9847A0612C
:101970002B6899690020124B984712490220124B9C
:10198000984770BD81A2000091A200002DA3000025
:10199000FF080020880B0020B00B0020040000206E
:1019A000FFF7FFFFFFFBFFFFF0080020D82100201A
:1019B000C56A000030080020F00B00201DA30000C5
:1019C000A1A200008011010039110000F8B500212A
:1019D0000020214FB84700210020204B98470021CC
:1019E00000201F4EB04700241E4B1C701E4B1C7065
:1019F0001E4B1C701E4D2B68596F10229143596766
:101A0000596F20220A435A6700200021194B1860A1
:101A100059601948194B9847194B1C60194B1C60A9
:101A20002C680020184B9847A0612B68996900200A
:101A3000164B984702210020B84703210020B047E9
:101A40002A68516F80231B010B4353671049022002
:101A5000104B9847F8BDC04681A2000091A200003B
:101A60002DA30000FF080020880B0020B00B0020F1
:101A700004000020F0080020D8210020C56A0000E2
:101A800030080020F00B00201DA30000A1A20000E0
:101A9000941101003911000000280BD00378DBB24B
:101AA000022B03D3052B03D9072B01D0002070474D
:101AB0000120FCE70020FAE770B582B004000D00B9
:101AC000160000284AD0036B8361554B98470028C5
:101AD00000D06D422000524B9847002840D1626FE1
:101AE000082313436367236BA361FA231B01A360DD
:101AF00001224C4B1A70002E00D06561A3699D42F3
:101B000055DD002E02D1A369EB1863616078A268ED
:101B10002100454B9847A269A36800932B004349D5
:101B20000320434DA8470123E3706269A3699A42E9
:101B300014D06069A369C01AC317C0185840A168BF
:101B40003C4B9847FA239B0058436064626C3A49C7
:101B50000320374B9847394B9847A06402B070BDBB
:101B60002000374B98470028B9D0A3699D4205DD76
:101B70002279D2B2A379DBB29A4210D0A3699D42F6
:101B8000ADDA2279D2B2E379DBB29A42A7D12D49FC
:101B90000320274CA0472C490320A047DEE7294912
:101BA0000320234CA04729490320A047D6E7A36977
:101BB0009D422FDA002E02D1A3695B1B636160781E
:101BC000A26852422100184B9847A269A3685B4261
:101BD00000932B0015490320154DA8470123E370FE
:101BE0006269A3699A42B9D06069A369C01AC31730
:101BF000C0185840A1680F4B9847FA239B005843E0
:101C00006064626C0C490320094B98470B4B984762
:101C1000A064A3E70E490320054B98479EE7C04602
:101C2000991A0000E40B002001A4000070120100CA
:101C30003911000033790000BC12010099A00000A6
:101C4000F9130000A8110100401201001012010058
:101C5000DC12010030B583B004006B46DD1D0023AB
:101C60002B7029000820154B98472B78DB0613D4DE
:101C70006078FA2212012100114B9847626F02230B
:101C80001343636701230F4A1370E3700E49032067
:101C90000E4B984703B030BD0D4903200B4B9847BE
:101CA000852040000B4B18600B4B04221A700A323F
:101CB0005A701968094B9847ECE7C0461D2A000086
:101CC00001A40000E40B00205413010039110000AE
:101CD0001C130100C00B0020A00B00208504000095
:101CE00010B582B004006B46D91D00230B7008208C
:101CF000164B98476378002B04D16B4607331B784B
:101D00009B0612D46078124A2100124B9847626FEA
:101D100004231343636701230F4A1370E3700F49D1
:101D200003200F4B984702B010BD0E4903200C4B07
:101D30009847852040000C4B18600C4B05221A7008
:101D400009325A7019680A4B9847ECE71D2A0000BF
:101D500060F0FFFF01A40000E40B0020B4130100B9
:101D6000391100007C130100C00B0020A00B0020E3
:101D70008504000070B5041E22D04278D2B23C49DE
:101D800003203C4B984720003B4B9847002834D019
:101D900020003A4B98470500020039490320354B93
:101DA0009847002D11D037490320324B9847A1782E
:101DB000C9B20023112285204000334CA04738E0EF
:101DC000324900202B4B984733E0626F8023DB01C0
:101DD00013436367626F02231343636701252C4B30
:101DE0001D702C490320234B98476078FA2212017A
:101DF0002100294B9847E5701BE020001F4B9847B6
:101E0000002817D1626F8023DB0113436367626F81
:101E100002231343636701221D4B1A70626F042370
:101E20009A436267626F1D4B1340636720001C4B2F
:101E3000984770BD1B4903200E4B9847626F802363
:101E4000DB01134363670122114B1A70626F042395
:101E500013436367626F02239A436267626F802352
:101E60001B021343636720000F4B9847E1E7C0460E
:101E70001014010039110000991A0000F913000034
:101E80003C1401005C140100B1040000DC130100EB
:101E9000E40B0020A814010001A40000FF7FFFFF55
:101EA000551C0000E8140100E11C000010B50400FE
:101EB0004078002222210D4B984700230C4A1370D2
:101EC000E370626F01339A436267626F08239A433B
:101ED0006267626F02239A436267626F04239A43C8
:101EE000626704490320044B984710BDE1A9000034
:101EF000E40B00202415010039110000F8B504009E
:101F0000056B0B4B9847276BA178C9B22B001222A7
:101F100085204000074EB0476378002B00D0F8BD05
:101F20003B002A0004490320044CA047F7E7C046C1
:101F300065A40000B104000038150100391100004B
:101F400070B5C64B1A680A23FF339A4269D017D975
:101F50000E23FF339A4200D1ABE023D987235B00E5
:101F60009A4200D1E1E0F2339A4200D012E1BC4B38
:101F70001B78012B41D0BB490320BB4B984757E04E
:101F80000823FF339A4200D1FCE03ED8013B9A423D
:101F900000D0FFE00022B54B1A70B5490320B24BC8
:101FA000984745E0013B9A4200D0F3E0AC4B1B78E8
:101FB000002B3DD10022AD4B1A70AE490320AA4B35
:101FC0009847AD4B1B685A6FD20631D5A34A127998
:101FD000002A4ED0012A67D1596F1F320A435A672F
:101FE0005A6F9206D20F5B6FDB06DB0F13422CD1C8
:101FF000A24903209C4B98471AE000229B4B1A7081
:102000009F490320984B984712E0954B1B78002B73
:102010000ED10022954B1A709A490320924B984793
:1020200006E00122914B1A70974903208E4B984786
:102030008E4B1B78002B04D1944A1278042A00D1CD
:10204000B2E0012B00D1AAE070BD0023904A1360DA
:10205000904A13609048914B9847874C23681969C0
:1020600000208F4B98472368196900208D4B9847B3
:10207000BEE7596F20220A435A675A6F920602D56B
:102080005B6FDB0607D40023814A1360814A13602B
:102090008148854B984700210020824B984783490F
:1020A0000320714B9847C3E7814903206E4B984743
:1020B000BEE701226D4B1A707E4903206A4B984798
:1020C0006D4B1B685A6FD206B2D5644A1279002A4A
:1020D00016D0012A24D1596F1F320A435A675A6F0A
:1020E0009206D20F5B6FDB06DB0F134204D163490C
:1020F00003205D4B98479BE76748684B9847F6E796
:10210000596F20220A435A676348674B984700215A
:102110000020644B984765490320534B984787E755
:1021200063490320504B984782E7584B1B78042B98
:1021300016D0052B00D07BE75F4B1B78032B00D01C
:1021400076E71020FF305D4B18605D4B03221A705C
:1021500019685C4B98475C490320434B984767E7F5
:10216000554A1278012AE4D11020FF30534B1860F1
:10217000534B1A701968534B9847544903203A4BF4
:10218000984755E70122394B1A7051490320364BC5
:1021900098474DE74F490320334B984748E73B4B5F
:1021A0001B78052B00D04FE72C4B1B79102B00D947
:1021B0004AE79B00484AD3589F46284B5B791A2B25
:1021C0003DD89B00454AD3589F46454B984702222D
:1021D000264B1A7038E7434B9847F8E71F4BD868EF
:1021E000414B9847F3E70021802040023F4B98473E
:1021F000EDE71A4BD86801213C4B9847E7E7174BAE
:10220000D8680021394B9847E1E7144BD868384B20
:102210009847DCE7114BD868364B9847D7E7364BE1
:102220009847D4E7144B1868344B9847CFE7344BA2
:102230009847CCE7094BD868324B9847C7E73249F3
:102240000320094B9847C2E7044B5B79122B00D956
:102250009EE09B002D4AD3589F46C046640F002045
:10226000FE0800209415010039110000600F0020C5
:10227000CC170100201601000400002050160100B8
:1022800064150100C0150100FC150100840900203F
:1022900030080020F00B0020D8210020896A0000BF
:1022A00081A2000091A20000C56A000098160100FA
:1022B000DC16010004170100E80B0020C00B002011
:1022C000A00B0020850400008017010038170100D2
:1022D000F8170100241801006C0B0100B00B01007D
:1022E00051160000F11800001D13000055170000E2
:1022F0006913000041180000711800001516000055
:10230000CD190000A5130000341801001C0C0100B9
:10231000D64B5868D64B98470222D64B1A7093E694
:10232000D54BD968D14B5868D44B9847F4E7D24B7A
:10233000D968CE4B58680122D14B9847ECE7CE4B79
:10234000D968CA4B58680122CD4B9847E4E7CA4B7D
:10235000D968C64B58680022C94B9847DCE7C34B85
:102360005868C84B9847D7E7C04B5868C64B984742
:10237000D2E7BE4B5868C54B9847CDE7BB4B586872
:10238000C34B9847C8E7B94B5868C24B9847C3E757
:10239000C1490320C14B9847BEE7B74B5B79122B6D
:1023A00039D89B00BE4AD3589F46B04B9868B04B73
:1023B00098470222AF4B1A7046E6AF4BD968AB4B39
:1023C0009868AE4B9847F4E7AB4BD968A74B986831
:1023D0000122AB4B9847ECE7A74BD968A34B986811
:1023E0000122A74B9847E4E7A34BD9689F4B986815
:1023F0000022A34B9847DCE79C4B9868A34B984777
:10240000D7E79A4B9868A24B9847D2E7974B9868C2
:10241000A04B9847CDE7A3490320A04B9847C8E7B6
:10242000954B5B79032B03D3042B05D9102B03D0D9
:102430009D490320994B984702228E4B1A7003E660
:102440008D4B5B79032B03D3042B05D9102B03D0C1
:1024500096490320914B98470222864B1A70F3E568
:10246000854B5B79122B39D89B00914AD3589F46F4
:102470007E4BD8687E4B984702227E4B1A70E3E56C
:102480007D4BD968794BD8687C4B9847F4E77A4BF9
:10249000D968764BD8680122794B9847ECE7764BA0
:1024A000D968724BD8680122754B9847E4E7724BA4
:1024B000D9686E4BD8680022714B9847DCE76B4BAC
:1024C000D868724B9847D7E7684BD868704B9847E5
:1024D000D2E7664BD8686F4B9847CDE77549032024
:1024E0006E4B9847C8E7644B5B79122B39D89B0039
:1024F000714AD3589F465D4B18695D4B984702223D
:102500005C4B1A70A0E55C4BD968584B18695B4B63
:102510009847F4E7584BD968544B18690122584B37
:102520009847ECE7544BD968504B18690122544B3B
:102530009847E4E7504BD9684C4B18690022504B40
:102540009847DCE7494B1869504B9847D7E7474B0A
:1025500018694F4B9847D2E7444B18694D4B984741
:10256000CDE7564903204D4B9847C8E7424B5B796E
:10257000122B39D89B00524AD3589F463B4B58697F
:102580003B4B984702223B4B1A705DE53A4BD968AA
:10259000364B5869394B9847F4E7374BD968334B7A
:1025A00058690122364B9847ECE7334BD9682F4BDB
:1025B00058690122324B9847E4E72F4BD9682B4BDF
:1025C000586900222E4B9847DCE7284B58692F4B5F
:1025D0009847D7E7254B58692D4B9847D2E7234BAF
:1025E00058692C4B9847CDE7364903202B4B984729
:1025F000C8E702221F4B1A7026E51F4B5B79033B8D
:10260000DAB2162A00D930E193002F4AD3589F46F8
:10261000164B1B6801224C215A5423315A54002175
:102620006932995204329954596F284A0A405A67BC
:10263000596F8022D2000A435A6725490220174B5E
:10264000984702220B4B1A70FEE4084B1B680022CD
:102650004C215A5422315A54596F1E4A0A405A6723
:102660001D4902200D4B9847EBE7C04604000020AF
:10267000AD1E0000600F0020640F0020E113000079
:10268000B91A0000551C0000E11C0000DD14000018
:10269000751D0000FD1E00005C18010039110000CE
:1026A000680C010084180100B4180100E018010052
:1026B000B40C01000C190100000D01003C190100CF
:1026C0004C0D01006C190100980D0100FFFDFFFF8A
:1026D0009C190100FFFBFFFFC01901008E4B1A6817
:1026E0008E4B99896823D152D25A92B28C490220DA
:1026F0008C4B9847A5E7884C2268516F80231B01BB
:102700000B435367884B9847226800214C23D154D0
:1027100086490220834B984793E77F4B1B687F4A8B
:10272000D268DA65596F824A0A405A67DA6D002A20
:1027300042D15A6FD20434D5DA6D7E490220794BEA
:102740009847754D2C6801234C22A3542332A3547F
:10275000626F1F331343636700226A23E25204331C
:10276000E254626F744B13406367626F8023DB0037
:10277000134363670020714B984760652B685B6F5C
:10278000DB0414D56E490220664B9847624B1B68E8
:1027900068229A5A92B2002A52D06822995A89B273
:1027A0004FE0DA6D674902205E4B9847C9E76649FA
:1027B00002205C4B9847E9E75A6FD2043AD5DA6DAC
:1027C00062490220574B9847534D2C6802224C23F4
:1027D000E254626F8023DB001343636700226A23A5
:1027E000E252616F4A3B0B4363676E230021E15461
:1027F000616F5E3B0B436367226600204F4B984737
:1028000060652B685A6F9206C0D55B6FDB06BDD53D
:102810004F48504B9847022100204F4B98473E4B62
:102820001B68196900204D4B98474D4903203D4BCB
:102830009847ABE7DA6D4B4902203A4B9847C3E71C
:102840000321682299529A5A92B247490320354B84
:102850009847F6E6304B1B68304AD2685A665A6E83
:10286000424902202F4B9847EBE6414902202D4B6D
:102870009847E6E6294B5B79152B16D009D91B2B17
:102880001AD01C2B0CD1254BD9680020394B984706
:1028900006E00C2B04D1214BD9680020364B984719
:1028A0000222364B1A70FFF7CFFB1C4BD96801226E
:1028B0000020334B9847F3E7184BD96800220020DB
:1028C0002F4B9847ECE7154B5B79152B16D009D9A0
:1028D0001B2B1AD01C2B0CD1104BD9680120254B77
:1028E000984706E00C2B04D10C4BD9680120224BF1
:1028F00098470222214B1A70FFF7A6FB074BD968B5
:10290000012201201E4B9847F3E7044BD9680022AF
:1029100001201B4B9847ECE704000020640F0020C7
:10292000E419010039110000CD190000041A01005A
:10293000FFF7FFFF241A0100FFFDFFFF1DA30000AA
:10294000741A01004C1A0100A81A0100DC1A0100D7
:10295000D8210020896A00002DA3000091A2000068
:10296000601B0100201B0100A41B0100D01B010003
:10297000FC1B0100E12B0000452E0000600F002031
:10298000892E000010B50CE00278084B9A62074BC4
:102990001B7E5B07FBD5054B9B6A0B700131013039
:1029A0002200541EE4B2002AEED110BD00100042F5
:1029B0000122014B5A70704788090020F0B583B09E
:1029C00000900E000192C027FF0508247C610120C1
:1029D000064DA8476B461A7931000098044B98477A
:1029E0000120A847BC61002003B0F0BDB96600001B
:1029F0008529000000B583B00B2802D9012003B05F
:102A000000BD01AB40221A70587099703D3A69467A
:102A10001800014B9847F2E7BD290000F0B585B0DA
:102A20000E000B281AD800291AD003AC41232370BA
:102A300060700023A37002AF032239002000094B0D
:102A400098470500B978317022786378009106497B
:102A50000320064CA047280005B0F0BD0125FAE789
:102A60000125F8E7BD290000281C010039110000EC
:102A700010B582B0F02100200C4CA04700210620A8
:102A8000A04702210520A047F0210120A047F02106
:102A90000220A0476B46D91D00230B700820044B71
:102AA00098470448044B984702B010BDF529000030
:102AB0001D2A00006C1C0100C1B8000000221CE0AF
:102AC00013495143134B5B18C521C9005818002105
:102AD0000180114818180180104818180160C6209C
:102AE000C000181801600E4818180160C720C00007
:102AF0008446634419600132D2B2012AE0D900232E
:102B0000084A1360084A1360137153717047C04636
:102B10003C060000EC1400202A0600002C060000F1
:102B200034060000642100208405002010B5002335
:102B30000EE00D4959430D4A52180D4951180988A4
:102B400089B2C520C0008446624411800133DBB2E3
:102B5000012BEED9074B00221A601A715A710649EF
:102B60000220064B984710BD3C060000EC140020E4
:102B70002A060000840500207C1C01003911000099
:102B800010B5034B98470022024B1A6010BDC04697
:102B90002D2B00006421002070B582B006000B4D83
:102BA0002C680134AF212000094B98470A00094BDB
:102BB000C800C65019184C602C60C3584968009171
:102BC00005490320054CA04702B070BD64210020D8
:102BD000DD790000740F0020981C010039110000FD
:102BE00010B500290CD0084B1960187101225A71D8
:102BF0001A681B79DBB205490220054CA04710BDBD
:102C0000044B9847FBE7C04684050020D41C010014
:102C100039110000812B000070B582B004000D0056
:102C2000002812D010212B001B2288204000084EC3
:102C3000B0470020074B984700902B002200064920
:102C40000220064CA04702B070BD0F21EBE7C04642
:102C5000B10400001DA30000041D01003911000093
:102C600070B582B004000D00002812D010212B0096
:102C7000152288204000084EB0470020074B984797
:102C800000902B00220006490220064CA04702B00B
:102C900070BD0F21EBE7C046B10400001DA300008A
:102CA000401D010039110000F8B50700002472E052
:102CB0003B4B98473B493C4A72438A18C523DB008B
:102CC0009C46624413889022FF3272439B18DA3389
:102CD0009B00CB1859682000344B9847324B734304
:102CE000304DED18C623DB00EA181368013313607A
:102CF000C523DB009C46654428880130AF212C4B5E
:102D0000984789B22980284A7243264B9B18C522CE
:102D1000D2009A18128892B226498C4663441B88C6
:102D20009BB29A4235D01F491F4B7343CB18C52223
:102D3000D200944663441B889022FF3272439B1852
:102D40009B005B58FB1A24D4174A7243154B9A1800
:102D5000C523DB00D3181B889B18AF229200944632
:102D600063441B78002BA3D10E490F4A72438A1883
:102D7000C523DB009C46624413889022FF327243D5
:102D80009B18DA339B00CB18596820000A4B9847F0
:102D9000A4E70134E4B2012C01D82600B3E7F8BD62
:102DA000CD190000EC1400203C060000612C00004E
:102DB000DD7900002A060000192C000010B5022859
:102DC00027D00ED9032819D0042816D1164900207F
:102DD000164B9847002304220F211548154CA04795
:102DE0000BE0012809D114490020104B984700231B
:102DF00006220F210E480F4CA04710BD0F4900209E
:102E00000A4B9847002303220F210948094CA04789
:102E1000F3E70B490020054B9847002305220F21BB
:102E20000348044CA047E8E7BC1D0100391100002D
:102E300002040000B10400007C1D0100941D01008B
:102E4000E41D010010B5012803D90120084B984763
:102E500010BD084B4343084AD218084B9C466244B5
:102E600011600B00020006490220064CA047EFE764
:102E7000BD2D00003C060000EC1400202C060000D4
:102E8000041E010039110000F0B5D6464F4680B54A
:102E900087B004000D000592012824D89B4B5B7974
:102EA000002B28D0994B1B79DBB298422BD1974B42
:102EB0001E6800225A71AF213000954B98470F00D1
:102EC000CA00944B9B185B689E4224D00320924B0F
:102ED0009847FF008F4BDF197B6832008F49002035
:102EE0008F4CA04702E001208B4B984707B00CBCE9
:102EF00091469A46F0BD0420874B984789490020A7
:102F0000874B9847F2E70420834B98478649002077
:102F1000834B9847EAE7CF007E4BFB5883496143D8
:102F2000834A521883498C46624412689F187F195D
:102F300002970195009222007F490320784DA8470F
:102F400000207E4B98470500C31B00D48BE0012571
:102F50002D1B764A6243764B9B18C522D2009A18E5
:102F6000128892B276498C4663441B889BB29A427F
:102F700016D06F4B99466D4B63434B44634418889E
:102F8000AE30AF21624B98470904090C9023FF3300
:102F900063435B18DA339B004B445B689E4276D0F8
:102FA000624A6A43624B9B18C522D2009A18128863
:102FB00092B263498C4663441B889BB29A4216D0F6
:102FC0005B4B9946594B6B434B4463441888AE3076
:102FD000AF214F4B98470904090C9023FF336B43F3
:102FE0005B18DA339B004B445B689E4270D04F4DB8
:102FF00065434F4B5D19524BEB1818880130AF21D8
:10300000434B984789B2C523DB009C4665442B8817
:103010009BB28B426BD04648444A62438218484B6D
:10302000D5182B8899469023FF3363439C464B4623
:1030300063449B001F502B889A18AF239B0099462E
:103040004A446B461B7D13702B886344DA339B0024
:10305000C3185E60298000963B0022003949022097
:103060002F4CA04742E7314B6343314CE418364BB9
:103070009C4664442368013323600320264B984711
:103080003B002A0031490020254CA0472EE7274B62
:1030900063434B449A462A4B53441888AE30AF21C1
:1030A0001B4B98470A04120C9023FF3363439B1871
:1030B000990048460F505244AF2189008C46624423
:1030C0006946097D1170DA339B004B445E6067E707
:1030D000164B6B434D46ED18194B9C4665442888AA
:1030E000AE30AF210A4B984789B229807FE70F4B5A
:1030F00063430F4CE418C723DB009C4664442368F9
:10310000013323600220044B9847EFE6840500203A
:10311000DD790000740F0020BD2D0000C01E0100ED
:1031200039110000441E0100781E01003C06000019
:10313000EC1400202C060000F81E01001DA3000066
:103140002A0600008C1F010034060000541F0100F5
:1031500070B500200B4B98470B4B9847C024E405F3
:103160008025ED059823E5500120084B98478023E2
:10317000DB01E3619423E550054B1C68054B984740
:10318000206470BD1DA30000992B0000996600000B
:103190000400002099A0000070B582B0A44B1C6808
:1031A000002C45D0A56A23004C339B8B9BB2002B8F
:1031B00003D123004C3303229A8300209D4B984770
:1031C000636DC01AC317C018584023004C339B8B43
:1031D000626E5343984205D9954B1B685A6F92050E
:1031E00000D45B6F924B1B685A6F920507D5220083
:1031F0006E321278002A02D05B6FDB041DD58C4B37
:103200001B685A6F920502D55A6FD20420D5884B9D
:103210001B685B6FDB0404D523006E331B78002B27
:103220004FD023006E331B78002B53D102B070BDFA
:1032300081490020814B9847F8E7814901207F4B65
:1032400098477B4B1A68516F7E4B0B405367D6E70C
:10325000596F7C4A0A405A670020764B984706000F
:1032600023006F331B78002B07D0714B1B685A6FFC
:10327000120502D45B6FDB0415D56D4B1A68516FD4
:10328000714B0B405367626DB21AD317D2185A4074
:103290006E490320694B9847666526650122230025
:1032A0006E331A70B3E723006F3300221A70606523
:1032B00020656E3401232370654903205F4B9847D6
:1032C000B4E7012223006E331A700020594B98474F
:1032D0002065A6E70020574B98470600E36D002BBA
:1032E00031D1236DC31ADA179B1853409D429DD8E4
:1032F000584B984722004C32138C01339BB21384F5
:10330000002223006E331A70494B1B685B6FDB048D
:103310000CD5236D226DB21AD11752184A40009273
:1033200032004D490320454CA0477FE7236D226DB5
:10333000B21AD11752184A4000923200474903206E
:103340003E4CA04772E7236DC31ADA179B1853400F
:103350009D4200D96AE7236E01332366E26D9342F2
:103360002ED23C4B9847002223006E331A70304B0C
:103370001B685B6FDB0411D5226EE36D38490320B7
:103380002E4DA847236D226DB21AD11752184A400C
:103390000092320030490320A84747E7226EE36DD0
:1033A00030490320254DA847236D226DB21AD1174D
:1033B00052184A400092320028490320A84735E7B6
:1033C000294B9847234B9847194B1B685B6FDB04CD
:1033D00026D5226EE36D25490320184DA847144BCE
:1033E0001A68516F224B0B40536722006E32002344
:1033F00013704C22A35423660D4B1B68596F1D4A52
:103400000A405A67596F802212010A435A67596F5E
:1034100020220A435A67596F10229143596705E7E2
:10342000226EE36D14490320044DA847DDE7C04632
:10343000040000201DA30000CC1F01003911000072
:1034400000200100FFFDFFFFFFF7FFFF70200100DC
:10345000402001005131000098200100D8200100D7
:103460001821010040210100CD1900006821010050
:10347000FFEFFFFFFFFBFFFFA821010010B50E4B80
:103480001B685A6F120513D44C229A5CD2B2012ADF
:103490000CD0022A0DD05A6F920509D59A6D0132CF
:1034A0009A65596F054A0A405A6701E0044B9847EC
:1034B00010BD034B9847FBE704000020FFFDFFFF12
:1034C000993100007047000070B5074B1C68626FAF
:1034D0008025AD0013002B436367044B9847E063DE
:1034E000C023DB05DD6170BD0400002099A0000051
:1034F00070B504001F4E32005C211F4DA8473200FA
:103500005D212000A8471D4EB2685E212000A8471B
:1035100032225F212000A847002260212000A84716
:10352000174A61212000A847164A62212000A847B7
:10353000032252212000A847092250212000A84739
:10354000092251212000A847328AB18920000E4B60
:103550009847328BB18A20000C4B9847328CB18B44
:1035600020000B4B9847328DB18C2000094B9847B7
:1035700070BDC046FF7F000051A100001809002067
:1035800001000080FFFFFF7F6DA3000081A300000A
:1035900095A30000A9A3000070B505003E4A1B21B9
:1035A0003E4CA047002217212800A0473C4A182182
:1035B0002800A0473B4A19212800A04707221A21CA
:1035C0002800A047384A0A210020A047374A042192
:1035D0000020A0478026B605320005210020A04724
:1035E000320006210020A047314A07210020A047D1
:1035F000304A09210020A0472F4A08210020A04777
:1036000000221F212800A047002220212800A047D7
:10361000002221212800A047002223212800A047C2
:10362000022252212800A047082263212800A04737
:10363000002229210020A047012252210020A0477A
:1036400000221C210020A047FA2212012421002080
:10365000A047FA208000194B9847194E32005C2190
:103660002800A04732005D212800A047154B9A682A
:103670005E212800A047002260212800A047124AAE
:1036800061212800A047114A62212800A047032297
:103690006D210020A04770BD3200020051A1000042
:1036A0009F0F000019190000000100181000100001
:1036B0004E014E0197814100C5814100B96600006D
:1036C000FF7F00001809002001000080FFFFFF7F3E
:1036D00070B5040000221A214C4DA84700221B217E
:1036E0002000A847002217212000A8470022182107
:1036F0002000A847002219212000A84700220A2103
:103700002000A847002204212000A847002205210C
:103710002000A847002206212000A84700220721F8
:103720002000A847002209212000A84700220821E4
:103730002000A84700221F212000A84700222021A6
:103740002000A847002221212000A8470022232191
:103750002000A847002252212000A8470022632110
:103760002000A847002224212000A847002226216B
:103770002000A847002227210020A84700225C2122
:103780002000A84700225D212000A84700225E21DA
:103790002000A84700225F212000A84700226621C0
:1037A0002000A847002261212000A84700226221B2
:1037B0002000A847002252212000A84700225021C3
:1037C0002000A847002251212000A84700226321A1
:1037D0002000A847002268212000A84700226B2172
:1037E0002000A847002260212000A84700220021D5
:1037F0002000074B9847002200212000054B9847E6
:10380000002200212000044B984770BD51A1000008
:103810004DA3000095A30000A9A30000F0B583B05C
:1038200005000E00564CA088564FB84700230122D1
:10383000292101952800544DA84701230022522137
:103840000198A8470023012224210198A8473300AA
:1038500000222421019E3000A847002300221C21C1
:103860003000A847FA204000B847484F484E3A6811
:103870000F213068474DA84780235B01E3653A6814
:1038800030681021A847002831D1802464013F4EC0
:103890003F4F3268112138683E4DA847384B986534
:1038A000326838681221A847002822D180256D018E
:1038B000394B1B78012B35D0002B1CD0022B48D064
:1038C000042B52D000222721019C2000334DA84711
:1038D000002252212000A847FA204000294B984797
:1038E00001222A2120002E4B984703B0F0BD00246E
:1038F000CDE70025DCE7220025210020274EB04738
:103900001F4FFA6D26210198B0472A002C21002074
:10391000B047BA6D2D210020B04700222E21002093
:10392000B047CFE72200252100201C4EB047144F9E
:10393000FA6D26210198B0472A002C210020B047BB
:10394000BA6D2D210020B04700222E210020B04763
:10395000B8E70B4BDA6D2621019E30000F4DA847CA
:10396000220025213000A847ACE7220025210020B5
:103970000A4DA847024BDA6D26210198A847A1E716
:1039800018090020B96600000DA2000020000020E8
:103990001C000020395800008409002051A10000BB
:1039A000EDA1000070B50822632100200B4CA04758
:1039B00000221F210020A047094D2A682021002055
:1039C000A0476A6821210020A047AA68242100207E
:1039D000A047022252210020A04770BD51A1000043
:1039E0000409002010B5802149009823C022D20587
:1039F000D150FD390020174B98476023164AD35CFD
:103A0000002B03D10022154B5A7210BD002000215B
:103A1000134B18605960002263210020114B984716
:103A200000210020104CA0470C4B00225A725A6112
:103A30001A61002100200D4B98470D4900200D4BC5
:103A40009847054BD96A0020A04703210020014B6D
:103A50009847DAE72DA3000018090020F40B002096
:103A6000F008002051A1000081A200000DA3000079
:103A70006A040100B1A2000030B583B00023C94A36
:103A800053706A46D41DD37121000720C64B984756
:103A90002378002B01D103B030BDC4490320C44BAF
:103AA0009847C44B5C689D68636F5B0408D4E378F7
:103AB000012B05D0636F5B0702D4636F9B0775D53D
:103AC000636F5B046DD5BC490320B94B9847002C4C
:103AD00000D188E0B3490820B34B9847B749032089
:103AE000B34B98476378002B00D0CBE1AD4B1B78EC
:103AF000DB0600D5A7E0AB4B1B789B06CBD56379E3
:103B0000DBB223716379DBB2A371AD490320A84D09
:103B1000A847607800222221AA4B9847AA4903208F
:103B2000A847636F5B0702D4636F5B04B3D5626F12
:103B300004239A4362672000A44B984760780022D0
:103B40002221A04B9847A2490320994B9847002374
:103B5000E37023636363226B2262616F08229143E7
:103B600061679C4A1370636F5B0400D47DE1636FEF
:103B70001B0400D560E1984902208D4B9847626F85
:103B8000042313436367626F80231B02134363673D
:103B90002000924B9847226A91490320844B984712
:103BA00079E790490320824B984790E76B6F5B045D
:103BB00008D4EB78012B05D06B6F5B0702D46B6FD9
:103BC0009B070ED56B6F5B0405D587490320784BA7
:103BD00098472C007BE785490320754B98472C00BC
:103BE00075E7002473E782490120714DA8476D4CA9
:103BF000210008206C4B984770490320A847237880
:103C0000DB0611D4674B1B789B0612D4654B1B78DF
:103C10005B0613D4634B1B78DB0900D13BE7754986
:103C20000320634B984736E773490320604B98475E
:103C3000E8E7724903205E4B9847E7E770490320A5
:103C40005B4B9847E6E76379DBB223716379DBB2BC
:103C5000A3716C490320564B984720006A4B984744
:103C6000002844D069490020514DA84760780022BF
:103C70002221544B984756490320A8472000534B14
:103C80009847636F5B041CD5636F5B0426D40023E5
:103C9000E37023636363226B2262616F5C4A0A40B4
:103CA0006267616F082291436167616F02229143ED
:103CB0006167484A1370E269564903203C4B9847B4
:103CC00019E785204000544B1860A278534B1A70B6
:103CD0000E225A701968524B9847D8E7A178C9B29A
:103CE00000231122852040004E4DA847CFE7607881
:103CF00000222221334B98474B4902202C4B9847F6
:103D0000636F9B0703D4636F5B0400D4F3E6626FB9
:103D100002239A43626720002C4B9847236BE36190
:103D2000626F08239A43626700232A4A1370E37084
:103D3000636F5B0429D5636F1B0415D43B490220D4
:103D40001B4B9847626F042313436367626F8023A2
:103D50001B02134363672000354B9847E2693549DE
:103D60000320134B9847C6E6626F294B13406367E5
:103D700085204000284B1860A278284B1A70112229
:103D80005A701968264B9847E8E785204000224B77
:103D90001860224B04221A700A325A701968204B9C
:103DA0009847DBE7880900201D2A0000A8220100AF
:103DB0003911000078050020C022010074230100A1
:103DC0007C250100E1A900009425010065A4000004
:103DD0003C240100E40B0020DC250100551C000000
:103DE00054260100DC220100002301001C230100F5
:103DF00040230100E423010084230100A4230100E7
:103E0000C42301001C0F0100991A000004240100C2
:103E1000FFBFFFFF68240100C00B0020A00B0020A3
:103E200085040000B1040000A8240100F024010072
:103E3000E11C000038250100A8490220A84B984742
:103E4000626FA84B13406367626FA74B13406367B1
:103E500085204000A54B1860A278A54B1A7011224E
:103E60005A701968A34B984795E6852040009F4BF0
:103E700018609F4B05221A7009325A7019689D4BC1
:103E8000984788E66378022B00D004E69A4B1B78AB
:103E90005B0654D4984B1B78DB0900D1FBE56379B2
:103EA000DBB223716379DBB2A371944903208C4D9B
:103EB000A847607800222221914B9847914903201E
:103EC000A847636F5B0700D4E5E5626F04239A435C
:103ED000626720008C4B9847607800222221884B33
:103EE00098478A4903207E4B98470023E370236359
:103EF0006363226B2262616F082291436167844A87
:103F00001370636F5B0400D4DBE0636F1B0400D5A8
:103F1000BEE080490220724B9847626F042313432E
:103F20006367626F80231B021343636720007A4B31
:103F30009847E26979490320694B9847ABE5637973
:103F4000DBB223716379DBB2A37175490320644B43
:103F500098472000734B984700284CD072490020A6
:103F60005F4DA847607800222221654B984767493A
:103F70000320A847626F02239A4362672000624BC6
:103F80009847636F5B041CD5636F5B0426D40023E2
:103F9000E37023636363226B2262616F514A0A40BC
:103FA0006267616F082291436167616F02229143EA
:103FB0006167574A1370E2695C490320484B984790
:103FC00068E785204000494B1860A278484B1A707A
:103FD0000E225A701968474B9847D8E78520400051
:103FE000424B1860A278424B1A7011225A7019681D
:103FF000404B9847CBE7607800222221404B9847FE
:104000004B490320364B9847636F9B0700D441E729
:10401000626F02239A43626720003B4B98476078A7
:1040200000222221364B9847384903202C4B9847D1
:104030000023E370226BE261616F082291436167A4
:10404000334A1370636F5B0415D5626F254B1340C1
:10405000636785204000254B1860A278244B1A70B6
:1040600011225A701968234B9847E2692F4903209F
:104070001B4B98470EE7852040001C4B18601C4BDB
:1040800004221A700A325A7019681A4B9847ECE7E2
:1040900012490220124B9847626F124B134063671C
:1040A000626F114B13406367852040000F4B18600F
:1040B000A2780F4B1A7011225A7019680D4B98474D
:1040C00037E785204000094B1860094B04221A701D
:1040D0000A325A701968074B98472AE724260100CC
:1040E00039110000FFBFFFFFFF7FFFFFC00B002063
:1040F000A00B00208504000088090020E0260100B4
:10410000E1A900009425010065A400003C24010001
:10411000E40B0020DC250100551C000054260100A2
:104120008C0F0100991A00000424010038250100B9
:104130009826010010B508495420084CA0470849AA
:104140005120A04707493520A04707493720A047FD
:1041500006495520A04710BDC93400005167000032
:10416000C5340000B1290000BDA30000E1A3000098
:1041700070B5051C0C001600002200231E490A60C1
:104180004B601E490A604B60002100201C4B984781
:10419000002E28D0281C1B4B9847010000201A4BEA
:1041A00098471A4B1C601A481A4B98470321002065
:1041B000194B98470022194B1A700132184B1A708C
:1041C000184B1B79002B07D1A333174AD35C002B64
:1041D00002D10122154B1A701548164B9847164804
:1041E000164B984770BD281C064B984701000020CD
:1041F000134B9847D5E7C04620080020B80B002095
:1042000081A20000B5E50000A1A200004C0C002036
:1042100090090020C19D00002DA300003908002056
:10422000880B0020F40B002040080020B00B002079
:10423000D8210020C56A000044220020896A0000BD
:10424000B1A20000F0B5DE4657464E464546E0B501
:1042500095B0A34B9B78002B06D115B03CBC904683
:104260009946A246AB46F0BD00229D4B9A700020B5
:104270009C4B984700280AD000209B4B98479B4BAB
:104280001A78072AE9D89300994AD3589F46032100
:10429000984B9847F0E70020934B9847904DAE69B4
:1042A000EF69954CA04732003B00944EB047944BC9
:1042B0009847C317C01858402E6F6F6FA04701244E
:1042C00032003B008F4DA847002800D10024E4B203
:1042D000002C41D0012CC0D1814B3133FF33186801
:1042E0005968894B9847894B1C685D6822002B00F0
:1042F000874EB047002811D0864B1A6D5B6D864EF5
:1043000020002900B04702000B0080490A604B6082
:10431000824C20686168B04720606160804C7F4BB0
:104320001A685B68226063606D4BF83318685968DF
:10433000754B98476568246822002B00744EB0477F
:10434000002800D189E7200029006D4B9847010023
:104350000020744B984780E70020634B9847604DDE
:10436000AE69EF69644B9A469847644C32003B0053
:10437000A047634B98469847C217831853402E6F47
:104380006F6F0D931800D04732003B00A047EC241C
:104390006400C0472851F8218A46AA44514608685B
:1043A0004968594EB046B0475C4B18605960296F58
:1043B0006A6F0E910F9200225B4B5449086849685E
:1043C0005A4EB0471290139129003131FF310868DD
:1043D0004968C047109011910020554B984783467B
:1043E000564630687168C0472C590A940890099164
:1043F0005C4606941099119A049105921299139AA9
:10440000029103920E9B0F9C009301940D9A4949CF
:104410000320494B9847AA23FF33EA5C002301217C
:1044200091425B41DBB2911E4D424D41D01E414253
:104430004141C8B22B430AD1002808D1043AD2B274
:10444000012A00D909E70122284B1A7005E7022248
:10445000264B1A7001E70020234B9847204DAE6988
:10446000EF69254CA04732003B00244EB047244B57
:104470009847C317C0185840AE6FEF6FA04701248C
:1044800032003B001F4DA847002800D10024E4B2B1
:10449000002C53D0012C00D0DFE6114B0133FF3349
:1044A00018685968184B98471D4B1A685B68184C78
:1044B000A047002800D1D0E6184C144B1A685B685E
:1044C00020686168144DA84720606160144B186033
:1044D00059600B4B984701000020124B9847BCE6EF
:1044E000900900203DA300001DA300003908002012
:1044F000E82101002DA300007D010100A9FA0000C0
:1045000015010100C1DD0000E1040000B80B00202E
:10451000FDDD00001809002021E700002008002030
:10452000800B002081A2000000408F40A9F5000010
:1045300071A2000024270100391100000020C14BA6
:104540009847C14DAE69EF69C04B9A469847C04C39
:1045500032003B00A047BF4B98469847C2178318CC
:104560005340AE6FEF6F0D931800D04732003B0001
:10457000A047EC246400C0472851691CFF318A46DB
:1045800008684968B44EB046B047B44B18605960EB
:10459000A96FEA6F0E910F920022B14BB1490868E2
:1045A0004968B14EB0471290139129003931FF315B
:1045B00008684968C047109011910020AB4B98479C
:1045C0008346564630687168C0472C590A94089053
:1045D00009915C4606941099119A049105921299DA
:1045E000139A029103920E9B0F9C009301940D9AD3
:1045F0009F4903209F4B984702229F4B1A702CE63D
:104600000020904B9847904CA669E7698F4DA847CA
:1046100032003B008E4EB0478E4B9847C317C018F0
:104620005840803426686768A847012432003B0060
:10463000924DA847002800D10024E4B2002C44D0B9
:10464000012C00D009E6804B4133FF3318685968CC
:10465000814B9847834B1C685D6822002B00884E75
:10466000B047002812D0874B1A6D5B6D20002900DF
:10467000774CA04702000B007A490A604B60774CE8
:1046800020686168804DA847206061607F4C734B53
:104690001A685B68226063606B4B0933FF331868EC
:1046A00059686D4B98476568246822002B00784E46
:1046B000B047002800D1D0E520002900654B98477D
:1046C00001000020734B9847C7E500205D4B9847D9
:1046D0005D4CA669E7695D4B9A4698475C4D320090
:1046E0003B00A8475B4B9B469847C2178318534033
:1046F00080229046A0444246166857680D931800E1
:10470000D04732003B00A847EC235B009946D847CE
:104710004B46E050842149008A46A244514608682D
:1047200049684D4EB0474D4B1860596041464A6844
:1047300009680E910F924B4F0022494B38687968F7
:10474000494DA8471290139121004131FF3108686B
:104750004968B047109011910020444B984780461B
:10476000524610685168B0474B46E6580A96089082
:10477000099146460696109D119E0495059612983D
:104780001399029003910E990F9A009101920D9A3C
:1047900041490320374B9847002200233A607B6051
:1047A000AA23FF33E35C594259419A1E54425441B3
:1047B00021431A1F54425441E2B2002915D1002A64
:1047C00013D15A1E54425441D91E4A424A412243EF
:1047D000053B58425841C3B2002A02D1002B00D1F8
:1047E0003BE50422244B1A7037E50322224B1A7052
:1047F00033E50020134B9847134CA669E769134D26
:10480000A84732003B00124EB047124B9847C317DF
:10481000C0185840883426686768A84701243200C9
:104820003B00164DA847002800D10024E4B2002C1C
:1048300034D0012C00D010E500200021094B186075
:1048400059600AE51DA30000900900207D010100C8
:10485000A9FA000015010100E10400002008002071
:1048600000408F40B80B0020A9F5000071A20000A5
:10487000582701003911000039080020C1DD00006F
:10488000D5DD00001809002021E70000800B002082
:10489000FDDD000081A200008C2701000020D04B2C
:1048A0009847D04DAE69EF69CF4B9A469847CF4CA9
:1048B00032003B00A047CE4B9B469847C217831857
:1048C000534088229146A9444A46166857680D937A
:1048D0001800D04732003B00A047EC246400D847C2
:1048E0002851882149008B46AB44594608684968DD
:1048F000C04EB046B047C04B1860596049464A6840
:1049000009680E910F920022BC4BBD4908684968A6
:10491000BC4EB0471290139129004931FF3108680D
:104920004968C047109011910020B74B98478146C5
:104930005E4630687168C0472C590A940890099106
:104940004C4606941099119A049105921299139A63
:10495000029103920E9B0F9C009301940D9AAB4918
:104960000320AB4B98470422AA4B1A7075E4002031
:104970009B4B98479B4CA669E7699B4DA847320023
:104980003B009A4EB0479A4B9847C317C0185840FF
:10499000903426686768A847012432003B009E4D8A
:1049A000A847002800D10024E4B2002C47D0012CF5
:1049B00001D0FFF752FC8B4B5133FF331868596815
:1049C0008C4B98478E4B1C685D6822002B00934EE1
:1049D000B047002812D0924B1A6D5B6D2000290061
:1049E000824CA04702000B0085490A604B60824C54
:1049F000206861688B4DA847206061608A4C7E4BBF
:104A00001A685B6822606360764B1933FF3318685D
:104A10005968784B98476568246822002B007F4EC0
:104A2000B047002801D1FFF718FC20002900704B87
:104A30009847010000207D4B9847FFF70EFC0020AF
:104A4000674B9847674DAE69EF69674B9A46984741
:104A5000664C32003B00A047654B9B469847C21707
:104A60008318534090229146A9444A4616685768D5
:104A70000D931800D04732003B00A047EC2464009F
:104A8000D84728518C2149008B46AB4459460868C9
:104A90004968584EB046B047574B18605960494670
:104AA0004A6809680E910F920022544B54490868D5
:104AB0004968544EB0471290139129005131FF318B
:104AC00008684968C0471090119100204E4B9847E4
:104AD00081465E4630687168C0472C590A94089038
:104AE00009914C4606941099119A049105921299D5
:104AF000139A029103920E9B0F9C009301940D9ABE
:104B00004B490320424B9847AA23FF33EA5C00231A
:104B1000012191425B41DBB2911E4D424D41D01EBD
:104B200041424141C8B22B430CD100280AD1043A7A
:104B3000D2B2012A01D9FFF790FB0522354B1A703A
:104B4000FFF78BFB0622334B1A70FFF786FB002022
:104B5000234B9847234CA669E769234DA8473200A9
:104B60003B00224EB047224B9847C317C01858400D
:104B7000983426686768A847012432003B00264D18
:104B8000A847002800D10024E4B2002C52D0012C08
:104B900001D0FFF762FB134B2133FF3318685968CC
:104BA000144B9847204B1A685B681C4CA0470028A0
:104BB00001D1FFF752FB104C114B1A685B6820685B
:104BC0006168184DA84720606160174B18605960F4
:104BD000074B984701000020144B9847FFF73DFB17
:104BE0001DA30000900900207D010100A9FA00002A
:104BF00015010100E10400002008002000408F4062
:104C0000B80B0020A9F5000071A20000C027010028
:104C10003911000039080020C1DD0000D5DD000099
:104C20001809002021E70000800B002081A200006D
:104C3000F42701000020E04B9847E04DAE69EF6992
:104C4000DF4B9A469847DF4C32003B00A047DE4BD3
:104C50009B469847C2178318534098229146A9440F
:104C60004A46166857680D931800D04732003B003B
:104C7000A047EC246400D8472851902149008B4676
:104C8000AB44594608684968D04EB046B047D04B4F
:104C90001860596049464A6809680E910F920022CF
:104CA000CC4BCD4908684968CC4EB047129013915F
:104CB00029005931FF3108684968C04710901191A7
:104CC0000020C74B984781465E4630687168C047F0
:104CD0002C590A94089009914C4606941099119AFF
:104CE000049105921299139A029103920E9B0F9CC4
:104CF000009301940D9ABB490320BB4B98470622B1
:104D0000BA4B1A70FFF7A9FA0020AB4B9847AB4D8E
:104D1000AE69EF69AA4CA04732003B00A94EB047EC
:104D2000A94B9847C317C0185840AE6DEF6DA04708
:104D3000012432003B00AE4DA847002800D10024DA
:104D4000E4B2002C35D0012C01D0FFF786FAA94B34
:104D50001B78002B25D0A84B186859680022A74B58
:104D6000A74CA047002801D1FFF777FAA54B186D93
:104D7000596D994CA44D22686368A8472060616012
:104D8000934C22686368A847206061609A4B186062
:104D900059608D4B9847010000209C4B9847FFF7C6
:104DA0005CFA9B490320904B98470122914B1A7063
:104DB000D1E70020804B9847804DAE69EF69804B6A
:104DC0009A4698477F4C32003B00A0477E4B9B465B
:104DD0009847C21783185340A0229046A8444246E1
:104DE000166857680D931800D04732003B00A04763
:104DF000EC246400D8472851942149008B46AB44E9
:104E0000594608684968714EB246B047704B186001
:104E1000596041464A6809680E910F9200226D4B15
:104E20006D49086849686D4EB0471290139129008A
:104E30006131FF3108684968D04710901191002016
:104E4000674B984780465E4630687168D0472E5958
:104E50000A9608900991464606961099119A04916F
:104E600005921299139A029103920E990F9A00914A
:104E700001920D9A674903205B4B984700232B5101
:104E8000654B1B78013BDBB2012B07D96348644BB0
:104E900098476248624B9847FFF7DFF90722534B68
:104EA0001A70F6E75C4B1B78012B17D0022B01D050
:104EB000FFF7D3F900205B4B9847524B5C6B5A4B82
:104EC0001C605A4B1B78012B41D0002B1FD0022BAA
:104ED0005DD00122504B1A70FFF7BFF90020514BF3
:104EE0009847484B596B504B1960514B1B78002B1E
:104EF00008D001224F48504B98470222464B1A7067
:104F0000FFF7ABF901224D484B4B9847F5E7484B6B
:104F10001B78002B0FD04A4B186A4A4DA8474A49C4
:104F20004A4B98474A4B98474042A84701222100E4
:104F3000414B9847CDE7424B186A424B984742494C
:104F4000424B9847002221003B4B9847C1E7384B22
:104F50001B78002B0FD03A4B186A3A4DA8473D49B1
:104F60003A4B98473A4B98474042A84701222100C4
:104F7000314B9847ADE7324B186A324B9847354969
:104F8000324B9847002221002B4B9847A1E7284B32
:104F90001B78002B60D02A4B186A2A4DA8472A4953
:104FA0002A4B98472A4B98474042A84701222100A4
:104FB000214B98478DE7C0461DA3000090090020B3
:104FC0007D010100A9FA000015010100E1040000C3
:104FD0002008002000408F40B80B0020A9F50000F9
:104FE00071A20000282801003911000039080020B2
:104FF000C1DD00008C050020800B00200000244053
:10500000E9DD00001809002021E7000081A200006E
:105010005C280100682801000109002044220020CA
:10502000C56A0000B96600004C0C0020840900200D
:1050300012090020004021C671410000854221462E
:10504000F40B0020F5E50000269349477DE20000BF
:10505000B5E500002693C947054B186A054B9847EC
:105060000549064B984700222100054B984730E739
:10507000F40B0020F5E50000269349477DE200008F
:105080007141000010B5364B1B684C229A5C022A15
:1050900010D00020334B9847C317C0185840182829
:1050A00003DC314A1368013313602F4B1B68312B2B
:1050B0000BD810BD6E329B5C002BEAD02B4B98476F
:1050C0002B4B1B78002BE4D1F3E70024264B1C600C
:1050D0000020244B9847274B1860254B1C70264B0B
:1050E0001C70264B1C70A123254AD4541C4B1B68F2
:1050F0004C229A5C022A16D085204000214B186071
:10510000214B01221A7010325A7019681F4B9847B0
:105110001F48204B9847204B1B78022B15D01F4867
:105120001F4B9847C5E76E329A5C002AE4D00022F4
:1051300070215A5424395A54596F1A4A0A405A67EE
:1051400019490320194B9847D6E70422184B1A70C7
:105150001248184B98470122074B1A70A9E7C0461E
:1051600004000020EDA20000440C00207D3400006B
:10517000B00B0020EC080020880B0020FF08002066
:1051800040080020C00B0020A00B00208504000078
:10519000D4280100C1B800000109002044220020E9
:1051A000C56A0000FFFBFFFF9C28010039110000C9
:1051B0009C0B0020896A0000F0B5CE46474680B5BA
:1051C00083B0644B1B68002B6ED0634A13780221B6
:1051D0008B4313700020614B984705005D4B1B68A3
:1051E0001C6900205E4B9847060000205D4B9847E5
:1051F000022803D0022100205B4B98475B4B984765
:105200005B4B1860534B1B685A6F520502D55B6F9E
:10521000DB044ED54F4B1B689A6A002A12D0554AC0
:105220005278002A0ED05A6F52050BD4514A526858
:10523000921BD11752184A40996A8A4202D35B6F77
:10524000DB0439D430004C4B98474A4B5B78002B39
:105250004AD0A54259DD2000484B9847041C454BD5
:105260009D68291C464B9847002815D0454B1E6C5D
:105270005F6C281C444B984732003B00434DA847C5
:10528000434B9847011C3B4B9860201C3C4B984774
:10529000002801D0374B9C60364B98683D4B9847AF
:1052A000010000203C4B984703B00CBC9046994647
:1052B000F0BD3A4B9847ADE7394B9847394B1A68E0
:1052C00001321A602B4B99465B689B1B2149096888
:1052D000896AD8171B184340009133490320334F84
:1052E000B8474B465E60ADE7224E2800234B9847F7
:1052F000B06000201A4B98477060FA2189000020A6
:105300002B4B984701237370A3E7A542CCDA20000A
:105310001A4B9847041C174B9D68291C254B98472E
:105320000028B9D0174B1E6C5F6C281C164B984791
:1053300032003B00204DA847154B9847011C0D4BF0
:105340009860201C1B4B98470028A5D0094B9C60F7
:10535000A2E7C046040000202C0C002071A200002F
:105360001DA300003DA300002DA3000099A0000094
:10537000340800208C050020A92C0000F5E5000071
:1053800035DE00001809002071020100A9FA0000B2
:1053900015030100B5E5000091A200007D34000076
:1053A000513100003008002034290100391100007B
:1053B00081A200005DDE000021E7000010B50CE0D6
:1053C0000278084B9A62074B1B7E5B07FBD5054BA7
:1053D0009B6A0B70013101302200541EE4B2002A96
:1053E000EED110BD0004004210B50CE00278084B6D
:1053F0009A62074B1B7E5B07FBD5054B9B6A0B70C4
:10540000013101302200541EE4B2002AEED110BD59
:105410000010004270B5C024E40580256D0394237C
:10542000E550D2B2024B98479823E550012070BD59
:10543000E953000010B582B0040001A805230370F1
:1054400000234370837003220449054B98470028CA
:1054500002D0024B5B78237002B010BD980500208B
:105460001554000010B582B06B46DC1D2000034BC4
:1054700098472378DB07F7D402B010BD35540000FD
:1054800000B583B001A80623037001220449054B2F
:105490009847002802D0002003B000BD0338FBE786
:1054A000980500201554000000B583B001A89F2383
:1054B0000370002343708370C37004220649074BB6
:1054C0009847002805D0044A5178054B1972D278C4
:1054D0005A7203B000BDC046980500201554000064
:1054E0009806002010B50E4B9847002817D00D4A9B
:1054F0000D4BDA60002203E008330B49CB60013228
:10550000052A0BD8084B1C7ADB6819798C42F3D139
:1055100005494C7A59798C42EED100E0002010BD4B
:10552000A9540000482901009806002000B583B066
:10553000044B9847002801D103B000BD01A8024BDD
:105540009847F9E7E55400003554000070B582B083
:1055500004000D0016000F4B9847002803D00024CC
:10556000200002B070BD01A803230370230C437018
:10557000230A8370C4702A1D92B20749074B9847CB
:10558000041EEDD02A00044904313000044B984732
:10559000E6E7C04665540000980500201554000059
:1055A000C9AE0000F0B5DE4657464E46C0B582B0E3
:1055B00005000F00160021E001A8022303702B0C48
:1055C00043702B0A8370C5702D193F1BC023DB0568
:1055D000994680235B039A4694234A465146D1500C
:1055E00004221549154B9B469847E2B212493000F8
:1055F000D84798234A465146D1503619002F10D02B
:105600000F4B9847002813D10E4B9847002811D113
:10561000FF242C4080235B001C1BA742CCD23C0003
:10562000CAE7012002B01CBC91469A46A346F0BDD1
:105630000020F7E70020F5E798050020E953000077
:105640006554000081540000F0B585B00C1E60D098
:10565000002803D1802149002F4B19600F236B4490
:1056600018700E2169440A702B4A10681A00012133
:105670002A4B9847002802D1022005B0F0BD0F2325
:105680006B441B78244D2A68009325490320254E3E
:10569000B0472B68581C28600E226A4401211F4B1A
:1056A0009847002801D10220E7E70E266E443378A0
:1056B000194D2A6800931C4903201A4FB8472B68DC
:1056C000581C286031782200144B9847002801D1DB
:1056D0000220D2E70E236B441D786A1ED2B200234B
:1056E00005E0A15CD00081400B43013AD2B2AA424E
:1056F000F7D3094C226800930C490320094DA847B1
:105700000E236B441B782268944663442360002078
:10571000B3E70120B1E7C046700B0020A55500009B
:105720007829010039110000B0290100E8290100A1
:10573000F0B583B006000C00171E6AD000296AD0AD
:1057400000251B2D60D8364B186822000121354BEF
:105750009847002861D02378B3421CD0304B1A6898
:10576000501C1860621C01212E4B98472378FF2B98
:105770002CD06378FF2B29D02948026894466344D3
:1057800001330360A21C0023A37061780068254BDD
:1057900098470135D5E7224D2B683B6001233B71CB
:1057A0002B68581C2860621C01211E4EB0472B68D4
:1057B00001332B60A71C0422002138001A4B9847A4
:1057C000617828683A00B047002020E0174903209C
:1057D000174B9847124B1A680223FF339A4201D0A5
:1057E000052014E0802252000D4B1A60002501951F
:1057F000FC3A01A900200F4CA0470195022201A903
:105800000120A047052002E000233B71052003B0E2
:10581000F0BD0120FBE70120F9E70320F7E7C046D0
:10582000700B00204D550000DBAE0000242A010063
:10583000391100004956000070B584B0040008001A
:105840001500002C38D0002A38D0802252001C4B82
:105850001A602A0021001B4B9847002806D11A4BDA
:105860001B685E78731EDBB200210FE000232370FB
:105870006370A370E37023716371A36018E0E21892
:105880009278D80082401143013BDBB2B342F6D399
:10589000A160227863780391029101930093130031
:1058A0000A4903200A4EB0472B79002B02D103206E
:1058B00004B070BDA068FBE70120F9E70120F7E71D
:1058C000700B0020315700001C000020D02A01007E
:1058D00039110000FEE7000010B5104A104B9A4243
:1058E00009D00F4B0D4A03E01168196004330432EC
:1058F0000C498B42F8D30C4B02E000221A600433AF
:105900000A4A9342F9D30A4AFF210A4B8B43936018
:10591000094B9847094B9847FEE7C046603C010099
:105920000000002048020020500200202426002011
:1059300000ED00E00000000081AE00001D8C0000C2
:1059400010B5094AD1698023DB010B43D3614121A2
:10595000FC23064AD150064B9847020005490648E9
:10596000064B984710BDC04600080040001C004090
:10597000F589000000380042D8210020456A000067
:1059800010B5094AD16980235B020B43D3614121E1
:1059900080235B00054AD150054B9847020005491A
:1059A0000548064B984710BD00080040001C004009
:1059B000F58900000040004244220020456A0000B2
:1059C000022182235B00C022D205D1508222D2055F
:1059D00024330B49D150C0210906D1504221FF3157
:1059E000535C012083430343DBB253541139535CAE
:1059F0000F20034010200343DBB253547047C046CE
:105A000002000040054AD16980239B020B43D36109
:105A1000402182235B00024AD150704700080040B9
:105A2000001C004010B5064B9847064B9847064BA4
:105A30009847020005490648064B984710BDC046E6
:105A4000055A0000C1590000E973000000440042FB
:105A5000D0210020D5630000F0B5DE4657464E4603
:105A60004546E0B583B0412188238D4AD1508D4A07
:105A700051698023DB000B435361C026F605802368
:105A80009B029B4673608223DB05874D9D62874A9C
:105A90009A625127DA5D04208243DA55DC5D0121E8
:105AA0008C4301221443E4B2DC55193FDC5D0E3215
:105AB00091461440DC558022D20272609D627C4A7D
:105AC0009A621A37DC5D8443DC55DC5D8C4301222D
:105AD0001443E4B2DC55193FDC5D4A469443DC557F
:105AE0008024240374609D62724C9C624432904610
:105AF0009C5C84439C549C5C8C43523A1443E4B2B7
:105B000042469C54DC5D4A461440DC557532924650
:105B10008024A403B4506F37DD51674ADA51D5228F
:105B200090469C5C84439C549C5C8C43D43A1443C4
:105B3000E4B242469C541B3A90469C5C4A46144050
:105B400042469C54802424045246B450DD515B4CA0
:105B5000DC512F37DC5D8443DC55DC5D8C43833ABC
:105B60001443E4B2DC551C3FDC5D4A461440DC556E
:105B7000F532904680246402B450942464001D5190
:105B80004F4F1F514C3292469F5C87439F549F5CFE
:105B90008F43503AFF3A1743FFB252469F54183A88
:105BA0009A5C4F46BA432A37FF37DA5542465F467A
:105BB000B7501D513D4A1A515222FF3293469A5C0A
:105BC000824392465A4657469F549A5C8A4301271D
:105BD0003A436F46FA71FA7992465A4657469F54AD
:105BE000193A9A5C4F463A402A37FF37DA5542460F
:105BF0008027FF02B7501D512D4A1A51A922520089
:105C000092469F5C87439F549F5C8F43523AFF3A72
:105C10001743FFB252469F543A22FF3292469F5C8E
:105C20004A46974352469F5480277F034246B750C7
:105C30001D51244F1F51503292469F5C87439F5401
:105C40009F5C8F43543AFF3A1743FFB252469F542A
:105C50001A3A93469A5C4F46BA435F46DA55424633
:105C60008027BF03B7501D51134A1A515624FF34E1
:105C70001D5D85431D55185D884301220243D2B244
:105C80001A555A469A5C49460A4059465A540E4B90
:105C9000984703B03CBC90469946A246AB46F0BD3F
:105CA000001C00400008004000000240020002C04A
:105CB000040002C0080002C0200002C0800002C030
:105CC000010002C0100002C01D670000F0B5C6460A
:105CD00000B5C022D2051023536193608223DB05F7
:105CE00024499962C02109068C4699624420195CB6
:105CF0000127B94301263143C9B219543221585CF6
:105D00000F25A8430324A04644462043C0B258545C
:105D10002020506190601848986260469862452043
:105D20008446185CB8433043C0B264461855585C8A
:105D3000363C20403024A44664462043C0B2585428
:105D40000E3151600D4A9A620D4A9A624622995C60
:105D5000042081439954995CB9433143C9B29954A1
:105D600033215A5CAA4340460243D2B25A5404BC7F
:105D70009046F0BD1000004020000040400002406E
:105D8000000002C0064B4021CC2299500331043A56
:105D90009950044AD36941390B43D3617047C046D7
:105DA000001C004000080040064B4021D0229950C2
:105DB0000331083A9950044AD3693F390B43D36100
:105DC0007047C046001C00400008004030B58223E8
:105DD000DB054022995C0125A94301242143C9B276
:105DE00099543020195C313A914303221143C9B2CE
:105DF000195441215A5CAA432243D2B25A541A5C24
:105E000032390A4030210A43D2B21A5430BD000060
:105E100010B582B0064B9847002300931033054A13
:105E200005490648064CA047064B984702B010BDEE
:105E3000A95D0000A806002000080042F42100200F
:105E40001D6D0000CD5D0000F0B5C64600B5C02454
:105E5000E4058023DB0363608223DB05244A9A6226
:105E6000244A9A6256215A5C042082435A545A5C4E
:105E7000033880468243844660460243D2B25A5475
:105E80003B27DA5D47398A4302210A43D2B2DA5509
:105E9000802212046261A2608021C9059962164ABB
:105EA0009A6257201A5C4546AA4365462A43D2B2F5
:105EB0001A54D85D0F26304020252843C0B2D8554B
:105EC000802292046261A26099620C4A9A6259220D
:105ED000995C4046814360460143C9B299543C21D4
:105EE0005A5C32402A43D2B25A5404BC9046F0BDA8
:105EF00000000240400002C0800000C0000200C05C
:105F0000064B4021D82299500331103A9950044A47
:105F1000D36933390B43D3617047C046001C00403E
:105F200000080040054B4021E42299504320043AE8
:105F30009850034AD3690B43D3617047001C00405B
:105F40000008004030B58223DB05D022995C012592
:105F5000A94301242143C9B29954B820195CC13A1C
:105F6000914302221143C9B21954D1215A5CAA4368
:105F70002243D2B25A541A5CC2390A4020210A4341
:105F8000D2B21A5430BD30B58223DB05A6225200AE
:105F9000995C0124A14301200143C9B29954163AE6
:105FA000995C0F25A94302252943C9B29954502170
:105FB000FF315A5CA2430243D2B25A543821FF3116
:105FC0005A5C0F20024020200243D2B25A5430BD06
:105FD000064B40219422520099500331603A995067
:105FE000034A136A41390B4313627047001C004097
:105FF0000008004010B5054B9847002204490548A9
:10600000054B9847054B984710BDC046D15F00002F
:10601000000400439C2100206D6F0000875F00009A
:106020008222D2054A21535C012083430343DBB221
:1060300053541539535C0F20834304200343DBB2D0
:1060400053547047054AD16980239B010B43D361A8
:106050004221F823024AD1507047C0460008004050
:10606000001C004010B5064B9847064B9847064B5E
:106070009847020005490648064B984710BDC046A0
:106080004560000021600000F989000000340042F2
:1060900080210020D5680000034A516980235B00FD
:1060A0000B4353617047C0460008004010B5064BD3
:1060B0009847482205490120054B98470548064B5B
:1060C0000360064B984710BD9960000094050100DD
:1060D00015700000D421002000200040758B0000C6
:1060E00030B58223DB05CF22995C0125A943012429
:1060F0002143C9B29954B720195CC03A11406022BB
:106100001143C9B21954CE215A5CAA432243D2B2D8
:106110005A541A5CBF398A4306210A43D2B21A5430
:1061200030BD000010B5084A116980239B000B4365
:1061300013614021EC23054AD15005490548064B1F
:106140009847064B984710BD00080040001C0040CF
:1061500000200042A821002029650000E160000025
:10616000F8B5DE4657464E464546E0B5794B98476A
:10617000C022D2050823936193608223DB05764910
:106180009962C02424069C624325595D0120814305
:106190005955802151619160704DAA469D629C6263
:1061A0004727DD5D8543DD558025AD005561956050
:1061B0006B4DA9469D629C624925AC465D5D854359
:1061C00066469D558025ED0155619560654D9D6242
:1061D0009C624E25AC465D5D854366469D55802597
:1061E0002D0255619560604D9D629C624F25AC46C5
:1061F0005D5D854366469D559825A8465151103DE5
:10620000AB465151283155465D505C50C7255E5D07
:1062100086435E559426393595515F46D551534D89
:106220005D505C50C825AA465D5D8543AC46554629
:1062300067465F553935FF3595515D468027BF006C
:1062400057514D465D505C50C9255F5D87435F5592
:106250008027FF0097515D465751454F5F505C5076
:1062600042355F5D87435F55842780252D01A94610
:10627000D551404D5D50404D5D504D46D551CB25DB
:10628000AC465F5D0425AA4655462F43FFB26546DE
:106290005F5545464F46575165465F5D87435F559D
:1062A00080277F0197515D465751344F5F505C50B6
:1062B000CC27DC5D8443DC55802424039451545165
:1062C0008024E4055C502E4F5F504B355F5D874363
:1062D0005F5580277F03454657515D4657515C50B7
:1062E000284F5F504C355F5D87435F5594515D4645
:1062F00054515C50244A5A5036315A5C82435A54A5
:10630000224B9847224B9847224B9847224B98475D
:10631000224B9847224B9847224B9847224B98474D
:10632000224B9847224B9847224B9847224B98473D
:10633000224B9847224B9847224B9847224B98472D
:10634000224B9847224B98473CBC90469946A24620
:10635000AB46F8BDC5780000080000408000004052
:10636000000200400040004000800040000100406A
:106370000004004000080240000002C0001000407D
:10638000080000C0100000C0004000C0255A0000F6
:10639000595A0000855D000055830000CD5C000067
:1063A000115E0000015F000029840000495E0000CA
:1063B000255F0000758A0000455F0000F55F000062
:1063C000656000004159000081590000AD60000087
:1063D0002561000070B504000D0000280DD00029D3
:1063E00009D0012039220649064B98472900200090
:1063F000054B984770BD0020F4E70020F2E7C04647
:10640000182B0100157000006173000070B50400C6
:106410000D00431E9841C0B24E220449044B9847D8
:1064200029002000034B9847002070BD182B010065
:106430001570000099730000F8B5CE46474680B548
:1064400006000D009046994600281AD0002A1AD05E
:106450004B46002B19D1002067221C491C4FB8471E
:10646000340030001B4B98470100060048461A4B89
:10647000984748424841C0B269221449B8470027AA
:1064800009E00020E8E70020E6E70120E4E7BF1983
:10649000BFB2B94515D92000104B984729002000FC
:1064A0000F4B98470028F9D0290020000D4B984742
:1064B0004346D855012EEAD97B1C000A4246D054E7
:1064C000E5E738000CBC90469946F8BD182B010052
:1064D00015700000AD730000A1790000CD730000BD
:1064E000C3730000E1730000EFF31083036072B622
:1064F000BFF35F8F7047BFF35F8F036883F310882C
:10650000704710B5C369002B00D0984710BD10B577
:10651000036A002B00D0984710BD10B5436A002BCA
:1065200000D0984710BD000070B504000D00002891
:1065300015D0002911D0012041220A490A4B984761
:1065400029002000094B9847002805D1084B6360BB
:10655000084BA360084BE36070BD0020ECE700200F
:10656000EAE7C046342B010015700000ED7300000F
:10657000036500000F6500001B65000010B50400F6
:10658000431E9841C0B25C220349044B9847200047
:10659000034B984710BDC046342B01001570000016
:1065A000F974000070B504000D0000280DD000291A
:1065B00009D001206E220649064B98472900200089
:1065C000054B984770BD0020F4E70020F2E7C04675
:1065D000342B0100157000000975000070B504002F
:1065E0000D0000280DD0002909D00120772206498E
:1065F000064B984729002000054B984770BD0020A6
:10660000F4E70020F2E7C046342B010015700000CB
:10661000C975000070B506000D001400431E9841B6
:10662000C0B281220C490D4B9847012D10D0002D8E
:1066300004D0022D0ED00D20404208E03462621ECC
:106640009441E2B229003000054B9847002070BD0C
:10665000F461F4E77462F2E7342B01001570000076
:1066600025770000F8B504000D0016001F00431E3A
:106670009841C0B2B8220549054B98473B0032000B
:1066800029002000034CA047F8BDC046342B010070
:10669000157000007177000010B5044B1C68044BA6
:1066A000984701002000034B984710BDB806002012
:1066B00089780000BD78000010B5044B1C68044BBD
:1066C000984701002000034B984710BDB8060020F2
:1066D000A1780000BD78000070B50A25002407E00D
:1066E0000D4AB358002B00D0984770BD013AD5B27F
:1066F000AC42FAD82B195B10DAB2092AF5D8FF217F
:106700000B40DE000449891949688142E8D0EDD286
:106710000132D4B2ECE7C046BC06002010B500231D
:1067200009E0084AD900501801246442446000205E
:10673000885001339BB2092BF3D90348034B984788
:1067400010BDC046BC060020D9660000F97C0000E0
:10675000F0B5D6464F464646C0B584B00023092B57
:106760000DD8DC00334A12195268824202D001333C
:10677000DBB2F4E72F4BE15001239A4601E00023FE
:106780009A4600290CD05346002B41D1092B13D82F
:10679000DA00284D5259002A08D00133DBB2F5E760
:1067A0005346002B40D0244B984737E0DC00615122
:1067B0002C19606001229246002201E00132D2B21F
:1067C000092A25D8092B23D801931A49DC000C1972
:1067D0006768D400091949688F42EFD24C1CEDD08C
:1067E00002A98C46134FD400A0463C19664622CC21
:1067F00022C60199C9008946414679184C463C1980
:1068000060CC60C13D004D44614650C950C5D5E7DC
:106810005346002B0BD00121074B984704B01CBCFA
:1068200090469946A246F0BD0D204042F6E70D2065
:106830004042F3E7BC060020C17D000010B50121F5
:10684000014B984710BDC046C17D000070B50400E3
:106850000D00160000280ED000290AD00120342295
:106860000649074B984723683200290020009847C3
:1068700070BD0020F3E70020F1E7C046502B010077
:106880001570000070B504000D00160000280ED031
:1068900000290AD001203D220649074B984763682A
:1068A000320029002000984770BD0020F3E7002047
:1068B000F1E7C046502B01001570000010B5436988
:1068C000002B00D0984710BD10B58369002B00D075
:1068D000984710BD70B504000D00002812D00029A3
:1068E0000ED0012033220849084B98472900200088
:1068F000074B9847074B2360074B6360002070BD30
:106900000020EFE70020EDE7642B01001570000088
:10691000B1870000BD680000C968000010B5040020
:10692000431E9841C0B24A220749084B98472000AD
:10693000074B9847002804D12000064B98470020B9
:1069400010BD11204042FBE7642B010015700000D0
:10695000E38900002B89000070B504000D001600CB
:10696000431E9841C0B27C220449054B984732002F
:1069700029002000034B9847002070BD642B0100C4
:106980001570000051890000F8B50668002E02D08D
:10699000330000250CE0104B984718E09F68BC4678
:1069A0006444A41A01348F68BC420BD21D001B68DA
:1069B000002B07D05C689442F0D8A41A9F68BC46AC
:1069C0006444F0E7B34203D02800044B9847F8BD75
:1069D000014B9847FBE7C04635700000617000002E
:1069E000F8B50500446903695E1C0661037EDB0798
:1069F00002D4037E9B070AD52B7E02221343DBB20F
:106A00002B76F8BD6F69E368200098473C00002CA6
:106A1000F7D06368F31AA2689342F2D32F001437B9
:106A20003800064B9847237C012BEBD1666032007F
:106A300021003800024B9847E4E7C0466970000027
:106A40008969000070B504000D00002812D00029EB
:106A50000ED001203B220849084B9847290020000E
:106A6000074B984700232361064B2360002070BD2D
:106A70000020EFE70020EDE77C2B010015700000FF
:106A8000F9850000E169000010B50400431E98413B
:106A9000C0B253220749084B98472000074B98473C
:106AA000002804D12000064B9847002010BD11207B
:106AB0004042FBE77C2B010015700000D1890000EB
:106AC0001989000010B50400431E9841C0B261222C
:106AD0000749084B98472000074B9847002804D0E7
:106AE0002000064B9847002010BD11204042FBE7D4
:106AF0007C2B010015700000D18900003D89000049
:106B000070B582B004000D00002826D0002922D0E4
:106B100001207A221F49204B9847237E01221343EC
:106B2000DBB2237626001436290030001B4B984731
:106B3000002814D123696B60226929003000184BAA
:106B40009847237E012293432376237E9B0712D40A
:106B5000002002B070BD0020DBE70020D9E7237ED3
:106B60000122934323767E320A4900200A4B98473C
:106B700012204042EDE701A80A4B9847237E0222EB
:106B8000934323762000084B984701A8074B98476A
:106B90000020DEE77C2B0100157000001D70000056
:106BA00089690000E9640000FD890000F7640000C5
:106BB00010B5083800230363436A002B00D09847C0
:106BC00010BD10B5083800230363C36A002B00D042
:106BD000984710BD10B504002C30044B9847236A29
:106BE000083C002B01D02000984710BD1571000013
:106BF00070B504000E00150000281DD000291DD01E
:106C0000002A1DD100203C22FF321049104B98472A
:106C10004423E25A0833E35A9A4213D1A6644C2320
:106C2000E5520022083BE252433B23632000083038
:106C3000084B9847280070BD0020E4E70020E2E7F9
:106C40000120E0E71C204042F5E7C046942B0100FC
:106C500015700000A382000070B504000200083A1D
:106C60004423D35A4C21525A93420DD00200016C56
:106C7000083A5D1C44201552C95C2000044B98471B
:106C80002000044B984770BD034B9847FBE7C04674
:106C900071820000A3820000AB820000F0B585B0D5
:106CA00004000D001600002817D0002917D0002A74
:106CB00017D10020AC2252001249134B984703A869
:106CC000124B9847343420000194114B9847070029
:106CD00003A8104B984700240BE00020EAE70020AF
:106CE000E8E70120E6E70134A4B2691801980A4BED
:106CF00098472100A74201D9B442F4D3200005B03F
:106D0000F0BDC046942B010015700000E96400003E
:106D100055710000F7640000C9700000F8B5040068
:106D20000D0016001F00002826D0002926D0002ABA
:106D300026D0002B26D100203A221549154B984722
:106D4000200034303A003100134B984700281BD103
:106D5000200008302900114B984700280BD1104B18
:106D60006360104B2360104BA360104BE360104B2B
:106D70002361104B6361F8BD0020DDE70020DBE7F5
:106D80000020D9E70120D7E70D204042F3E7C046B5
:106D9000942B0100157000007D700000B981000087
:106DA0009D6C0000F16B0000596C0000D56B000079
:106DB000B16B0000C36B000010B50400431E984186
:106DC000C0B261220449054B984720000830044BAB
:106DD0009847002010BDC046942B0100157000009C
:106DE0005782000070B504000D0000280BD0002968
:106DF00007D0012077220549054B98472C600020D9
:106E000070BD0020F6E70020F4E7C046942B010097
:106E10001570000070B505000E001400431E984167
:106E2000C0B283221649174B9847012E11D0002E6D
:106E300004D0022E18D00D20404209E0AC62621E40
:106E40009441E2B22800083001210F4B98470020FE
:106E500070BD6C62621E9441E2B2280008300221CB
:106E6000094B98470020F3E7EC62621E9441E2B2BE
:106E7000280008300321044B98470020E8E7C0466B
:106E8000942B010015700000B5820000F8B50500D4
:106E90000E001700002823D0002923D0002A23D178
:106EA0000020F1221149124B98472C000834200091
:106EB000104B98470028F8D00025715D20000E4B3C
:106EC000984720000B4B98470028FAD00135BD4267
:106ED000F3D32000094B98470028FAD02800F8BDCA
:106EE0000020DEE70020DCE70120DAE7B42B010018
:106EF0001570000081820000698200008B82000012
:106F0000F8B5CE46474680B5051E884691461FD047
:106F100000291FD0002A1FD10020862252000F49CD
:106F20000F4B984700262C00083420000D4B984743
:106F30000028F8D043469F1920000B4B9847387023
:106F400001364E45EFD330000CBC90469946F8BD53
:106F50000020E2E70020E0E70120DEE7B42B01009B
:106F600015700000978200007982000070B504005F
:106F70000D00002814D0002910D001203422094926
:106F8000094B9847200008302900084B98470028F3
:106F900003D1074B6360074B236070BD0020EDE712
:106FA0000020EBE7B42B0100157000008D8100007C
:106FB000016F00008D6E000010B50400431E984163
:106FC000C0B253220449054B984720000830044BB7
:106FD0009847002010BDC046B42B0100157000007A
:106FE0004582000070B504000D0000280BD0002978
:106FF00007D0012069220549054B98472C600020E5
:1070000070BD0020F6E70020F4E7C046B42B010075
:1070100015700000002800D100BE70470368002BE7
:1070200003D08B4203D01B68F9E700207047012092
:10703000FCE7000070B504000D00064B98470123E3
:107040005840C0B239220449044B984723682B604A
:10705000256070BD1D700000D02B01001570000070
:1070600003680B60016070470368002B03D01A6847
:107070000260180070470020FCE7000070B50400B3
:107080000E001500002812D0002912D0002A12D1BB
:10709000002028220A490B4B98476B1E2B420CD12B
:1070A00063600023A360E3602660002070BD0020C1
:1070B000EFE70020EDE70120EBE70D204042F5E788
:1070C000F02B01001570000070B504000D000028C1
:1070D00016D0002912D0012040220C490C4B9847B1
:1070E000A368E2689A420DD0626813402268D35CBC
:1070F0002B70A3680133A360002070BD0020EBE774
:107100000020E9E70A204042F7E7C046F02B0100E3
:107110001570000070B504000D00431E9841C0B208
:1071200051220A490A4B98476368E2681340226873
:10713000D554E368A2689A1A61688A4201D9591A3B
:10714000A1600133E360002070BDC046F02B010058
:107150001570000010B50400431E9841C0B26722AC
:107160000349044B9847E068A368C01A10BDC046A5
:10717000F02B0100157000000300064A1268002A77
:1071800004D0044A1068C318136070470249014ACA
:107190001160F6E70C07002028460020012040423D
:1071A000704780239B014B6000207047012070478F
:1071B00000207047024B9C466044800AC0B2704772
:1071C00000BCFFBD30B5524B984200D188E0514B16
:1071D000984200D18FE00022038CDB0714D4038C8B
:1071E0009B07FCD103789B0709D503780224A343AE
:1071F0000370038C9B07FCD1038C9B07FCD40123F9
:107200000370038C9B07FCD1038CDB07FCD48285C5
:10721000CA00521A9400404B1B199A784270DA78CF
:1072200082701A79C270DB880381038C5B05FCD104
:10723000CB005B1A9A00384B9B181B894381038C47
:107240005B05FCD1CB005B1A9A00334B9B189B7AF1
:107250000373038C5B05FCD1CB005B1A9A002E4BA9
:107260009B18DB7A4373038C5B05FCD1CB005B1A64
:107270009A00294B9B189B89C381038C5B06FCD425
:10728000CB005B1A9A00244B9B18DB890382038C8A
:107290001B06FCD4CB005B1A9A001F4B9B181B8A61
:1072A0004382038CDB05FCD4CB005B1A9A001A4B9B
:1072B0009B185B8A8382038C9B05FCD4164ACB0007
:1072C0005D1AAC0025001419247D04770024846223
:1072D000521953780370038C9B07FCD1002030BDFA
:1072E0000E4B1B681A02E024E4001440DB0807225E
:1072F0001A40224370E7094B1B689A091202E024E6
:10730000E40022405B0A072423401A4364E7C04696
:107310000044004200480042142C0100206080001C
:1073200010B50B4B984702000020002806D08D2294
:1073300008490020084B9847002010BDC3001B1AC5
:107340009900064BCB5C9A42F7D00130C0B2ECE713
:10735000B5710000302C010015700000142C0100E4
:1073600070B505000C00431E9841C0B2DD220649ED
:10737000064B98472C602000054B984701002000E1
:10738000044B984770BDC046302C010015700000BA
:1073900021730000C57100000268137802210B43BD
:1073A000DBB21370138C9B07FCD1704703685A89BA
:1073B000120903231340032B01D002207047012040
:1073C000FCE7036898790123184070470268137E30
:1073D00002210B43DBB21376138C5B05FCD17047A3
:1073E0000368988C80B2704700207047F0B5016048
:1073F0008B69012213438B6103689A69D207FBD51D
:107400009A69022422439A61334B99420FD0026851
:10741000936902218B4393610268936901398B431D
:10742000936103689B69DB07FBD40020F0BD2B4B05
:107430001A0001C22A49816101688C698C61016866
:1074400000248C600168274DCD610168264DCD6018
:10745000264D2D042D0C802189020D43A02607689E
:10746000BD51BC25066874510C3506687451204D19
:107470002D042D0C8026B6043543C0260768BD5167
:107480001204120C0A43F02506687251703D28223E
:10749000066872511A0014321204120C0A43842630
:1074A0000768BA511C331B041B0C0B43882201686C
:1074B0008B5090230268D4500E4B802252025A51B6
:1074C000BFF34F8FBFF36F8FC02149005A501A602E
:1074D00003680122DA659AE70020004210070020C5
:1074E00024000020070A0206330A00008022002040
:1074F0006022002000E100E00268936901218B43D3
:107500009361002070470000F0B5CE46474680B535
:1075100085B080460368A4229A58520645D0A4221A
:107520009C58240A653A1440A146234A93422ED01F
:107530000023002B3CD01A6852002CD400224A733E
:107540001A68D200520D0A601A6892002AD46A465C
:107550001A486E46B0C8B0C600683060586800036C
:10756000000F125C0A73886808331900144B98479F
:1075700043461968A8228B583F2083434C461C433E
:107580008C50002005B00CBC90469946F0BD2301FC
:107590000C4A9B18CDE701224A731A68D200D20820
:1075A0000A60D1E701220A71D1E70A204042E9E7E7
:1075B0001C204042E6E7C04600200042482C010063
:1075C000C9AE00008022002070B505000368C42207
:1075D0009A58920200D593E0C4229858000CA53A1C
:1075E00010404A4A93423AD00020002800D18AE055
:1075F0004B7B012B37D00B689B0403600A7B082A66
:1076000039D844680F2313401B04414A14402343D4
:1076100043602B689B691B0A0124426823405B0579
:107620003C4E3240134343602B689B695B0A4268BF
:1076300023401B05384E32401343436008308B68AB
:107640000A7B1900354B98472968C423CA58120C85
:10765000A53B13409C40D023CC50002070BD0001BE
:107660002F4BC018C1E70B68036002688023DB055D
:1076700013430360C2E70C2A07D84268244B1A4020
:1076800090231B0313434360C3E7102A07D84268C3
:107690001F4B1A40A0231B0313434360B9E7142A6E
:1076A00007D842681A4B1A40B0231B0313434360A8
:1076B000AFE7182A07D84268154B1A40C0231B03AE
:1076C00013434360A5E7202A07D84268104B1A40AD
:1076D000D0231B03134343609BE7302A07D842683B
:1076E0000B4B1A40E0231B031343436091E7402AEE
:1076F00000D98EE74268F0231B031343436088E7F9
:107700001C204042AAE71C204042A7E7002000427C
:10771000FFFFF0FFFFFFDFFFFFFFEFFFC9AE00003D
:107720006022002010B5002909D001290ED00229BD
:107730000BD10268536D0C490B40536505E001689D
:107740004B6D012083431A434A6510BD01684B6DA0
:10775000064C234052021A434A65026801214942FD
:10776000E023D150F1E7C04601020000FFFDFFFF1A
:1077700030B584698800E568AC4660442469C90076
:107780006118002A1DD1002B19D05A6802601B68AD
:1077900002685B055B0917490A40134303600368ED
:1077A0009B009B08802212061A4302600268124B5B
:1077B0001A4080231B0513430360002030BD036083
:1077C000FBE7012AF9D1002B12D01A680A600A6877
:1077D000D200D20880208005104308605B684B60AF
:1077E0004B689B009B08802212061A434A60E4E71C
:1077F0000B60E2E7FFFF00F8FFFFFFC770B51A4B11
:107800001D682B681C6DE30714D4A30516D4A301CF
:1078100018D4E3011BD4230207D5EB682A68526C05
:10782000920619D5022128009847230716D42B6801
:107830001C6570BD2800AB689847E6E728006B68B8
:107840009847E4E703212800EB689847E1E7002127
:107850002800EB689847DEE70121E4E704212800CF
:10786000EB689847E3E7C0461007002043B2002BBF
:1078700007DB1F2318401E3B834080225200014932
:107880008B50704700E100E010B503011B1A58014E
:107890001D301E21014B984710BDC046697900007C
:1078A00010B503011B1A580102300321024B9847FF
:1078B0006423584310BDC046697900000139FDD8E2
:1078C0007047000010B50E4A536804210B43536003
:1078D0000C4B98470C4B98470C4B984702200C4C8C
:1078E000A0470C4B9847FD20A0470B4B98470B4AED
:1078F000136980210B431361094B984710BDC046A3
:1079000000400041817E00009D7E0000757E0000E9
:10791000217E0000D97E000025790000000800408B
:10792000197A00009022D205137802218B4313703C
:10793000704710B582B0EFF31083019372B69023B5
:10794000DB051A78012422431A709860D9609023CD
:10795000DB051B79DB07FAD49023DB051869019B53
:1079600083F3108802B010BD10B582B0EFF310831E
:10797000019372B69023DB051A780124A2431A7092
:107980009860D9609023DB051B79DB07FAD490233C
:10799000DB051869019B83F3108802B010BD00005D
:1079A00010B582B0EFF31083019372B69023DB051C
:1079B0001A78012422431A709860D9609023DB055D
:1079C0001B79DB07FAD4044B18685968019B83F3D1
:1079D000108802B010BDC0461000004810B582B03B
:1079E000EFF31083019372B69023DB051A7801241C
:1079F000A2431A709860D9609023DB051B79DB07DE
:107A0000FAD4044B18685968019B83F3108802B0BC
:107A100010BDC0461000004870B52A4B1A880221DC
:107A20008A431A801A8802318A431A804022995C5C
:107A300001200143C9B29954F02212011A805A7BE5
:107A400001218A430243D2B25A731F4A5A611F4A24
:107A50005A631F4A9A6300231EE01A4C3F22A35424
:107A60001C495800C518AA00555CAD0901222A40DE
:107A70004025665DAE43920132436255C0188200D4
:107A80008A18516861641089104A19018852521885
:107A90000021D1600133DBB20B2BDED90E4A8023EB
:107AA000D350BFF34F8FBFF36F8FC02149005350A6
:107AB0001360044A138802210B439BB213800020F9
:107AC00070BDC0460060004180808080A022002000
:107AD00060230020582C010000E100E010B53F2396
:107AE0000E4CE05400290AD1002A03D102310D3393
:107AF000E15406E002214D23084AD15401E0012956
:107B000000D010BD002A04D001214D23034AD154D6
:107B1000F7E74C23014AD154F3E7C0460060004127
:107B200003010248C018816000207047A022002095
:107B300003010248C018416000207047A0220020C5
:107B400070B5134A040113199E68A35A1B0A032532
:107B50002B40A25A120506D50C009C40A419050121
:107B60000B4A521994600A4A040115196D68A45A07
:107B7000620506D50A009A4052190401044B1B19EC
:107B80005A6089B20001024B18184180002070BD74
:107B9000A022002070B50C4A3F23D0540B4C0501A5
:107BA0002B5B012633439BB22B534024135D0225EC
:107BB0002B43DBB21355002904D001238340116904
:107BC0000B431361002070BD00600041A022002023
:107BD0004B0059188A00024B9B1803600020704725
:107BE0003C07002070B5154A118C0F230B403F2530
:107BF000545DE4B25900C91888001149081853555A
:107C00004E21525CD2B2D10705D492070AD43F2349
:107C10000A4AD45470BD3E3D4E2208498D544368F3
:107C20009847F4E702254E2204498D545A00D31890
:107C30009A00034BD3589847E9E7C04600600041DB
:107C40003C070020F0B583B0254B5A690192019A98
:107C50005A61244B1868431E9841C0B2E922224958
:107C6000224B984701256D422FE0DB00204AD318B4
:107C70005D686B1C03D01B4B1B68280098470122D2
:107C8000A240019B9343019301981A4B98470138F6
:107C900044B2631C14D00A26002001E00139CEB2A0
:107CA000B042E6D833185B10D9B2FF221340DF0090
:107CB0000F4ABA5CA242D8D0F0DA0131C8B2EFE77D
:107CC000074B5A690192019A5A61019B002B05D01A
:107CD0000198084B9847013844B2DAE703B0F0BD89
:107CE00000280040CC070020382D0100157000004E
:107CF000E82C0100D9DE0000294B5B68DB071BD4B0
:107D0000274B5B689B07FBD1254B1B789B070CD54A
:107D1000234A137802218B431370214B5B689B0726
:107D2000FBD11F4B5B689B07FBD401221C4B1A70D5
:107D30001B4B5B689B07FBD1194B5B68DB07FBD4D4
:107D4000174A137810218B431370154B5B689B0700
:107D5000FBD1134B00225A709A60124A9A61124A60
:107D60001A63124A5A63124ADA61124A1A621A787C
:107D700002210A43D2B21A70094B5B689B07FBD100
:107D80000D4B082280215A50BFF34F8FBFF36F8FE6
:107D90000131FF315A501A60084B186000207047BB
:107DA00000280040A86B0000203E00008F0001006A
:107DB000001010101321110300E100E0CC07002097
:107DC00030B50023092B0BD8DC00104A1219526879
:107DD000824202D00133DBB2F4E70C4BE25C00E0FC
:107DE000FF22FF2A0FD0002906D101239340084A21
:107DF000D3605361002030BD01239340044A536196
:107E000013610020F7E701204042F4E7E82C01006D
:107E10000028004010B5014B984710BD457C00007C
:107E2000C30707D50E4A0F4B1A620E4B5A680E4B0A
:107E30001A42FAD1830707D50C4A0A4B5A62094BFA
:107E40005A68094B1A42FAD1430707D5084A054B2D
:107E50009A62044B5A68044B1A42FAD17047C046E2
:107E600006010100001C0040FD070000060118008B
:107E7000070101000122014B1A7170470008004000
:107E8000054AD3691B0A1B02F82149010B40D36143
:107E9000012313617047C046001400400D4B0222BD
:107EA0001A7500225A750B4B9B695B07FBD4094B73
:107EB0009B695B07FBD40722064B9A75054BDB6871
:107EC000DB06FBD5034A137D802149420B43DBB21D
:107ED0001375704700100040412180231A4AD15089
:107EE00018221A4B1A622C23184AD25C1E3B1A42E3
:107EF000F9D1164B20225A620021083299542C23C2
:107F0000124AD25C1E3B1A42F9D102220F4B1A7759
:107F10002C230E4AD35C9B07FAD430230B4AD35C44
:107F2000DB0703D43023D35C9B07F6D5074A137FC6
:107F3000802149420B43DBB213772C23034AD25CE6
:107F40001E3B1A42F9D17047001C0040001000404F
:107F500030B589B00B4C6B46220032CA32C332CAEC
:107F600032C312CA12C30023072B08D89A006946ED
:107F70005258824201D00133F6E7D8B200E0002027
:107F800009B030BD502D010010B58469237EDB0798
:107F900002D5A37DDB070FD4237E9B0702D5A37DEB
:107FA0009B070ED4237E5B0715D5628B37231A42BD
:107FB0000CD04833638310BD0123237503689847B1
:107FC000F9E70223237583689847F4E74368218D16
:107FD000C9B29847EFE7237EDB09ECD080232376F4
:107FE000C3689847638B9BB26383E4E7064B984270
:107FF00003D0064B984203D07047054B1960F8E751
:10800000034B5960F8E7C0460008004200180042E0
:10801000D007002010B58623DB05984207D0084B17
:10802000984204D0074B98470930C0B210BDBD2319
:108030001B069C466044800A0930C0B2F6E7C04681
:1080400000040043517F000010B50C4B984701001D
:10805000002001280BD883001B189A00084B9B189E
:1080600020229B5C994208D00130C0B2F1E7054A5A
:1080700005490020054B9847002010BD517F0000A6
:10808000502D010063020000D42D01001570000086
:1080900070B504003B4B9847E369DB071DD48300B0
:1080A0001B189A00384B9B185A6A1C231A40E36924
:1080B0009B07FCD123689B0709D5236802218B43CA
:1080C0002360E3699B07FCD1E3699B07FCD4012390
:1080D00013432360E3699B07FCD1E369DB07FCD40E
:1080E00083001B189A00284B9B185B6A2360E36986
:1080F0009B07FCD183001B189A00234B9B189B6A9B
:108100006360E3695B07FCD183001B189A001E4B78
:108110009B185B6A9A040BD4C022D201134207D188
:1081200083001B189A00184B9B189B8DA38119E0A4
:10813000154A81000D18AB00D3189D8DA389ED045D
:10814000ED0C5B0B5B032B43A38120320B189900D2
:108150005218937B07221A40A3895203DB04DB0CDD
:108160001343A381084B1900203182001618B50073
:108170004919C97BA1735B1930331A783023E25453
:10818000002070BD49800000502D010070B5050031
:108190000C00431E9841C0B2B8220449044B9847D2
:1081A0002C602000034B984770BDC046D42D0100C1
:1081B000157000009180000070B506000C00431E91
:1081C0009841C0B2C6221949194B98472000194B53
:1081D0009847051E01D0280070BDB4613100200011
:1081E000154B98472000154B984743B2002B0ADBEC
:1081F0001F21014001228A408021114C6250BFF3AF
:108200004F8FBFF36F8F002B07DB1F21014001222F
:108210008A40C02149000A4C6250002BDBDB1F233F
:1082200018401E3B8340064A1360D4E7D42D01005A
:108230001570000091800000ED7F000015800000A7
:1082400000E100E00268136802210B431360D36968
:108250009B07FCD170478269136802210B431360AE
:10826000D3699B07FCD17047036889B219857047B1
:10827000836989B2198570470368188DC0B2704749
:108280000368187E01231840704703681B7E5B0853
:1082900001201840704703681B7E9B08012018408E
:1082A0007047836901229A757047836902229A7523
:1082B0007047000070B504000D001600431E984181
:1082C000C0B2174A1749184B9847002D0BD0022D02
:1082D00009D0012D18D0032D0FD1A369002E1CD079
:1082E00080229A7509E0A369002E07D101221A7530
:1082F000A369002E05D102221A7570BD01229A755C
:10830000F6E702229A75F8E7A369002E02D104224B
:108310001A75F2E704229A75EFE780221A75ECE7E6
:1083200023020000D42D01001570000010B5024B8F
:108330001868024B984710BDD0070020897F0000C5
:1083400010B5024B5868024B984710BDD00700206B
:10835000897F00002A4BDB69DB071BD4284BDB69D4
:108360009B07FBD1264B1B689B070CD5244A13683F
:1083700002218B431360224BDB699B07FBD1204B0F
:10838000DB699B07FBD40D221D4B1A601C4BDB697C
:108390009B07FBD11A4BDB69DB07FBD4194A184B4F
:1083A0001A60174BDB699B07FBD1154A1368164906
:1083B0000B401360124BDB695B07FBD110490B6864
:1083C000124A1A4080239B0313430B600C4BDB695A
:1083D0005B07FBD180229202094B5A60084BDB6994
:1083E0005B07FBD1064A0B231373136802218B43EF
:1083F0000B431360024BDB699B07FBD100207047E6
:10840000000400420C000030FFFFFCFFFFFFCFFF25
:10841000044A136802210B431360024BDB699B077C
:10842000FBD17047000400422A4BDB69DB071BD4F9
:10843000284BDB699B07FBD1264B1B689B070CD5A0
:10844000244A136802218B431360224BDB699B078C
:10845000FBD1204BDB699B07FBD40D221D4B1A601F
:108460001C4BDB699B07FBD11A4BDB69DB07FBD499
:10847000194A184B1A60174BDB699B07FBD115494A
:108480000B68164A1A4080239B0213430B60114B62
:10849000DB695B07FBD10F4A136811490B4013607E
:1084A0000C4BDB695B07FBD180229202094B5A60BF
:1084B000084BDB695B07FBD1064AFF231373136884
:1084C00002218B430B431360024BDB699B07FBD1FB
:1084D00000207047001000420C000030FFFFFCFF3E
:1084E000FFFFCFFF044A136802210B431360024BC6
:1084F000DB699B07FBD170470010004210B5C368D1
:108500009A7AD20700D410BD01229A720368984764
:10851000F9E770B505000469A37ADB0705D50123E7
:10852000A3720368002B00D09847637A9B0706D597
:108530000223A3726B68002B01D02800984770BDFE
:10854000094B984206D0094B984206D0084B9842F6
:1085500006D07047074B1960F5E7064B5960F5E701
:10856000044B9960F5E7C0460034004200380042F1
:1085700000400042D807002030B589B0194C6B4646
:10858000220032CA32C332CA32C312CA12C3002313
:10859000072B08D89A0069465258824201D001330D
:1085A000F6E7DBB204E0104B9C466044800AC3B29D
:1085B000002002280BD88200121891000B4A8A5C16
:1085C0009A4202D00130C0B2F3E740B207E0EA229B
:1085D000FF3207490020074B98470120404209B06D
:1085E00030BDC046F02D010000D0FFBD3800002096
:1085F000102E01001570000070B506000C00080078
:10860000654B98470500F460912264490120644B52
:1086100098472369DB0714D423699B07FCD123689F
:108620009B0709D5236802229343236023699B0794
:10863000FCD123699B07FCD40123236023699B079A
:10864000FCD12369DB07FCD4AB005B199A00554BC6
:108650009B185B68236023699B07FCD1AA00521911
:108660009100504B5B189A7AE2731A89E2800122DA
:1086700022735A680C231340082B56D0002B68D164
:10868000AB005B199A00474B9B189B89A383236916
:10869000C0221A42FBD1AB005B199A00414B9B18D8
:1086A0001B8AE3832369C0221A42FBD10123637230
:1086B000310020003C4B9847AB005B199A00394BC6
:1086C0009B185B785BB2002B0BDB1F2213401E3A1A
:1086D0009A401300802235498B50BFF34F8FBFF370
:1086E0006F8FAB005B199A002E4B9B185B785BB2C7
:1086F000002B08DB1F2213401E3A9A401300C022B1
:1087000052002A498B50AB005D19AA00254B9B18DB
:108710005B785BB2002B06DB1F2213401E3A9A40A7
:108720001300224A1360002070BD1E4B5B18DB68EB
:10873000E3612369C0221A42FBD1AB005B199A00A6
:10874000184B9B181B6923622369C0221A42FBD174
:10875000ACE7042BAAD1AB005B199A00114B9B1814
:108760001B7B23772369C0221A42FBD1AB005B1924
:108770009A000C4B9B181B7C63772369C0221A421A
:10878000FBD1AB005B199A00064B9B18DB7AE376B2
:1087900023699B06FCD489E779850000102E01002F
:1087A00015700000380000204185000000E100E065
:1087B00070B506000C000800534B98470500346163
:1087C0002369DB0714D423699B07FCD123689B072B
:1087D00009D5236802229343236023699B07FCD1B8
:1087E00023699B07FCD40123236023699B07FCD1E9
:1087F0002369DB07FCD4AB005B199A00434B9B1841
:108800005B68236023699B07FCD1AA005219910081
:108810003E4B5B189A7AE2731A89E2800322227334
:108820005A680C231340082B54D0002B66D1AB00A0
:108830005B199A00354B9B189B89A3832369C0223F
:108840001A42FBD1AB005B199A00304B9B181B8A74
:10885000E3832369C0221A42FBD1310020002C4B54
:108860009847AB005B199A00284B9B185B785BB26A
:10887000002B0BDB1F2213401E3A9A40130080226C
:1088800024498B50BFF34F8FBFF36F8FAB005B1941
:108890009A001E4B9B185B785BB2002B08DB1F22F3
:1088A00013401E3A9A401300C022520019498B50BF
:1088B000AB005D19AA00154B9B185B785BB2002BCF
:1088C0001FDB1F2213401E3A9A401300114A136007
:1088D000002070BD0D4B5B18DB68E3612369C0228B
:1088E0001A42FBD1AB005B199A00084B9B181B691D
:1088F00023622369C0221A42FBD1AEE70120404225
:10890000E7E70020E5E7C046798500003800002051
:108910004185000000E100E0C268136802210B43BA
:10892000136013699B07FCD1704702691368022129
:108930000B43136013699B07FCD17047C26813682F
:1089400002218B43136013699B07FCD17047000021
:1089500070B50E001500046920001B4B984782007B
:1089600012189100194B5B18DE601D615A680C23C8
:108970001340082B16D083001B189A00134B9B182A
:108980009B89A3832369C0221A42FBD18300181854
:1089900082000E4B9B181B8AE3832369C0221A4274
:1089A000FBD170BDE6612369C0221A42FBD183006E
:1089B00018188200054B9B181B6923622369C0228B
:1089C0001A42FBD1EDE7C04679850000380000204F
:1089D000C26813699B07FCD113685B08012018402B
:1089E0007047026913699B07FCD113685B0801207B
:1089F00018407047002070470020704710B5C068CD
:108A0000084B98470400A022FF3207490120074B7A
:108A10009847A00000198200054B9B185878054B19
:108A2000984710BD79850000102E010015700000D8
:108A3000380000206D78000010B5024B1868024B1A
:108A4000984710BDD80700201385000010B5024BD1
:108A50005868024B984710BDD8070020FD840000DD
:108A600010B5024B9868024B984710BDD8070020FC
:108A7000FD840000264BDB69DB071BD4244BDB693C
:108A80009B07FBD1224B1B689B070CD5204A136820
:108A900002218B4313601E4BDB699B07FBD11C4BF0
:108AA000DB699B07FBD40522194B1A60184BDB6965
:108AB0009B07FBD1164BDB69DB07FBD4154A144B34
:108AC0001A60134BDB699B07FBD1114A13681249EB
:108AD0000B4013600E4BDB695B07FBD10C490B6845
:108AE0000E4A1A4080235B0313430B60084BDB697B
:108AF0005B07FBD1C0229202054B5A60044BDB6935
:108B00005B07FBD1064A024B9A8100207047C046A2
:108B10000018004204000040FFFFFCFFFFFFCFFFF2
:108B200056ECFFFF014B188DC0B270470018004291
:108B300080B2014B1885704700180042024B187E26
:108B4000012318407047C04600180042024B1B7EAC
:108B50009B0801201840704700180042044A13681F
:108B600002210B431360024BDB699B07FBD170476B
:108B70000018004210B5041E27D00368002B22D035
:108B8000012050221549164B984723689A680E21F8
:108B90001142FBD11A78D20919D19A680E211142DB
:108BA000FBD11A78920715D41A780A398A431A70B9
:108BB0009A680E211142FBD12268537801318B4310
:108BC0005370002010BD0020DBE70020D9E7112002
:108BD0004042F7E711204042F4E7C046242E01004E
:108BE0001570000010B5041E12D00368002B0DD0C4
:108BF00001201A22FF320749074B98472268A52314
:108C000013739368DB06FCD4002010BD0020F0E74E
:108C10000020EEE7242E01001570000010B5564B21
:108C20009847564B9847564B9847564B9847564B44
:108C30009847564B98470023554A1370554A13607E
:108C4000554B9847554B9847554C2278554902202B
:108C5000554B98472378042B38D0052B3BD0642103
:108C60000220524B98473220514B98470021002058
:108C7000504B9847504B1A68504B18681821504B6E
:108C80009847C0B24F4B1870022829D004282CD026
:108C9000002803D14C490330434B984760234B4A8B
:108CA000D35C002B05D03E4B1B78042B22D0052B28
:108CB00025D0444B1B785A1E9341454A1371454BAE
:108CC0001A68516F20230B4353672DE0424903205C
:108CD000354B9847C3E741490320334B9847BEE7DC
:108CE0003F490320304B9847D8E73E4903202E4B9D
:108CF0009847D3E73C4903202B4B9847D9E73A499B
:108D00000320294B9847D4E7384B984710E0384B5D
:108D1000984711E0374B984714E0374B984715E0D8
:108D2000364B1B78002B23D1354B1B78002BEBD116
:108D3000344B5B78002BEAD1334B1B78334B1B78D9
:108D4000002BE7D1324B1B78002BE6D11D4B1B7853
:108D5000022BE5D01F4B1B685A6FD206E0D55A6F25
:108D60005206DDD55B6F9B06DAD52A4B9847D7E7CD
:108D7000294B9847D8E7C0461D0100008D1200001E
:108D8000151300001111000051A000006907000038
:108D9000FE08002014080020BD0B0000250D000077
:108DA000840900203C2E010039110000F906000062
:108DB000311000002DA30000200000201C00002026
:108DC0003958000001090020902E010018090020E8
:108DD000F40B002004000020682E01007C2E01000E
:108DE000C02E0100EC2E01001C2F0100EDA500009B
:108DF000793A000085500000454200003808002004
:108E0000E40B002088090020950B0020B00B002007
:108E1000880B0020B95100001104000010B50100BA
:108E20000020014B984710BD81A20000F0B5D64646
:108E300000B582B00400154B9A460022144BC1685D
:108E40008068D047134D0022134BA8470090019132
:108E500000220F4B206A616AD04700220E4BA847C0
:108E600006000F0000220A4BA06EE16ED0470022E0
:108E7000094BA847009A019BA260E36026626762E3
:108E8000A066E16602B004BC9246F0BD41ED000070
:108E900000004E40A9F500000000F04070B504004D
:108EA0000D00054E02000B00B04702000B00200031
:108EB0002900B04770BDC046A9F5000010B50200FA
:108EC0000B00014CA04710BDA9F5000010B5044BE4
:108ED0001868044B9847044B9860D96010BDC04691
:108EE0004C0C00207D01010090090020F0B5D64611
:108EF0004F464646C0B590B00700046A456A200058
:108F00002900CC4EB047BA6EFB6E08920993CA4B4B
:108F10009A46089A099B0A900B91D0473B008933E7
:108F2000FF331860596020002900C44B98470200A5
:108F30000B00C34CA04704000D0008980999B047E6
:108F400002000B0020002900D0473B009133FF3383
:108F500018605960BA68FB6808980999B94CA0472D
:108F60000A9B0B9C009301940890099102000B004E
:108F7000B5490320B54CA0473C6A7D6A2000290012
:108F8000B04702000B000A920B9308980999B04E63
:108F9000B047002800D0BAE00A9A0B9B08980999BC
:108FA000AC4EB047002825D00122D4235B00FA54F0
:108FB000BA68FB68100019009F4E22002B00089031
:108FC0000991B0470A900B91BA6EFB6E2000290000
:108FD000B04702000B000A980B99994CA047020079
:108FE0000B0008980999974CA0473B009933FF3331
:108FF00018605960BB68FC68180021000A900B914A
:109000003B008933FF335C681B681A0023000C9215
:109010000D9301248E4DA847002800D10024E3B20F
:109020009946BB6DFC6D18002100089009913B002A
:109030009133FF335C681B680E930F9401251A006F
:109040002300854CA047002800D10025EDB24B46F7
:109050001D4200D17DE00022AA23FF33FA54386A72
:10906000796A764B984704000D00B86EF96E714B23
:10907000984702000B00200029006F4CA047020017
:109080000B003900A131FF310A604B600898099943
:10909000714CA047002800D1C1E0704903206B4B00
:1090A00098473B00A133FF331A685B68B86DF96DD0
:1090B0006B4CA047002800D0B6E0D4235B00FA5CDC
:1090C00001323B00A133FF335C681B6806930794B1
:1090D0003B009933FF335C681B68049305943B00A5
:1090E0009133FF335C681B68029303943B00893320
:1090F000FF335C681B68009301945A490320534B6B
:10910000984710B01CBC90469946A246F0BD00227C
:10911000D4235B00FA54BC68FD6822002B002000B9
:109120002900474EB04708900991BA6EFB6E2000A7
:109130002900414CA0474C4B984702000B0008986F
:109140000999404CA0473B009933FF3318605960A0
:1091500050E701240C9A0D9B0A980B993E4EB0479C
:10916000002800D10024E3B29A4601260E9A0F9BF4
:1091700008980999364CA047002800D10026F6B27D
:1091800053461E4204D00122AA23FF33FA5466E755
:109190004B461E421FD03B009933FF331C685D686D
:1091A00022002B00089809992B4EB047002804D0C4
:1091B0000222AA23FF33FA5451E722002B00089819
:1091C0000999234CA047002800D148E70322AA238D
:1091D000FF33FA5443E753462B4200D13FE73B00AD
:1091E0009933FF331C685D6822002B0008980999A9
:1091F000194EB047002804D00422AA23FF33FA54A2
:109200002DE722002B0008980999114CA04700284F
:1092100000D124E70522AA23FF33FA541FE713499C
:1092200003200A4B98473CE711490320074B984716
:1092300043E7C046BD8E000041ED00009D8E00005A
:1092400021E70000A9F50000E43001003911000019
:10925000C1DD0000FDDD0000E9DD0000103101008E
:10926000B5DD000034310100F1AB00001C3101001C
:1092700028310100F0B5DE4657464E464546E0B57A
:1092800095B00400AA23FF33C35C052B07D89B00CD
:10929000B14AD3589F46B1490320B14B9847AA23FE
:1092A000FF33E35C052B34D89B00AE4AD3589F466E
:1092B000AD490320AA4B9847F1E7AC490320A84BDE
:1092C0009847ECE7AA490320A54B9847E7E7A94947
:1092D0000320A34B9847E2E7A7490320A04B9847F8
:1092E000DDE7A64DA26EE36EA068E168A847A44B37
:1092F00098472300A83318605960103318605960EC
:10930000A268E368A06DE16DA8472300B033186040
:1093100059602300A8331A685B68C0218B46A344B8
:109320005D46100019002A606B602300B8331A688C
:109330005B6808352A606B60924EB04610921193BC
:109340000E900F91B0470A0001002600D03612910E
:109350001392316072602300B0331A685B68270093
:10936000D8373A607B600C920D930E980F99C047E6
:10937000E0239946A1444B46186059600C9A0D9B16
:1093800010981199C047E8239A46A24453461860A2
:1093900059600C9A0D9B12981399C047F03412949F
:1093A000206061600C990D9A029103921099119AB4
:1093B000009101920E9A0F9B73490320684CA047BD
:1093C0005B461A685B681299086849680A900B91B5
:1093D00051460868496808900991494608684968F3
:1093E0000690079138687968049005913068716833
:1093F00002900391286869680090019163490320F5
:10940000A04715B03CBC90469946A246AB46F0BD7D
:10941000A26DE36D0C920D935A4EA26EE36E100096
:109420001900B04702000B000C980D99534DA84746
:10943000574B98472300A8331860596010331860C1
:10944000596002000B00B0472300B0331860596028
:109450005FE7226A636A10001900484DA26EE36E4E
:109460000C900D91A8472300A83318605960A66896
:10947000E7680C9A0D9B30003900A8472300B833E9
:109480001860596032003B00A06DE16DA8472300D1
:10949000B033186059603CE7226A636A16001F0007
:1094A000A16EE26E354D0E910F9213000A000C96DC
:1094B0000D9730003900A8472700A8373860796039
:1094C000344E0022344BA06DE16DB04710901191E5
:1094D0000E980F99314B98470A0001000E910F9298
:1094E0001300020010981199B047109011910C9838
:1094F0000D992B4B984702000B0022498846109883
:109500001199C047109011910E9A0F9B0C980D99CC
:10951000B04702000B0010981199A847184B9847C4
:109520000C900D91A26EE36E206A616AA84702005A
:109530000B000C980D991B4DA84700221A4BB04701
:109540002300B833186059603A687B68C04723002D
:10955000B03318605960DCE63C2F01007031010027
:1095600039110000542F01007C31010088310100C5
:1095700094310100A0310100AC31010041ED000047
:10958000F1AB000021E70000B8310100DC3101003F
:1095900089AA0000A9F5000000001040BD8E00005F
:1095A0009D8E0000A9FA00000000E03FF0B5DE4605
:1095B00057464E464546E0B599B004000300C03317
:1095C0001A685B68C16E806E534DA8470D00070096
:1095D00098235B009B46A34402000B0058460260A0
:1095E00043609C235B009A46A2443A000E910B0014
:1095F000504602604360A0235B009946A1440020CE
:1096000000214B4618605960A4235B009846A04493
:1096100043461860596080231B069C46654426001B
:109620005136FF360C973A002B00326073602300EE
:109630005933FF331F000C9A2B003A607B60613472
:10964000FF34206061600C980E99344DA8470C904F
:109650000D91534618685968A8470E900F914B46D4
:1096600018685968A84710901191434618685968BE
:10967000A8471290139130687168A847149015910B
:1096800038687968A8471690179120686168A847DC
:109690000A900B911699179A089109921499159AA4
:1096A000069107921299139A049105921099119AB2
:1096B000029103920E990F9A009101920C9A0D9BC0
:1096C00017490320174DA8475B461A685B68206856
:1096D00061680A900B913868796808900991306840
:1096E00071680690079141460868496804900591A1
:1096F00049460868496802900391514608684968DC
:109700000090019106490320A84719B03CBC90463F
:109710009946A246AB46F0BDA9F50000E104000061
:109720003032010039110000F0B5DE4657464E4692
:109730004546E0B599B00400826EC36E0C920D935D
:109740000300C0331E685F6830003900B64B9A468C
:109750009847B64D0022B64BA84702000B000C9864
:109760000D99A8472300F833129013910A000100C5
:1097700019605A6038331A685B680E920F932300A1
:10978000C8331A685B6810001900AA4B984632006B
:109790003B0010901191C04702000B000E980F99EA
:1097A000A84702000B00A44EB14612981399B04787
:1097B00006000F00631CFF331E605F6038331968BA
:1097C0005A680E910F92683B18685968109A119B5D
:1097D000C0470A00010010911192130002000E9878
:1097E0000F99A84702000B0030003900C847060057
:1097F0000F0010981199D04700228D4BA847020006
:109800000B000C980D99A84702000B00300039009E
:10981000C04706000F0023000933FF3301003A0060
:1098200019605A60083319605A60303B19685A68E9
:1098300008001100083B1A685B680E900F91C04742
:10984000D04700227A4BA84702000B000C980D99D4
:10985000A84702000B001296139730003900C0474A
:1098600006000F0023001933FF331E605F60216A7A
:10987000626A10911192303B19685A680800110011
:109880000E9A0F9B0E900F91C04702000B0010988C
:109890001199A84702000B0030003900C0470600AC
:1098A0000F0023002133FF331E605F6038331968D7
:1098B0005A6810911192683B186859680E9A0F9B6C
:1098C000C0470A0001000E910F9213000200109889
:1098D0001199A84702000B0030003900C847060064
:1098E0000F000E980F99D0470022514BA847020055
:1098F0000B000C980D99A84702000B0030003900AE
:10990000C84723002933FF3318605960A268E36811
:1099100012981399494DA847002800D17FE0F823F9
:109920009846A044434618685968454DA8470C908E
:109930000D91671CFF3738687968A8470E900F9122
:1099400026000936FF3630687168A84710901191DB
:1099500088235B009946A1444B4618685968A8477C
:10996000129013918C235B009A46A24453461868C8
:109970005968A8471490159190235B009B46A34417
:109980005B4618685968A847169017912934FF3428
:1099900020686168A8470A900B911699179A089158
:1099A00009921499159A069107921299139A0491A3
:1099B00005921099119A029103920E990F9A0091B3
:1099C00001920C9A0D9B1F4903201F4DA847434647
:1099D0001A685B68206861680A900B9159460868AC
:1099E00049680890099151460868496806900791AE
:1099F000494608684968049005913068716802908A
:109A0000039138687968009001910E490320A847B6
:109A100019B03CBC90469946A246AB46F0BD0B49F6
:109A20000330094B98477AE7BD8E0000A9F5000086
:109A30000000E03FA9FA000021E70000B5DD0000CA
:109A4000E104000094320100391100008432010069
:109A5000F0B5DE4657464E464546E0B59FB0060097
:109A6000836EC46E0C930D940300C0331C685D6854
:109A700020002900C84A92469047C84A90460022D2
:109A8000C74BC04702000B00C64989460C980D9988
:109A9000C8470E900F9102000B00326773673300C6
:109AA000F83319685A6810911192303B19685A6856
:109AB00008001100BC4FBB4622002B0012901391EE
:109AC000B8470A0001001491159213000200109883
:109AD0001199C84702000B00B44F0E980F99B84770
:109AE0001090119133003133FF331C685D68149876
:109AF0001599AF4B98470022AE4BC84702000B00A8
:109B000020002900C84702000B0010981199B8479F
:109B10000A00010010911192B167F267731CFF33C4
:109B20001C685D68303B18685968129A139B149042
:109B30001591D8471290139102000B0020002900C4
:109B4000C84702000B0010981199B847169017915A
:109B500033003933FF331C685D6812981399944BB6
:109B600098470022934BC84702000B0020002900B1
:109B7000C84702000B0016981799B84704000D005B
:109B800012981399D0470022854BC04702000B0062
:109B90000C980D99C84702000B0020002900D847F7
:109BA00004000D0033008033129413951C605D6037
:109BB00088331C685D68303B19685A6808001100DA
:109BC000149A159B16901791D84702000B0020009D
:109BD0002900C84702000B0012981399B8473300B8
:109BE0008833149015911860596088331C685D683B
:109BF000303B19685A6808001100169A179B189094
:109C00001991D8470A00010016911792130002001B
:109C100020002900C84702000B0014981599B84786
:109C200004000D0016981799D04700225C4BC047DE
:109C300002000B000C980D99C84702000B00200091
:109C40002900D8470A000100350090352B001691F5
:109C5000179229606A6088331C685D68303B1A6817
:109C60005B6810001900189A199B1A901B91D8472D
:109C70001890199102000B0020002900C84702002B
:109C80000B0016981799B8471C901D91330051335B
:109C9000FF331C685D6818981999454B9C46E0474E
:109CA0000022444BC84702000B0020002900C8478F
:109CB00002000B001C981D99B84733009833189088
:109CC000199104000D001C605D6088331C685D689C
:109CD000303B186859681A9A1B9BD84702000B0042
:109CE0001A921B9320002900C84702000B00189805
:109CF0001999B8471C901D9133005933FF331C68E4
:109D00005D681A981B992A4B9C46E0470022294B14
:109D1000C84702000B0020002900C84702000B00C2
:109D20001C981D99B84704000D001A981B99D0473C
:109D300000221B4BC04702000B000C980D99C8472E
:109D400002000B0020002900B8473300A033186040
:109D500059600A900B91189E199F08960997169DB5
:109D6000179E06950796149B159C04930594129CC8
:109D7000139D029403951099119A009101920E9AE5
:109D80000F9B0D4903200D4CA0471FB03CBC9046D3
:109D90009946A246AB46F0BD9D8E000041ED000005
:109DA00000001840A9F50000A9FA000021E7000012
:109DB000BD8E00000000E03FE832010039110000D4
:109DC000F0B5CE46474680B583B0050000204E4B27
:109DD00098474E4CA0472861696100204C4B98473A
:109DE000A04706000F00AE61EF614A4B9846986BA2
:109DF000494B9847286269624346986CA047A86619
:109E0000E96632003B0028696969444EB047444B1B
:109E10009847C317C0185840A047A865E965414B4B
:109E20009946A0221206404BC847286669663F4BF8
:109E300098473F483F4B9847AE6DEF6DA022120602
:109E4000394B30003900C8470090019132003B0087
:109E500039490320394CA047AE69EF69A0221206A8
:109E6000314B30003900C8470090019132003B006F
:109E700033490320A0472E696F69A02212062A4B9E
:109E800030003900C8470090019132003B002D4955
:109E90000320A047AE68EF68300039002A4B99468E
:109EA00098470090019132003B0028490320A047C9
:109EB0002E6A6F6A30003900C84700900191320065
:109EC0003B0023490320A047AE6EEF6E30003900FF
:109ED000C8470090019132003B001E490320A04773
:109EE00013481D4B984712481C4B984710481C4B71
:109EF00098470F481B4B98470D481B4B984703B09A
:109F00000CBC90469946F0BDDDA200007D01010029
:109F10001DA300001809002001020100A9FA000099
:109F20001501010041ED00005028C440CD8E000015
:109F3000900900202D8E00003C33010039110000F3
:109F40006833010094330100E1040000C0330100D4
:109F5000EC33010018340100ED8E00007592000012
:109F6000AD95000029970000519A000010B50B0034
:109F7000002809D111001800054B9847002800DB84
:109F800010BD01204042FBE701204042F8E7C046F7
:109F9000E99F000010B50B000138022809D8110014
:109FA0001800054B9847002800DB10BD01204042F7
:109FB000FBE701204042F8E70DA0000070B5060065
:109FC000064D2B6898680021054CA0472B685868FF
:109FD0000021A047034B1E6070BDC04678000020E2
:109FE000A9B90000E407002010B50400054B18686B
:109FF000002804D08AB22100034B984710BD0020EE
:10A00000FCE7C046E40700208568000010B50400A6
:10A01000054B1868002804D08AB22100034B9847EA
:10A0200010BD0020FCE7C046E40700204D6800009A
:10A0300010B5044C2000044B98472000034B984770
:10A0400010BDC0469C210020B96F0000BD9F0000DC
:10A0500010B50021084B1960084A1160084B536085
:10A06000084C236A1B021B0AC0200006034323621C
:10A0700091600723136010BDAC0B002010E000E0DE
:10A080007FBB000000ED00E0024A1368013313605B
:10A090007047C046AC0B0020014B18687047C046A3
:10A0A000AC0B0020F0B5DE4657464E464546E0B5BF
:10A0B00085B00A00C023DB05994680239A464B46AB
:10A0C000514659617239694400230B700F2068446E
:10A0D00002700D226A44934613706A461373D3725A
:10A0E000937209276F443B7002AE3370D51DD37154
:10A0F000941D93710122154B98469847012239000F
:10A100005846C0470122310003A8C0470122290058
:10A110000B236B441800C047012221000A236B4423
:10A120001800C0473878000633781B0418432B7892
:10A130001B021843237818434B4652469A6105B0D8
:10A140003CBC90469946A246AB46F0BDBD530000CC
:10A15000F0B5DE4657464E464546E0B585B0C025CB
:10A16000ED0580266E610E246C44002323700F20C1
:10A17000684480390170110E0D276F44BA4639705A
:10A18000111403AFB846397011126F46F97269465F
:10A19000BA7209226A449346137002AA9146137058
:10A1A0000737CB718B71012221000F4CA047012290
:10A1B00059465046A047012249464046A047012241
:10A1C00039000B236B441800A04701226B46991DF0
:10A1D0000A236B441800A047AE6105B03CBC904612
:10A1E0009946A246AB46F0BDBD53000010B5140021
:10A1F000054B9847002C03D0012C03D0002000E031
:10A2000080B210BD000CFCE7A5A00000F8B504006A
:10A210000D0017001E000A4B9847002F07D0012F92
:10A2200009D0020029002000064B9847F8BD000C19
:10A2300000043043F5E70004000C36043043F0E737
:10A24000A5A0000051A1000070B505000C0063211D
:10A25000054B9847FF2302009A43224363212800BD
:10A26000024B984770BDC046A5A0000051A1000058
:10A2700010B56A21014B984710BDC046A5A000004B
:10A2800010B50A006021014B984710BD51A1000094
:10A2900010B50A006621014B984710BD51A100007E
:10A2A00010B50A006821014B984710BD51A100006C
:10A2B00070B504000D000321054B98476B21200069
:10A2C000044B9847421968212000034B984770BD02
:10A2D00049A20000A5A0000051A1000010B568210E
:10A2E000014B984710BDC046A5A0000010B5040062
:10A2F00003226D21034B98476C212000024B9847A5
:10A3000010BDC04651A10000A5A0000010B50A0074
:10A310006B21014B984710BD51A1000010B56B2176
:10A32000014B984710BDC046A5A0000010B50A001B
:10A330006321014B984710BD51A1000010B5632166
:10A34000014B984710BDC046A5A0000070B50500A0
:10A35000090411430C000A005421034EB0472200A7
:10A3600056212800B04770BD51A1000010B5090466
:10A370000A435621014B984710BDC04651A1000029
:10A3800010B509040A435421014B984710BDC0463B
:10A3900051A1000010B509040A435821014B984708
:10A3A00010BDC04651A1000010B509040A435A214E
:10A3B000014B984710BDC04651A10000064B1B68D9
:10A3C000002B05D10123054A11685B181360704703
:10A3D00001235B42F7E7C046900B002014080020E1
:10A3E0000122014B1A707047950B002010B56A21AD
:10A3F000024B98478005800D10BDC04645A900005E
:10A4000070B50500141E07DC002A13DB2200222190
:10A4100028000F4B984770BD4A6F80239A434A67C4
:10A4200000220C4B1A6001234B710B4903200B4B8C
:10A430009847EBE74A6F802313434B670122054B94
:10A440001A6002234B7106490320044B9847DDE74D
:10A45000E1A90000900B0020B83401003911000080
:10A46000D8340100F8B5041E10D04078504B9847FE
:10A47000060002004F4903204F4B9847636FDB05EE
:10A4800005D52687626F4D4B13406367F8BD278F54
:10A49000F71BBFB23DB22A0049490320464B9847FB
:10A4A00080239B009D423BDD464B9C4667443DB26A
:10A4B000EB17ED185D40636F1B0639D4236BEB1867
:10A4C0002363636BED1865632687636F1B07DDD518
:10A4D0006369226B9B1A626F120601D4002B31DD77
:10A4E000626F120628D40023002BCFD0626F08239E
:10A4F0009A436267607800222100334B9847236BB0
:10A50000A3610022314B1A700B32FF32304B1A60BC
:10A510002378DBB2062B1AD89B002E4AD3589F46CD
:10A520002D4B9D42C4DA8023DB00FD182DB2BFE71E
:10A53000236B5B1B2363C4E7002B01DB0123D3E701
:10A540000023D1E70123CFE70222244B1A70234BCB
:10A550000B225A70196885204000214B9847A56945
:10A56000204B9847A36CC31A2A001F490320124DA1
:10A57000A8470223E3706379DBB2237186E70122E7
:10A58000164B1A70E3E70322144B1A70DFE706221A
:10A59000124B1A70DBE70722104B1A70D7E70D2217
:10A5A0000E4B1A70D3E70E220C4B1A70CFE7C04641
:10A5B000EDA30000F834010039110000FFFEFFFF99
:10A5C0000C35010000FCFFFF01A40000E40B00209B
:10A5D000C00B00204034010000FEFFFFA00B002054
:10A5E0008504000099A000001835010010B52A4B21
:10A5F00058689B6800281BD0002B20D0C278012A05
:10A6000028D0426F520425D4426F920722D4426F61
:10A6100052071FD4DA78012A19D05A6F520418D47D
:10A620005A6F920729D45A6F520728D4002011E09C
:10A630001A491B4B984700221A4B1A701CE01A4902
:10A640000020174B98470022164B1A7014E0180090
:10A6500000E01800002814D0436FDB0708D4436FD4
:10A660001B0705D4436F9B0702D4436F5B0703D5D9
:10A670000E4B5B78002B0BD010BD1800EAE71800DA
:10A68000E8E70B49064B98470022064B1A70F3E7A0
:10A69000084B9847F0E7C046780500206435010074
:10A6A00039110000E40B0020B835010088090020B2
:10A6B0000C36010065A40000002305E001784B4042
:10A6C0000E49CB5C110001304A1E0029F6D1590811
:10A6D00055220A405B0055218B435BB21A43D2B22C
:10A6E000910833230B40920033218A4352B2134323
:10A6F000DBB218011B091843C0B270474C36010089
:10A7000030B54BB2002B0FDBCD0807231940063BB9
:10A710008B4004010548001944575BB29C438A40B2
:10A720001A4052B22243425530BDC046E8070020CD
:10A7300070B5140000290DD1002823D1144A125DF0
:10A74000D20721D4C00100198000124A82581A6031
:10A75000012004E04A1ED2B2012A01D9002070BDB6
:10A76000002813D11D68C3011B199B00094A9D5085
:10A77000012901D00120F2E701222100064B984770
:10A780000120ECE70020EAE70020E8E70020E6E708
:10A790004C3701002024002001A7000070B50500FF
:10A7A0000E00002817D0002917D1002086220C495E
:10A7B0000C4B98470C4B98470028FBD00024285D91
:10A7C0000A4B9847084B98470028FBD00134B44205
:10A7D000F5D3200070BD0020E8E70120E6E7C04681
:10A7E000CC370100157000003D8B0000318B00005C
:10A7F000F8B506000F00002815D0002915D100205B
:10A800009D220F490F4B984700250F4B9847040096
:10A810000E4B984700280AD10B4B9847001B042881
:10A82000F6D92800F8BD0020EAE70120E8E774190E
:10A83000074B984720700135BD42E6D3F1E7C0468B
:10A84000CC3701001570000099A000004D8B00006E
:10A85000258B0000F0B585B004000D0003AB0A00A5
:10A8600000212E4EB047002804D0039805B0F0BD5B
:10A870002B4B98472B4B98470028F9D101AE082263
:10A8800000213000284FB8477F231D407A3B3370AA
:10A890007470B57003213000244B9847F0706846FF
:10A8A000234B984704213000224B98470421300065
:10A8B000214CA047082200213000B84701221F4B3D
:10A8C0001A7008213000A04768461D4B984733781E
:10A8D000052B01D00020C9E701AB5B78FF2B01D02D
:10A8E0000020C3E701AB9B789D4201D00020BDE76B
:10A8F00001A8C47907210D4B9847844201D000205C
:10A90000B4E701ABD87800061A79120410435A79DB
:10A91000120210439B791843A8E7C04631A70000F4
:10A92000258B00004D8B0000DBAE0000B9A60000B7
:10A93000E96400009DA70000F1A7000000090020C5
:10A94000F764000010B5014B984710BD55A80000F2
:10A9500070B586B005000E00019204AC08220021FB
:10A960002000174B9847052323706570853B3343C0
:10A97000A370019B1A0EE2701A1422711A126271EE
:10A98000A371072120000F4B9847E07103A80E4BDD
:10A990009847082120000D4B98470D4B98470028F9
:10A9A0000AD103A80B4B984701AB320001212800C4
:10A9B000094CA04706B070BD084B9847F1E7C04668
:10A9C000DBAE0000B9A60000E96400009DA700000E
:10A9D0004D8B0000F764000031A70000258B0000BC
:10A9E00010B5014B984710BD51A9000017207047C2
:10A9F00070B504000E000B78032B2FD00B78042BBE
:10AA00002CD0E8220021184B984700221121200069
:10AA1000154DA8473078C0B2144B98470202102158
:10AA20002000A847124A6C212000A847114A702133
:10AA30002000A847220010490320104DA8470021FC
:10AA400020000F4B984702000E490320A8478021A1
:10AA500009039423C022D205D15070BDE022002109
:10AA60002000014B9847D0E7E1A90000EDA90000C4
:10AA70005400021024000DC4E83701003911000011
:10AA800045A9000018380100F0B54A4A4B0087B0CC
:10AA90000F005B08934200D97AE01A00024375D098
:10AAA0001900454A00900191934200D875E01800C2
:10AAB0000321FCF73EFF0024404BC51822002B0069
:10AAC0002000290004F070FD009A019B04F038F981
:10AAD00022002B0004F068FD394A3A4B03F020FEB7
:10AAE000394A3A4B0290039103F01AFE029A039BF3
:10AAF000049005913648374904F022F902000B0012
:10AB00000498059903F00CFE02000B00324833490B
:10AB100004F016F9324A334B03F002FE22002B00F8
:10AB200004F042FD00244D1C22002B0020002900CF
:10AB300004F03AFD02000B000098019904F000F9BE
:10AB400022002B000090019104F0AEFF2200029041
:10AB500003912B002000290003F0E2FD009A019BE5
:10AB600003F0DEFD02000B000298039904F0E8F800
:10AB700022002B0004F018FD0B0002002900200029
:10AB800003F0CEFDFB0FDB070B43190007B0F0BD50
:10AB900002000B0003F0C4FDF8E7134B002204F0A1
:10ABA00003FD040008000321FCF7DEFE0F4BC5186F
:10ABB00084E7C046FFFFEF7FFFFF0F0093789F2AD7
:10ABC000F1155FF1155FE13F0FEAA00EEAA0F63F35
:10ABD00034C83225DE91E6BF6EDBB66DDBB6F93FD9
:10ABE000B76DDBB66DDBD63F0000504393787F290D
:10ABF000F0B54746CE4680B58DB004000D0000F09C
:10AC000057F8294B06001B780F005BB298460133BA
:10AC100010D022002B002000290005F05BFA8146AD
:10AC2000002807D1002200232000290003F0C8F8E3
:10AC3000002806D1300039000DB00CBC9046994672
:10AC4000F0BD01230293194B0694079503934B46DD
:10AC50000A93434604940595002B15D00023002247
:10AC60001900100004F06CF8434608900991022B7B
:10AC70000ED100F0FFF8212303600A9B0193002B03
:10AC80000CD1089E099FD5E700230024089309945E
:10AC900002A800F0EDF80028EFD1EAE700F0EAF8AA
:10ACA0000A9B01930360ECE774000020B4380100B4
:10ACB0006C4BF0B50A0046460D00D6464F461900CB
:10ACC000C0B5040006002940994200D1A7E0002D3C
:10ACD00000DC81E02F1500D18EE0634B12039C460F
:10ACE0008023120B5B0367441A43FB0768D47B1075
:10ACF0009C46E30F9B189B188022162100260025F6
:10AD000064009203A818984202DC85181B1AB61832
:10AD1000E00F5B0001391B18640052080029F1D1D3
:10AD200000229246904680222020120609E0AB4283
:10AD300038D0E10FC9180138CB1864005208002838
:10AD400018D041465118AB42F1DD8F18B846A946DC
:10AD5000002930DB5B1B8C42AD416D425B1B641AEA
:10AD6000E10FC918013892444D46CB1864005208CF
:10AD70000028E6D1234328D153465B083B49721093
:10AD800088464244F10702D5802109060B436146FB
:10AD90001E000F05BD18300029001CBC90469946C6
:10ADA000A246F0BDA142C4D88F18B846002942DBA4
:10ADB00099460023D3E7002F2FDB6F1CB946C9E764
:10ADC000E10F52008A18640091E75346013335D0F1
:10ADD000534601335B08D1E76B005B080343DAD0CD
:10ADE0000027002D32D1E20A153F6405002AFAD06F
:10ADF00080235B031A4224D180200023400300E01B
:10AE00000B005200591C0242FAD02020401AFF1AAF
:10AE10002300C3408C401A435FE7A9469AE72B0002
:10AE20000200290004F0C0FB32002B0003F078FC84
:10AE300006000D00AFE7002FBFDAB9E701360023A7
:10AE40009CE70123002120205B42E0E72B00020069
:10AE5000290004F029FE02000B0003F071FF060038
:10AE60000D0098E70000F07F01FCFFFF0000E03FCD
:10AE700000207047014B18687047C04678000020DA
:10AE800070B500260C4D0D4C641BA410A64209D1D0
:10AE9000002608F0D5FE0A4D0A4C641BA410A642F9
:10AEA00005D170BDB300EB5898470136EEE7B3000B
:10AEB000EB5898470136F2E74C3C01004C3C01004E
:10AEC0004C3C0100503C0100002310B59A4200D1D7
:10AED00010BDCC5CC4540133F8E7030082189342E0
:10AEE00000D1704719700133F9E7F0B58BB0140049
:10AEF0001D1E129953DA802424061B191D0014000C
:10AF00002D230B702023149E03229E43462E07D030
:10AF10003300453B59424B411099013ACB181093ED
:10AF200009AB049308AB0393139B00920293109B0D
:10AF3000220001932B0000F0ADFF0700472E02D145
:10AF4000119BDB0724D5109BFB180793462E14D1C9
:10AF50003B78302B0CD1002200232000290002F086
:10AF600029FF002804D10123109A9B1A139A136019
:10AF7000139B079A1B68D318079300220023200015
:10AF8000290002F017FF302200280DD0079B0993FB
:10AF90003800099B159ADB1B13600BB0F0BD002332
:10AFA000AFE7591C09911A70099B07999942F8D883
:10AFB000EEE7F0B52B2385B007000C000270861C6D
:10AFC000002901DA2D234C427B70092C23DD02ABD2
:10AFD000DD1D6B1E20000A210193FCF7E1FC6B1EB6
:10AFE0003031197020000A21FCF7A3FC0400092865
:10AFF0000ADC023D30342C7002AB07333000AB4228
:10B0000004D8C01B05B0F0BD019DE2E72B780135E7
:10B0100033700136F0E73023E4183370B01C7470DD
:10B02000EFE70000F0B595B00C000A920B931A9D63
:10B03000099001F0A5FE036818000D9300F09CFD37
:10B040000023129323680E900C930C99277E2B6893
:10B050000722C90547D59B1893431A0008322A6076
:10B060001A685B68A264E3640122E56CA66C6B005D
:10B070005B080F935242A74B30000F9905F02AF856
:10B08000002800D006E20122A24B524230000F9964
:10B0900002F0A0FE002800D0FCE1002200233000D6
:10B0A000290002F08DFE002803D023002D22433317
:10B0B0001A70994D472F00D8984D032300260C9AFB
:10B0C000236101339A4322600B9B13AA0093210052
:10B0D0000A9B099800F0F2F9431C00D09CE0012083
:10B0E000404215B0F0BD0733B6E780236268DB004D
:10B0F000511C45D1073262600C9A0021134312AAF9
:10B10000059211AA0392232223600691019308A9B4
:10B11000636852180292009332002B00049709983A
:10B12000FFF7E3FE20233A0005009A43472A07D1A0
:10B13000119BDA1C02DB626893425BDD023FFFB2C7
:10B140001199652F3BD8200001393A0050301191F8
:10B15000FFF72FFF129A060083182361012A02DCF1
:10B160002268D20701D501332361232308AA9B1843
:10B170001B78002BA8D023002D2243331A70A3E79D
:10B18000672F01D0472FB7D1002A16D00C9908A8F5
:10B190000B430021069112A9059111A903912321C6
:10B1A00009182360019300922B000497029132004A
:10B1B0000998FFF79AFE0500BAE701229BE7662F80
:10B1C00019D1636800290CDD2161002B02D12268AE
:10B1D000D20702D501335B182361119B0026A365BA
:10B1E000C3E7002B03D101222168114200D09A1C31
:10B1F0002261F2E76727119B1298834205DB2268E0
:10B200002361D207E9D50133E6E70122002B01DCF7
:10B210009218D21A1218EBE72268530508D4236952
:10B220002A000A9909980B9DA847431C29D156E783
:10B23000652F00D8DCE0A06CE16C0022002302F056
:10B24000B9FD002835D00123354A0A9909980B9D8C
:10B25000A847431C00D142E7119B129A934202DB9C
:10B260002368DB070DD50B9D0E9B0D9A0A99099853
:10B27000A8470025431C00D131E7129B013B9D42AA
:10B280000BDB236800259B0700D5FDE0139BE068DE
:10B29000984200DB25E7180023E7220001231A3239
:10B2A0000A9909980B9EB047431C00D117E7013556
:10B2B000E3E7119B002B35DC0123194A0A99099811
:10B2C0000B9EB047431C00D109E7119B002B05D111
:10B2D000129B002B02D12368DB07D2D50B9E0E9B5D
:10B2E0000D9A0A990998B0470026431C00D1F6E64A
:10B2F000119B5B429E4201DB129B91E722000123DE
:10B300001A320A9909980B9FB847431C00D1E6E608
:10B310000136EDE7FFFFEF7FC4380100C0380100C0
:10B32000D0380100A36D129E9E4200DD1E00002E4B
:10B3300035DC00230C93F343DB170F930F9BA76DB2
:10B340000C9A3340FB1A9A4232DB119B129A9342B9
:10B350003CDB2368DB0739D4129E119AF31BB61A23
:10B360009E4200DD1E00002E39DCF7430025FB174E
:10B370000C93119A129B0C999B1A32000A409B1A4B
:10B380009D4200DB7DE7220001231A320A990998C9
:10B390000B9FB847431C00D1A1E60135E9E7330014
:10B3A0002A000A9909980B9FB847431CC1D196E619
:10B3B000220001231A320A9909980B9FB847431CAF
:10B3C00000D18CE60C9B01330C93B7E70E9B0D9AD2
:10B3D0000A9909980B9EB047431CBDD17FE6EA1934
:10B3E00033000A9909980B9DA847431CBDD176E606
:10B3F000129B012B02DC01231A4238D001232A00C0
:10B400000A9909980B9FB847431C00D167E60E9B29
:10B410000D9A0A9909980B9FB847431C00D15EE624
:10B42000A06CE16C0022002302F0C4FC002808D0CC
:10B430000025129B013B9D420DDB22003300503260
:10B44000EFE6129B6A1C013B0A9909980B9DA847DD
:10B45000431CF2D143E6220001231A320A990998CB
:10B460000B9FB847431C00D139E60135E1E72A00BC
:10B47000EAE72200012319320A9909980B9EB04786
:10B48000431C00D12BE60135E368139A9B1A9D42B9
:10B49000EFDBFBE632002B003000290004F01AFE3F
:10B4A000002800D121E6034D472F00D905E6024DC3
:10B4B00003E6C046CC380100C8380100F7B51500D6
:10B4C00001938A680B6900900C00934200DA130024
:10B4D00022002B6043321278002A01D001332B6006
:10B4E00023689B0602D52B6802332B60062723684E
:10B4F0001F4027D0230043331B785A1E93412268F4
:10B50000920630D42200019943320098089EB04739
:10B51000431C25D0062320682A68E16803400025E3
:10B52000042B03D18D1AEB43DB171D40A36822695E
:10B53000934201DD9B1AED180027BD4220D1002067
:10B5400010E00137E3682A689B1A9F42D2DA220092
:10B550000123193201990098089EB047431CF0D18D
:10B5600001204042FEBD3020E11843310870210027
:10B570005A1C45310978A218433202331170C1E7D1
:10B58000220001231A3201990098089EB047431CFB
:10B59000E6D00137D1E70000F0B58BB006920A0083
:10B5A00043320793059004920A7E0C00109B6E2A8A
:10B5B00000D18FE017D8632A2CD008D8002A00D1F8
:10B5C00099E0582A54D026004236327029E0642A85
:10B5D00001D0692AF7D121681A68080623D5111D00
:10B5E0001960156825E0732A00D188E008D86F2A11
:10B5F00029D0702AE7D1202209680A43226003E09B
:10B60000752A20D0782ADED12200782145321170A7
:10B610006C4A30E00E001A684236111D196013683A
:10B620003370012379E04906D9D5111D1960002333
:10B63000D55E002D03DA2D23049A6D421370624B00
:10B640000A2703932FE020681968050603D5081D13
:10B6500018600D6805E04006F9D50D68081D1860F2
:10B66000ADB2594B082703936F2A18D00A2716E06A
:10B6700045310A70544A03921A682168101D1860F7
:10B680001568080622D5CB0702D52023194321606F
:10B690001027002D03D1202322689A432260230023
:10B6A000002243331A706368A360002B5CDB042222
:10B6B000216891432160002D58D1049E002B64D055
:10B6C0002600039B42361B7833705EE04806DAD5CD
:10B6D000ADB2D8E709681A68080605D5111D1960CA
:10B6E000136862691A6006E04906F7D5111D1960F2
:10B6F0001368A28A1A800023049E236154E01A680A
:10B70000111D1960166800216268300001F0BAFB53
:10B71000002801D0801B6060636823610023049AC5
:10B72000137041E02369320006990598079DA847E8
:10B73000431C43D0236800259B070FD4099BE06876
:10B7400098423DDA18003BE02200012319320699A5
:10B750000598079EB047431C30D00135E368099A2D
:10B760009B1A9D42F0DBE9E7002DA9D0049E28003A
:10B770003900FCF733F9039B013E5B5C2800337012
:10B780003900FCF7F1F8051EF1D1082F09D1236823
:10B79000DB0706D563682269934202DC3023013E51
:10B7A0003370049B9B1B2361079B09AA0093210014
:10B7B000069B0598FFF782FE431CB3D1012040424F
:10B7C0000BB0F0BDE3380100D23801000FB40B4BD1
:10B7D00013B51C68002C05D0A369002B02D12000F2
:10B7E00001F038FA05AB049AA1682000019302F039
:10B7F0007BF816BC08BC04B01847C046780000208F
:10B8000070B505000E00002804D08369002B01D11B
:10B8100001F020FAAB69AC68002B02D1280001F0DE
:10B8200019FA244B9C420FD16C68A3891B0702D5DF
:10B830002369002B20D12100280000F031FA0028D4
:10B840001AD00120404270BD1B4B9C4201D1AC6814
:10B85000EBE71A4B9C42E8D1EC68E6E7013B013686
:10B86000A360002B04DAA269934216DB0A2914D0E4
:10B8700023685A1C226019703178A3680029EDD121
:10B88000013BA360002B0FDA22000A31280000F0F0
:10B89000B1F9431CD5D00A20D5E72200280000F0DA
:10B8A000A9F9431CE8D1CCE70A2023685A1C22607E
:10B8B0001870C8E724390100443901000439010037
:10B8C00010B5034B01001868FFF79AFF10BDC04682
:10B8D00078000020104B70B51C680500A36B002B8E
:10B8E00015D1182001F0C4FA0C4BA06303800C4B57
:10B8F000012243800B4B83800B4BC3800B4B038196
:10B9000005234381063383810023026143610022C2
:10B91000A36B1D615A6170BD780000200E330000DA
:10B92000CDABFFFF341200006DE6FFFFECDEFFFF42
:10B93000154B10B51C68A36B002B15D1182001F016
:10B9400097FA124BA0630380114B01224380114BE5
:10B950008380114BC380114B038105234381063340
:10B960008381002302614361A46B0D4A20696169F0
:10B970000C4B02F087FA0122002380185941206104
:10B9800061614800400810BD780000200E330000BF
:10B99000CDABFFFF341200006DE6FFFFECDEFFFFD2
:10B9A0002D7F954C2DF451584A424A41802310B5C1
:10B9B0005200DB0000F002F810BD0000F0B51D00E1
:10B9C0004F4B85B01E6804000F000092002E05D07A
:10B9D000B369002B02D1300001F03CF9494B9C4285
:10B9E00050D17468009B022B05D0012B00D984E054
:10B9F000002D00DA81E02100300001F0BDF8616B1C
:10BA0000002908D023004433994202D0300001F0CD
:10BA100035FD002363630023A3616360A3891B06D4
:10BA200003D52169300001F029FDA389364A13406E
:10BA3000A381009B022B5AD003AB02AA2100300045
:10BA400001F0AAF9A3891843A081002D24D1029DF9
:10BA5000280001F00DFA0195071E42D1029B0193C7
:10BA6000AB4239D1012040420223A2891343A38172
:10BA70000023A36023004733236023610123636114
:10BA800005B0F0BD214B9C4201D1B468AAE7204B20
:10BA90009C42A7D1F468A5E7002FD9D0B369002B49
:10BAA00002D1300001F0D6F8009B012B03D1A3890D
:10BAB000009A1A43A2810820A38927602761656143
:10BAC000184018D0012018400023984211D06D4230
:10BAD000A360A5611800D3E7019801F0C9F9071E1A
:10BAE000C0D08023A289019D1343A381D6E7002003
:10BAF000BAE7A560C4E7A060C2E701204042BFE703
:10BB000078000020243901005CF3FFFF4439010074
:10BB1000043901000CB430B5164B9DB00C1E1D68E5
:10BB200008DA8B2301202B6040421DB030BC08BCDA
:10BB300002B01847822302A99B008B810023029048
:10BB400008619C4200D0631E8B604B6101235B4205
:10BB5000CB81209A21AB2800019301F099FD431C71
:10BB600001DA8B232B60002CDFD00023029A1370A4
:10BB7000DBE7C046780000200023C25C0133002AC6
:10BB8000FBD1581E704730B514009BB005001A0059
:10BB9000002C05DA8B230360012040421BB030BD2E
:10BBA000822368469B0083810023009104919C427C
:10BBB00000D0631E02930593012369465B42CB814B
:10BBC00028001E9B01F064FD431C01DA8B232B60CF
:10BBD000002CE3D00023009A1370DFE707B5009331
:10BBE00013000A00010002480068FFF7CCFF0EBDF9
:10BBF00078000020F8B505000E001400002804D0DD
:10BC00008369002B01D101F025F8224B9C422DD1F4
:10BC10006C68A369A360A3891B0731D52369002B36
:10BC20002ED023682269F7B2981A6369F6B2984257
:10BC300005DB2100280000F09FFF002826D1A36823
:10BC40000130013BA36023685A1C22601F706369A6
:10BC5000984204D0A389DB071AD50A2E18D12100F7
:10BC6000280000F089FF002812D00FE00A4B9C4208
:10BC700001D1AC68CDE7094B9C42CAD1EC68C8E75A
:10BC80002100280000F00CF80028CAD001267642D6
:10BC90003000F8BD243901004439010004390100A5
:10BCA000364B70B51D6806000C00002D05D0AB6941
:10BCB000002B02D1280000F0CDFF314B9C420FD168
:10BCC0006C680C23E25E93B219072DD4D90611D407
:10BCD00009230120336037331343A381404270BDF1
:10BCE000284B9C4201D1AC68EBE7274B9C42E8D142
:10BCF000EC68E6E75B0713D5616B002908D02300E9
:10BD00004433994202D0300001F0B8FB0023636352
:10BD10002422A3899343A3810023636023692360C2
:10BD20000823A2891343A3812369002B0BD1A021EF
:10BD30008022A389890092000B40934203D0210006
:10BD4000300001F051F80123A289134011D00023E3
:10BD5000A36063695B42A361002023698342BED173
:10BD60000C23E25E1306BAD540231343A3810138A6
:10BD7000B5E7920700D46369A360EDE7780000207F
:10BD8000243901004439010004390100F0B5036988
:10BD90000C6989B00700059100269C426DDC0B0000
:10BDA000013C1433A50003935B190493030014337F
:10BDB00002935D19049B28681B68591C0193FBF7CB
:10BDC000D3FD0190B0422DD0039B02989C4606966D
:10BDD000624608CA9446019A99B251431B0C5343D8
:10BDE00089190A0C9B18079302881E0C069B89B2BE
:10BDF000D2180368521A190C6B469B8BCB1A11147C
:10BE00005B18191492B21B041A43049B069104C0D8
:10BE10006345DDD22B68002B04D1029B043DAB426D
:10BE20002ED33C610599380001F049FA002823DB44
:10BE30000025019B029801330399019308C90288E8
:10BE400055199AB2AA1A05681B0C2D0CEB1A151479
:10BE50005B191D1492B21B04134308C0049B8B4250
:10BE6000ECD2029AA300D3181A68002A04D1029ACD
:10BE7000043B9A4209D33C61019E300009B0F0BDF9
:10BE80002B68002BCDD1013CC7E71A68002AF2D1FC
:10BE9000013CECE7F0B516001F00446A9DB0049029
:10BEA000259D06960797002C08D1102000F0E0FF92
:10BEB000049B5862446084600460C460049B5B6AB5
:10BEC000196800290BD05A68012393404A608B609F
:10BED000049801F01AF80022049B5B6A1A60079B21
:10BEE000002B1FDA01232B607B005B080793079C64
:10BEF000B74B220019931A409A4216D1B54B249A97
:10BF00001360069B002B03D1240301D100F091FDA7
:10BF1000B14B269A0A93B14B002A01D000F08FFD55
:10BF200000F08FFD00232B60E1E7069E079F0022B3
:10BF300000233000390001F03DFF051E0ED0012323
:10BF4000249A1360A64B269A0A93002A01D100F086
:10BF500078FDA44A26990A6000F073FD1AAB01939C
:10BF60001BAB009332003B00049801F025FA6300FC
:10BF700005905B0D00D17FE03A039B4C120B1443FC
:10BF800021009A4A300018959E180022984B03F021
:10BF90008BFD984A984B03F007FB984A984B02F0A8
:10BFA000BFFB040030000D0004F0E8F8954A964B02
:10BFB00003F0FAFA02000B002000290002F0B0FBA7
:10BFC00004000D0004F0A6F80022039000232000D6
:10BFD000290001F0F5FE00280ED0039804F0CEF8F9
:10BFE0000B0002002900200001F0E4FE030058428B
:10BFF0005841039B1B1A039301231693039B162B93
:10C000000FD88249DB00C91808684968069A079B5F
:10C0100001F0EAFE00284BD0039B013B0393002371
:10C0200016931A9B9E1B00230B933300013B0C932A
:10C0300004D501239B1B0B9300230C93039B002B24
:10C0400038DB039A0C9B944663440C9300230F92B5
:10C050000893229B0125092B00D991E0052B02DDD5
:10C060000025043B2293229B981E032800D991E0CF
:10C0700001F086FE828429761A9B1B9A9E18644BD7
:10C08000F218202A0FDD634B0698F318D84040239E
:10C090009B1A9C40204304F0B3F801235E4C013E00
:10C0A0000919189371E7202306989B1A9840F2E724
:10C0B0001690B6E70B9B039A9B1A0B935342089377
:10C0C00000230F93C5E701230E93239B002B65DD0F
:10C0D0001F000D93049A546A00226260043211001A
:10C0E000143199425FD96168049800F0D6FE049B30
:10C0F00020605B6A1B680A930E2F00D905E1002DB2
:10C1000000D102E1069B079C14931594039B002B1E
:10C1100000DC85E01A000F213C4B0A40D2009B183E
:10C120005C681B6810931194039B02241D11EB069D
:10C130000AD53A4B0D401A6A5B6A1498159902F0B9
:10C14000FFFD069007910134344E002D30D1109A36
:10C15000119B0698079902F0F3FD069007917AE08B
:10C160000123239A0E939446039B63445F1C0D9313
:10C170003B1EAFDC0123ADE70023A5E70023F0E77A
:10C1800000230E952293013B00220D931F001333D1
:10C1900023929FE701230E93023BF5E701230D93C2
:10C1A0001F001A00F4E7616852000131616096E7F0
:10C1B00001231D4208D010981199E4183268736861
:10C1C00003F0F2F9109011916D100836BDE7C046EA
:10C1D0000000F07F0F270000FD380100003901004A
:10C1E000D0380100D13801000000F03F01FCFFFF12
:10C1F0000000F83F61436F63A787D23FB3C8608BED
:10C20000288AC63FFB799F501344D33F90390100E1
:10C210003204000012040000000010FE6839010022
:10C22000039B0224002B16D0149815995D420F230E
:10C23000CA4A2B40DB00D3181A685B6803F0B4F9D4
:10C24000002306900791C64E2D11002D00D08CE0E2
:10C25000002B00D081E7169B002B00D191E0069ABD
:10C26000079B10921193109811990022BD4B01F079
:10C27000A7FD002800D184E0002F00D181E00D9BB4
:10C28000002B3EDD10981199039B00225E1EB64BD9
:10C2900003F08AF9069007910D9D0134200003F008
:10C2A0006DFF069A079B03F07FF90022AF4B02F067
:10C2B00037FA12901391129B139CAD4A109311946C
:10C2C000139B9C181194002D5ED1069807990022AB
:10C2D000A84B03F0E9FB109A23000690079101F0A8
:10C2E00083FD002800D001E3A348139984466144EC
:10C2F0000B0006980799109A01F062FD002800D003
:10C30000E8E2149B159C069307941B9B002B00DA14
:10C3100057E1039A0E2A00DD53E1904BD2009B189F
:10C320005C681B6808930994239B002B00DBCEE01C
:10C33000002F00DDCBE000D0CFE208980999002261
:10C340008C4B03F031F9069A079B01F057FD3E0034
:10C350000897002800D0A4E20A9B0A9A5D1C3123AA
:10C360001370039B013303939FE20122154205D012
:10C37000A4183268736803F017F901236D100836AA
:10C3800063E7039E3D0089E70A9A691E52191792D6
:10C390000E9A724BC900002A4AD05B181A685B6873
:10C3A0000020764902F0CCFC109A119B03F07CFB34
:10C3B0000A9B1090119112930698079903F0AAFE18
:10C3C000040003F0DBFE02000B000698079903F05F
:10C3D0006BFB129B30345D1C1C70109A119B0690F5
:10C3E000079101F0EDFC002865D1069A079B00201B
:10C3F0005C4903F059FB109A119B01F0E1FC002805
:10C4000000D0BEE0179B9D4200D17AE710981199A9
:10C410000022554B03F0C8F80022109011910698A5
:10C420000799514B03F0C0F8129506900791C3E7A6
:10C43000591808684968109A119B03F0B5F81090D4
:10C4400011910A9C179D0698079903F063FE1290BC
:10C4500003F094FE02000B000698079903F024FBFA
:10C46000129B0690079130332370179B01340022F2
:10C47000A34224D1414B1098119902F051F90200C6
:10C480000B000698079901F0AFFC002800D078E077
:10C49000109A119B0020394903F006FB02000B00A3
:10C4A0000698079901F08CFC002800D129E76B1E43
:10C4B0001A78302A01D003963FE01D00F7E706986E
:10C4C0000799294B03F070F806900791BBE70A9E85
:10C4D000089A099B0698079902F032FC03F01AFEAD
:10C4E000040003F04BFE089A099B03F05DF80B0073
:10C4F00002000698079903F0D7FA2300303333700F
:10C500000A9B751CEB1A9F424CD102000B0002F0F3
:10C5100007F906000F0002000B000898099901F0C6
:10C520004FFC00282CD10898099932003B0001F0FB
:10C5300041FC002801D0E30722D40599049800F0BB
:10C54000E4FC00232B70039B249A01331360269B89
:10C55000002B00D175E21D6073E2C04690390100E6
:10C56000683901000000F03F0000244000001C403A
:10C570000000C0FC000014400000C07C0000E03F50
:10C58000039E6B1E1A78392A06D10A9A9A4207D15D
:10C5900030231370130001361A7801321A708AE7BB
:10C5A0001D00EEE70022CF4B02F0FEFF0022002329
:10C5B000069007912E0001F0FDFB002800D187E7CF
:10C5C000BBE70E9A002A00D187E0229A012A6EDC8E
:10C5D000189A002A67D0C44A9B18089D0B9C0B9A96
:10C5E0000121D2180B920C9A0498D3180C9300F0E6
:10C5F0002AFD0600002C0EDD0C9B002B0BDD0C9A97
:10C600002300944200DD13000B9AE41AD21A0B9215
:10C610000C9AD31A0C93089B002B1ED00E9B002B58
:10C620005FD0002D11DD31002A00049800F0A4FD38
:10C63000059A01000600049800F00EFD059910907F
:10C64000049800F062FC109B0593089B5A1B04D0D1
:10C650000599049800F090FD05900121049800F0E0
:10C66000F2FC0F9B0890002B3DDD1A00010004989E
:10C6700000F082FD229B08900025012B3BDC002569
:10C68000069BAB4233D1079B1B03AB422FD1199BB7
:10C69000079A13422BD00B9B013501330B930C9B54
:10C6A00001330C9323E036231A9A9B1A95E7089BD3
:10C6B0007D1EAB4206DB5D1B002F0BDA0B9BDC1BE8
:10C6C00000238CE7089B0895EA1A0F9B00259B180E
:10C6D0000F93F1E70B9C3B0081E7089D0B9C0E9E9E
:10C6E00088E7089AB4E7229B0025012BC7DD0F9B42
:10C6F0000120002B0BD0089B089A1B690F93033372
:10C700009B00D318586800F055FC2023181A0C9B86
:10C71000C0181F23184000D1ABE001331B1A042BB3
:10C7200000DC9BE01C23181A0B9B24181B180B938E
:10C730000C9B1B180C930B9B002B05DD1A00059915
:10C74000049800F06BFD05900C9B002B05DD1A0092
:10C750000899049800F062FD0890169B002B00D108
:10C7600089E00899059800F0AAFD002800DB82E026
:10C77000039B0A22013B039305990023049800F0D0
:10C78000DDFB0E9B0590002B00D15DE10023310005
:10C790000A22049800F0D2FB0D9B0600002B02DC5D
:10C7A000229B022B6DDC002C05DD31002200049859
:10C7B00000F034FD06003000002D11D0716804989F
:10C7C00000F06BFB3100040033690C319A1C9200BD
:10C7D0000C30FEF779FB01222100049800F01EFDC9
:10C7E0000D9F0A9B013F0B93DB19370006000F9347
:10C7F00008990598FFF7CAFA39000D9004000598CA
:10C8000000F05DFD32000E900899049800F070FD74
:10C8100001230C93C36830340500002B04D10100C0
:10C82000059800F04CFD0C902900049800F06DFB79
:10C830000C9B229A134300D089E0069A01331342DD
:10C8400000D084E0392C00D1A3E00E9B002B01DD49
:10C850000D9C31340B9B5D1C1C7027E0042B00D118
:10C8600069E70B9A1C33D2180B920C9AE418D31870
:10C8700060E70300F5E7002F3CDC229B022B39DD4B
:10C880000D970D9B002B0CD108990522049800F000
:10C8900055FB08900100059800F011FD002800DD0F
:10C8A0005AE5239B0A9DDB430393002708990498CC
:10C8B00000F02BFB002E00D13FE6002F05D0B74241
:10C8C00003D03900049800F020FB3100049800F0F8
:10C8D0001CFB32E608952E00E3E7002308931E00B8
:10C8E000DFE7C046000024403304000003960895AB
:10C8F0002E0031E50E9B0D97002B00D053E70A9DCB
:10C9000008990598FFF742FA0A9B30300D9A287073
:10C9100001350400EB1A9A4278DC151E00DC012573
:10C9200000270A9B5D1905990122049800F076FC06
:10C930000899059000F0C3FC00282FDC01D1E30723
:10C940002CD46B1E1A78302AB0D11D00F9E70E9B4B
:10C95000002B07DB1D00229B1D4326D10123069AD5
:10C96000134222D10C9B002B00DC73E705990122B6
:10C97000049800F053FC0899059000F0A0FC0028F2
:10C9800004DC00D066E7E30700D463E7392C00D06D
:10C990005EE70B9B0B9A5D1C392313706B1E1A7894
:10C9A000392A3BD001321A7080E70B9B01330D937B
:10C9B0000C9B002B05DD392CEBD00D9D01340B9B1E
:10C9C0004AE70B9B0F9A0D9D1C709342ABD000233E
:10C9D0000A220599049800F0B1FA002305900A2272
:10C9E00039000498B74206D100F0A8FA0700060003
:10C9F0000D9B0B93FCE600F0A1FA31000700002329
:10CA00000A22049800F09AFA0600F1E700230A22AD
:10CA10000599049800F092FA059071E70A9A9A42F3
:10CA200005D1039B01330393312313703EE71D00AF
:10CA3000B4E70A4B269A0A93094B002A01D0269A9A
:10CA400013600A981DB0F0BD0D9B002B00DD56E76A
:10CA5000229B022B00DC52E713E7C046F4380100AA
:10CA6000FC380100F7B58A8905000C00130760D473
:10CA70004B68002B04DC0B6C002B01DC0020FEBD9E
:10CA8000E76A002FFAD000232E682B6080235B0119
:10CA90001A4034D0606DA3895B0706D56368C01A5D
:10CAA000636B002B01D0236CC01A0200216A0023A3
:10CAB0002800E76AB847A189431C06D12B681D2BC3
:10CAC00031D82C4ADA40D3072DD50023636023697F
:10CAD0002360CB0405D5431C02D12B68002B00D169
:10CAE0006065616B2E600029C8D0230044339942F1
:10CAF00002D0280000F0C2FC00206063BFE70123E1
:10CB0000216A2800B847431CC5D12B68002BC2D02E
:10CB10001D2B01D0162B01D12E60AFE74023A28937
:10CB20001343A381ABE740230B430120A381404281
:10CB3000A5E70F69002FA1D00B680F60DB1B0193E5
:10CB40000023920700D14B69A360019B002B00DCFE
:10CB500094E7019B3A00216A2800A66AB0470028A2
:10CB600003DC4023A2891343DFE7019B3F181B1A14
:10CB70000193EAE7010040200B6970B505000C0045
:10CB8000002B01D1002070BD002804D08369002B48
:10CB900001D100F05FF80B4B9C4209D16C680C226C
:10CBA000A35E002BEED021002800FFF75BFFEAE731
:10CBB000054B9C4201D1AC68F1E7044B9C42EED19D
:10CBC000EC68ECE724390100443901000439010024
:10CBD00010B5024900F0B2F810BDC04679CB000094
:10CBE000002310B5040003604360836081814366C5
:10CBF000C281036143618361190008225C30FEF742
:10CC00006CF9054B24626362044BA362044BE3623C
:10CC1000044B236310BDC04645DB00006DDB000004
:10CC2000A5DB0000D1DB000070B568254A1E554326
:10CC30000E002900743100F06BFC041E08D00021A6
:10CC40002A00016046600C30A0606832FEF745F9AA
:10CC5000200070BD836913B50400002B28D18364C4
:10CC6000C3640365134B144A1B68826201939842A4
:10CC700001D101238361200000F020F860602000D2
:10CC800000F01CF8A060200000F018F80022E0601E
:10CC900004216068FFF7A4FF01220921A068FFF7C3
:10CCA0009FFF02221221E068FFF79AFF0123A36190
:10CCB00013BDC046BC380100D1CB0000F8B51E4BF7
:10CCC00007001E68B369002B02D13000FFF7C2FFD6
:10CCD0004836B4687368013B04D53368002B07D02D
:10CCE0003668F6E70C22A55E002D0DD06834F2E719
:10CCF00004213800FFF798FF30600028F0D10C23A2
:10CD000004003B602000F8BD012320005B42E3816A
:10CD10000233A38165662560A56065602561656154
:10CD2000A561082229005C30FEF7D7F86563A5638A
:10CD3000A564E564E6E7C046BC380100F7B5040029
:10CD40000700002601914834002C01D13000FEBDBF
:10CD50006368A5680093009B013B009301D524689C
:10CD6000F2E7AB89012B08D90E22AB5E013304D068
:10CD700029003800019B984706436835EBE700001F
:10CD8000034B1B68186A002800D10248F030704736
:10CD900078000020DC00002070B50E001D000E237E
:10CDA000C95E90B01400002907DA00232B60B38914
:10CDB0001B0611D48023DB000FE001AA00F034FF32
:10CDC0000028F2DBF022029B12021340054A9B1856
:10CDD0005A4253412B60EDE740230020236010B0FE
:10CDE00070BDC04600E0FFFFF7B502268B89050045
:10CDF0000C00334206D02300473323602361012314
:10CE00006361F7BD01AB6A46FFF7C6FF00990700F3
:10CE1000280000F07DFB002808D10C22A35E9A05B3
:10CE2000EFD4032293431E43A681E4E70F4BAB628A
:10CE30008023A28920601343A381009B206163614A
:10CE4000019B002B0DD00E23E15E280000F0FEFEBA
:10CE5000002806D00322A38993431A000123134319
:10CE6000A381A0893843A081CBE7C046D1CB000085
:10CE700010B5034B0100186800F04AFB10BDC04616
:10CE800078000020C9B28218904201D1002070477A
:10CE900003788B42FBD00130F6E770B5466A040098
:10CEA0000D00002E07D11020FFF7E2FF6062466000
:10CEB00086600660C660666AF368002B13D0636AFA
:10CEC000AA00DB689B181868002818D101210E0001
:10CED000AE40721D9200200000F0C2FA00280CD073
:10CEE000456086600DE021220421200000F0B8FAA0
:10CEF000636AF060DB68002BE1D1002070BD02683E
:10CF00001A6000230361C360F8E770B5446A060045
:10CF10000D00002C07D11020FFF7AAFF70624460BB
:10CF200084600460C460002D07D0736A6A68DB689F
:10CF300092009B181A682A601D6070BDF7B51E002C
:10CF400014239C4607000C0000200D698C446346A6
:10CF500019881B6851431B0C534389190E0C9B19EC
:10CF600089B21E0C1B045B186146013008C18C4657
:10CF70008542ECDC002E1BD0A3689D4212DB636867
:10CF80003800591CFFF789FF2100236901909A1C82
:10CF900092000C310C30FDF797FF21003800FFF7AD
:10CFA000B4FF019C2B1D9B00E31801355E602561D9
:10CFB0002000FEBD0300020C0020824201D11B04B0
:10CFC00010301A0E01D108301B021A0F01D10430A3
:10CFD0001B019A0F01D102309B00002B03DB0130B3
:10CFE0005B0000D4202070470722036810B50100C1
:10CFF0001A400DD001240020234205D10230034203
:10D0000003D0E34020000B6010BD9B080B60FBE7E2
:10D010009CB21000002C01D110201B0CDAB2002AA7
:10D0200001D108301B0A1A0701D104301B099A07E5
:10D0300001D102309B08DA07E8D45B0801D0013047
:10D04000E4E72020E0E710B50C000121FFF725FF01
:10D0500001234461036110BDF0B50B69150012692D
:10D0600089B00C00934201DA2C000D0027692E696B
:10D07000A268BB1961680193934200DD0131FFF79B
:10D080000CFF030014330093009ABB1994469B00D5
:10D090009C4413000022049063451CD32A001434DE
:10D0A000BF00E3191432B600059393190294069356
:10D0B000069B9A4211D3019B002B06DD04235B42A1
:10D0C0009C4463461B68002B51D0049B019A1800B6
:10D0D0001A6109B0F0BD04C3DEE71488002C1ED02D
:10D0E0000026009D029F01CF079508CD039383B2D0
:10D0F000634319006B46000C9B896043CB1803996E
:10D100009B19090C4118180C09180E0C9BB2090444
:10D110000B4307990B60059BBB42E4D82E60136854
:10D120001B0C03931ED00026009B029C1B680098DA
:10D1300007002188039D9BB2694320C82D0C491923
:10D140008E1931040B433B6008CC03991B0C4B43F5
:10D150007968360C89B25B1805999B191E0CA1429F
:10D16000E6D80360009B043204330093A0E7019BE0
:10D17000013B01939FE700000323F7B5134005002F
:10D180000E001400002B08D02249013B9A0052588F
:10D1900000233100FFF7D2FE0600A310019336D022
:10D1A0006C6A002C07D11020FFF762FE68624460B1
:10D1B00084600460C4606F6ABC68002C07D11649A3
:10D1C0002800FFF740FF00230400B860036001223D
:10D1D000019B13420AD0310022002800FFF73CFFD8
:10D1E000070031002800FFF790FE3E00019B5B1016
:10D1F00001930CD02068002807D1220021002800CC
:10D20000FFF72AFF0023206003600400DFE73000FF
:10D21000FEBDC046583A010071020000F0B50D0095
:10D2200017002B69541185B0E31802930133019361
:10D230004968AB680390019A934234DB0398FFF787
:10D240002CFE00230200060019001432A3422DDB3D
:10D25000E343DB171C402B001F21A40014192A698B
:10D26000143392009A180F4024D00131C91B8C4608
:10D2700000211868B84001436046216002CB0434A5
:10D28000C1409A42F5D82160002902D0029B0233A6
:10D290000193019B0398013B33612900FFF735FEA1
:10D2A000300005B0F0BD01315B00C4E798001150BB
:10D2B0000133CBE702CB02C49A42FBD8E9E70A6903
:10D2C000036930B59B1A0ED19200143014318418C2
:10D2D0008918043C043922680D68AA4205D0AA4284
:10D2E000924101231343180030BDA042F1D3FAE765
:10D2F000F0B50D0085B00700110028001400FFF7FD
:10D30000DEFF061E08D101003800FFF7C6FD01232D
:10D310004661036105B0F0BD01230193002804DBE1
:10D3200023002C001D000023019361683800FFF7E3
:10D33000B4FD2F000022019B2669C3601434B300A2
:10D34000E31802932B6914379B00FB180393030027
:10D350009446143320CC04CF0192AAB294446A4676
:10D36000614692882D0C8A1A0199090C691A1514C4
:10D3700049190D1492B209040A431A60039AAC4683
:10D380000433BA42E6D802991A008C4205D3043A13
:10D390001368002B0ED00661BCE704CC91B2614447
:10D3A0000D14120C5219151489B212040A43AC461A
:10D3B00004C3E8E7013EEAE7F7B51D000121089F35
:10D3C0001400FFF76AFD2B036D0006001B0B6D0DAB
:10D3D00024D10193002C27D068460094FFF704FE67
:10D3E000009C00281ED0019B20211A00091A8A40A7
:10D3F000C340224372610193019CB461631E9C414E
:10D4000001343461002D18D0124BED1835232D183E
:10D410003D60181A099B18603000FEBD802252033F
:10D420001343D6E77461E7E701A8FFF7DDFD0124A8
:10D43000019B346173612030E4E7074BC018074B50
:10D440003860E3189B00F3185869FFF7B3FD6401D7
:10D45000201ADFE7CDFBFFFFCEFBFFFFFFFFFF3F03
:10D460004A4370B51100140000F052F8051E03D0B5
:10D4700022000021FDF731FD280070BD70B50500C8
:10D48000002910D00C1F2368002B00DAE4182800B4
:10D4900000F026FC1D4A1368002B05D16360146060
:10D4A000280000F01EFC70BDA34209D92168601855
:10D4B0008342F3D118685B6841182160EEE71300DE
:10D4C0005A68002A01D0A242F9D919685818A04216
:10D4D0000BD120680918581819608242E0D11068F1
:10D4E0005268411819605A60DAE7A04202D90C2349
:10D4F0002B60D5E721686018824203D1106852681A
:10D500004118216062605C60CAE7C046F8070020ED
:10D51000032370B5CD1C9D43083506000C2D1ED28B
:10D520000C25A9421DD8300000F0DAFB254A14680A
:10D530002100002919D1244C2368002B03D130008D
:10D5400000F0EEFA20602900300000F0E9FA431CF8
:10D550002CD10C233000336000F0C3FB03E0002D1E
:10D56000DFDA0C233360002070BD0B685B1B1AD41C
:10D570000B2B03D90B60CC18256003E08C420ED135
:10D5800063681360300000F0ACFB200007220B3012
:10D59000231D9043C31AE7D05A42E250E4E74B6898
:10D5A00063600C00EEE70C004968C2E70323C41C6B
:10D5B0009C43A042E0D0211A300000F0B1FA431C95
:10D5C000DAD1C6E7F8070020FC070020F0B58E6826
:10D5D00085B007000C00039201939E4239D8902336
:10D5E0008A89DB001A4234D00325096923685B1A53
:10D5F0000293636902985D43EB0F5D19019B6D1007
:10D6000001331B18AB4200D91D00530532D5290048
:10D610003800FFF77DFF061E09D10C233B60402335
:10D620000120A28940421343A38105B0F0BD029AB4
:10D630002169FDF749FCA389144A1A40802313434A
:10D64000A381029B2661F61826606561019EED1A92
:10D65000A560019BB34200D21E00320003992068EE
:10D6600000F02CFBA36800209B1BA36023689E197D
:10D670002660DAE72A00380000F034FB061EE0D10D
:10D6800021693800FFF7FAFEC7E7C0467FFBFFFFBE
:10D69000F0B59FB0029005938B890F0016001B0612
:10D6A00011D50B69002B0ED14021FFF731FF3860F7
:10D6B0003861002805D10C23029A013813601FB08D
:10D6C000F0BD40237B61002306AD6B6120336B7698
:10D6D0001033AB7634002378002B47D1A31B04937F
:10D6E0000DD0A31B320039000298FFF76FFF431CD7
:10D6F00000D1B5E06A69049B944663446B6123786A
:10D70000002B00D1ACE00122002352426A6002A942
:10D710005432521801342B60EB60AB601370AB6570
:10D72000584E052221783000FFF7ACFB621C002820
:10D7300020D12968CB0604D5532302AE20309B1993
:10D7400018700B0704D553232B2002AE9B191870B9
:10D7500023782A2B16D000200A21099B2278303A00
:10D76000092A55D9002815D0099313E0252BB5D0E7
:10D770000134B0E70123801B8340296814000B4368
:10D780002B60CDE7059B181D1B680590002B39DB2E
:10D790000993140023782E2B0BD16378621C2A2B5B
:10D7A0003ED1059B02341A1D1B680592002B34DB09
:10D7B0000793354E217803223000FFF763FB0028E2
:10D7C00006D04023801B83402A68013413432B601A
:10D7D000217806222D48661C2976FFF753FB002886
:10D7E00046D02B4B002B2FD12968059B0722C9055A
:10D7F00028D59B189343083305936B69039A9B18AC
:10D800006B6167E75B42EB6002230B432B60C0E771
:10D810004B4301349B180120A0E701235B42C7E77B
:10D82000002314000A201A006B602178303909297E
:10D8300003D9002BBDD00792BBE7424301345218F5
:10D840000123F2E70733D5E705AB00933A00114B0C
:10D8500029000298FDF7E6FB0390039B0133CCD12E
:10D86000BB890B985B0600D429E70120404226E7DC
:10D8700005AB00933A00074B29000298FDF78CFE98
:10D88000EAE7C046643A01006A3A01006E3A0100D4
:10D8900025B00000CDD50000936810B5013B936022
:10D8A000002B05DA9469A34208DBCBB20A2B05D022
:10D8B0001368581C10601970C8B210BDFEF79AF9B1
:10D8C000FBE7F8B506000F001400D518AC4201D1F3
:10D8D000002007E021783A003000FFF7DDFF013437
:10D8E000431CF3D1F8BD0000F0B59FB006000F0057
:10D8F00014000593002804D08369002B01D1FFF7A1
:10D90000A9F97F4B9F425CD17768BB891B0762D521
:10D910003B69002B5FD0002306AD6B6120336B7633
:10D920001033AB760294029C2378002B5DD1029BCE
:10D93000E31A04930DD0049B029A39003000FFF7DC
:10D94000C0FF431C00D1CCE06A69049B9446634449
:10D950006B612378002B00D1C3E0012200235242E7
:10D960006A6002A95432521801342B60EB60AB603C
:10D970001370AB65217805226248FFF783FA631CB8
:10D980009C46002835D12968CB0604D5532302AA2A
:10D9900020309B1818700B0704D553232B2002AAA4
:10D9A0009B18187023782A2B2CD000200A21099B61
:10D9B0002278303A092A00D86BE000282AD009934F
:10D9C00028E0514B9F4201D1B7689EE74F4B9F42E1
:10D9D0009BD1F76899E739003000FEF761F900281C
:10D9E00099D0012040421FB0F0BD252B9FD00134BB
:10D9F0009AE7444B2968C01A012383400B432B60EC
:10DA00006446B7E7059B181D1B680590002B3ADBA1
:10DA10000993644623782E2B0BD16378621C2A2B42
:10DA20003FD1059B02341A1D1B680592002B35DB84
:10DA30000793217803223648FFF724FA002807D0FD
:10DA4000334B2A68C01A4023834013432B600134B0
:10DA50002178631C06222F4802932976FFF712FAD9
:10DA6000002844D02C4B002B2FD12968059B07227E
:10DA7000C90528D59B189343083305936B69039A0E
:10DA80009B186B614FE75B42EB6002230B432B60FB
:10DA9000BFE74B4301349B18012089E701235B4218
:10DAA000C6E7002314000A201A006B602178303981
:10DAB000092903D9002BBCD00792BAE742430134AD
:10DAC00052180123F2E70733D5E705AB00933A007C
:10DAD000124B29003000FDF7A5FA0390039B013398
:10DAE000CCD1BB895B0600D57BE70B987BE705AB08
:10DAF00000933A00094B29003000FDF74DFDECE79B
:10DB000024390100643A010044390100043901005C
:10DB10006A3A01006E3A010025B00000C3D8000047
:10DB2000002370B5064C050008002360F9F724FBBC
:10DB3000431C03D12368002B00D02B6070BDC0466E
:10DB40002026002070B50C000E25495F00F0F0F88B
:10DB5000002803DB636D1B18636570BDA389024A4F
:10DB60001340A381F9E7C046FFEFFFFFF8B51F00A0
:10DB70008B8905000C001600DB0505D50E23C95E58
:10DB80000022022300F074F8A389054A28001340FC
:10DB9000A38132000E23E15E3B0000F01FF8F8BDC8
:10DBA000FFEFFFFF70B50C000E25495F00F060F835
:10DBB000A389421C03D1054A1340A38170BD802272
:10DBC00052011343A3816065F8E7C046FFEFFFFFF2
:10DBD00010B50E23C95E00F015F810BD70B5050034
:10DBE000080011000022064C22601A00FCF7D2F94E
:10DBF000431C03D12368002B00D02B6070BDC046AE
:10DC000020260020002370B5064C05000800236084
:10DC1000F9F7C4FA431C03D12368002B00D02B6012
:10DC200070BDC04620260020002370B5064C0500BC
:10DC3000080011002360F9F7B4FA431C03D12368EC
:10DC4000002B00D02B6070BD20260020002370B573
:10DC5000064C050008002360F9F7A8FA431C03D11D
:10DC60002368002B00D02B6070BDC046202600200A
:10DC700070B50500080011000022064C22601A0051
:10DC8000F9F796FA431C03D12368002B00D02B60D0
:10DC900070BDC0462026002082B0002900D101A915
:10DCA000101E06D0002B06D013780B601078431E90
:10DCB000984102B0704702204042FAE710B588420E
:10DCC00002D98B18984208D300239A4207D0CC5C23
:10DCD000C4540133F9E78B5C8354013AFBD210BD85
:10DCE00070477047F8B507000D001600002905D1F0
:10DCF0001100FFF70DFC04002000F8BD002A03D13D
:10DD0000FFF7BCFB3400F7E700F032F82C00864246
:10DD1000F2D931003800FFF7FBFB041EECD02900DC
:10DD20003200FDF7D1F829003800FFF7A7FBE3E741
:10DD300070B50500080011000022064C22601A0090
:10DD4000FCF714F9431C03D12368002B00D02B608F
:10DD500070BDC046202600200B1E04D0FF2A04D927
:10DD60008A2303608B3B180070470A700123FAE78F
:10DD70000B1F1B68181F002B01DA0B58C0187047C7
:10DD800002B4714649084900095C49008E4402BC4E
:10DD90007047C0468446101C62468C46191C634678
:10DDA00000E0C0461FB501F09DFB002801D4002112
:10DDB000C8421FBD10B501F0F7FA4042013010BD56
:10DDC00010B501F08FFB002801DB002010BD012001
:10DDD00010BDC04610B501F085FB002801DD002014
:10DDE00010BD012010BDC04610B501F017FB002882
:10DDF00001DC002010BD012010BDC04610B501F0AF
:10DE00000DFB002801DA002010BD012010BDC04626
:10DE10008446081C6146FFE71FB500F0CDF80028D6
:10DE200001D40021C8421FBD10B500F05FF8404288
:10DE3000013010BD10B500F0BFF8002801DB002054
:10DE400010BD012010BDC04610B500F0B5F8002887
:10DE500001DD002010BD012010BDC04610B500F04E
:10DE60006BF8002801DC002010BD012010BDC04669
:10DE700010B500F061F8002801DA002010BD012083
:10DE800010BDC046F0B5CE46474615042D0C2E00F9
:10DE900080B50704140C3F0C9946030C7E435D4388
:10DEA000674363437F19340CE4199C46A54203D9A8
:10DEB00080235B029846C4444B4651434343360497
:10DEC000360C250C24046544A4195918491920005E
:10DED0000CBC90469946F0BD10B50023002802D036
:10DEE00002F0C0FA431C180010BDC04670B54200D5
:10DEF00045024E024C00C30F6D0A120E760A240E24
:10DF0000C90F0120FF2A06D0FF2C03D0A24201D165
:10DF1000B54206D070BD002DFCD1FF2CFAD1002EE9
:10DF2000F8D18B4206D00120002AF3D12800451EEB
:10DF3000A841EFE70020EDE7F0B5420045024C02B2
:10DF4000C30F48006D0A120E640A000EC90FFF2AA3
:10DF50001ED0FF2821D0002A0AD16E426E41F6B2AF
:10DF600000280FD1002C0DD10020002D09D005E094
:10DF7000002801D1002C01D08B4211D00121584240
:10DF80000843F0BD002EF7D0012001390843F8E71F
:10DF9000002DDED002204042F3E7002CDBD0F9E771
:10DFA0008242EBDC04DBA542E8D80020A542E8D29F
:10DFB0000121581E0843E4E7F0B542004D024C0031
:10DFC0004602760A120EC30F6D0A240EC90FFF2AED
:10DFD00016D0FF2C18D0002A0AD170427041C0B26E
:10DFE000002C15D0002805D0012001390843F0BDD0
:10DFF000002C13D0994214D001205B421843F6E75D
:10E000000220002EF3D1E4E70220002DEFD1E2E759
:10E01000002DE7D10020002EE9D0EDE7002DE9D159
:10E02000EAE7A24206DCDFDBAE4203D80020AE42C4
:10E03000DAD3DCE7012049420843D8E7F8B5574670
:10E040004E464546DE46E0B54702460088467F0A12
:10E05000360EC40F002E47D0FF2E24D0FB008027A1
:10E06000FF041F43002399469A467F3E43465D02C4
:10E070005800DB0F6D0A000E984643D0FF283BD0B6
:10E08000EB0080250022ED041D437F383618731CF9
:10E0900041469B464B46614013430F2B64D875485D
:10E0A0009B00C3589F46002F42D108239946063B48
:10E0B000FF269A46DAE74146022A28D0032A00D1F1
:10E0C000CEE0012A00D0ACE0114000200022CCB20A
:10E0D0004002D205400AE407104320433CBC90466E
:10E0E0009946A246AB46F8BD002F15D104239946A8
:10E0F000033B00269A46B9E7FF200222002DC5D037
:10E100000322C3E7002D19D100200122BEE701241C
:10E11000FF220C400020DBE7380002F085F976266C
:10E12000431F9F4000237642361A99469A469DE740
:10E130000C239946093BFF269A4697E7280002F0F0
:10E1400073F9431F9D4076235B42181A00229DE716
:10E1500080200024C003FF22BAE73D005246ABE70F
:10E160003D0021005246A7E73B0C9C462A04120CB6
:10E170002B0C1400604665463F043F0C7C43424331
:10E180005D437B43270C9B18FF18BA4203D98023B9
:10E190005B029C46654424043A04240C1219930142
:10E1A0005C1EA3413F0C920E7D191A43AD0115432D
:10E1B0002B0104D501235E466A081D401543320039
:10E1C0007F32002A25DD6B0704D00F232B40042B60
:10E1D00000D004352B0103D53200274B80321D407F
:10E1E000FE2A94DC0124A801400AD2B20C406FE759
:10E1F0008020C003074207D0054205D128434002D2
:10E20000400A4446FF2263E738434002400AFF22A7
:10E210005EE70124A31A1B2B05DD0C400022002021
:10E2200056E75E46CBE72A002020DA40C31A9D401D
:10E230002B005D1EAB4113435A0704D00F221A4036
:10E24000042A00D004335A0104D5012401220C40D1
:10E2500000203DE701249B01580A0C40002237E7CB
:10E2600080200124C00328434002400A0C40FF22C2
:10E270002EE7C046803B0100FFFFFFF7F0B54F4699
:10E28000D64646464400C0B5C20F47024802400A7F
:10E29000844666467B0A4800C90F9A46240E15003C
:10E2A000DB00000E8946F600FF2800D18FE0012137
:10E2B0004F464F403900914266D0221A002A00DCB6
:10E2C0009DE000283DD1002E00D18BE0511E002999
:10E2D00000D0B5E001249B1B5A0144D59B019F0946
:10E2E000380002F0A1F805388740844200DD96E04E
:10E2F000041B3A0020200134E240041BA7403B00ED
:10E300005F1EBB41002413435A0704D00F221A405A
:10E31000042A00D004335A0127D50134FF2C00D140
:10E3200079E001229B015B0AE4B22A405B02E4052A
:10E33000580AD207204310431CBC90469946A24677
:10E34000F0BDFF2CE0D08021C9040E431B2A7BDCEA
:10E3500031002020D140821A9640721E96410E4311
:10E360009B1B5A01BAD45A07D0D10122DF082A4098
:10E37000FF2C33D1002F00D1A8E08023DB033B43E7
:10E380005B025B0AFF24D1E7211A00294CDD00283B
:10E390002AD0FF2CB8D08020C00406431B2900DD02
:10E3A000AFE030002027C840791A8E40711E8E41A0
:10E3B00006439B195901D6D50134FF2C00D185E0C5
:10E3C00001227A491A405B080B4013439CE7002E58
:10E3D00000D070E76BE73B1EC5D100227B025B0AD1
:10E3E000E4B2A3E714008FE7002E4DD0481E0028AA
:10E3F00057D19B1901245A01B5D50224E0E7002A20
:10E4000025D1621CD2B2012A72DD9F1B7A0135D55B
:10E41000F71A0D0064E7012200232A4086E73B003B
:10E42000634A241A13406FE700296CD1611CC8B2FB
:10E4300001284EDDFF2949D09B195B080C0063E7DA
:10E44000FF2A41D00A0081E701269B1B89E7002CA7
:10E450001CD0FF2821D08024E404524223431B2AED
:10E4600000DD96E01C002025D440AA1A93405A1ED5
:10E4700093412343F31A04000D002DE7002F00D031
:10E480002EE700220024A9E70C003DE7002B58D01E
:10E49000D243002AEED0FF28E1D13300FF240D0043
:10E4A00032E7FF2910D0010078E7002B6ED0FF245F
:10E4B000002E00D128E780225146D203114203D01A
:10E4C0006146114200D13300FF241DE7FF240023E1
:10E4D0002CE7002CE9D1002B63D0002E00D113E7EC
:10E4E0009B195A0100D43EE7314A0C0013400BE758
:10E4F000002C1ED1002B2FD1002E4FD033000D0049
:10E5000002E7012655E7002C1FD1002B43D0C94359
:10E5100000290BD0FF2839D01B2944DC1C00202700
:10E52000CC40791A8B40591E8B4123439B19040020
:10E5300040E7002B1AD1002E24D180270022FF03B0
:10E540001BE7330004000D00DEE6FF281ED0802408
:10E55000E40449422343DFE7002E00D1D4E69F1BA9
:10E560007A0100D437E7F31A0D00CDE6FF24002E20
:10E5700000D1C9E680225046D2031042A4D06046A2
:10E580001042A1D133000D00FF24BDE63300FF246B
:10E59000BAE601236EE733000400B5E60027002247
:10E5A0001CE73300B0E60123C0E7C046FFFFFF7D54
:10E5B000FFFFFFFB41024300C20F490A1B0E002070
:10E5C0007E2B0DDD9D2B0CDC802000040143952B60
:10E5D0000ADC9620C31AD9404842002A00D108001C
:10E5E0007047034BD018FBE7963B9940F4E7C046D1
:10E5F000FFFFFF7F70B5002830D0C317C4185C4000
:10E60000C50F200001F010FF9E231B1A962B0DDC76
:10E610009622D21A94402A006402640ADBB2640291
:10E62000DB05600AD2071843104370BD992B19DC33
:10E630009922D21A002A29DD94402200144C144059
:10E64000510704D00F210A40042A00D0043462018B
:10E6500013D4A401640ADBB22A00E0E700220023FD
:10E660000024DCE705222100121AD140B922D21A77
:10E670009440621E94410C43DAE7054B2A001C408B
:10E680009F23A4011B1A640ADBB2C8E72200D5E766
:10E69000FFFFFFFB10B5041E27D001F0C5FE9E232F
:10E6A0001B1A962B0ADC9622D21A94406402640A42
:10E6B000DBB26402DB05600A184310BD992B17DC3E
:10E6C0009922D21A002A27DD94402200134C1440CC
:10E6D000510704D00F210A40042A00D004346201FB
:10E6E00012D4A401640ADBB2E3E700230024E0E7CC
:10E6F000B9222100D21A91400A00511E8A410521F7
:10E70000091ACC401443DBE7044B1C409F23A401AF
:10E710001B1A640ADBB2CCE72200D7E7FFFFFFFB3E
:10E72000F8B54546DE4657464E460C03E0B54E006A
:10E73000C90F88460D00610A440F0C43C700190336
:10E740005800DB0F9B464B0A510F0B43760D400DD3
:10E750001900D200D84500D1AEE0351A002D00DCFA
:10E76000F6E000280FD1134300D1DBE06B1E002B35
:10E7700000D037E1BA1A9742BF41641A7F42E41BC6
:10E780000126170024E0C64B9E424DD080231B0477
:10E790001943382D00DD07E11F2D00DD38E1202071
:10E7A000431B9A460B005046834099461300484647
:10E7B000EB401843030050468240501E8241E9401E
:10E7C0001A43BA1A611A9742A441170064420C1BFB
:10E7D000230262D56402650A002D00D1DFE0280023
:10E7E00001F022FE0300083B1F2B00DDD2E02022B7
:10E7F0003C00D21A9D40D4409F4025439E4200DDFC
:10E80000C4E09E1B731C1F2B00DDF1E020223800AA
:10E810002900D21AD840914097402C000143781E1D
:10E820008741DC4000260F437B0709D00F233B4084
:10E83000042B05D03B1DBB42BF417F42E4191F00A2
:10E8400023022CD5964B01369E4200D19AE04546D4
:10E85000944BFF081C406007760564020743240BB5
:10E86000760D00212403230B0C0D8F4A24051C4335
:10E870001440330523435B00ED075B082B4338004E
:10E8800019003CBC90469946A246AB46F8BD64468A
:10E89000044300D111E2040067467B07C6D1454618
:10E8A0006007FF080743E4087D4B9E4230D02403F5
:10E8B0007605240B760DD4E7331A9A46002B78DDC3
:10E8C000002831D076488642AED080200004014333
:10E8D0005346382B00DCE9E00A43511E8A410021EF
:10E8E000D219BA42BF4109197C4217000C19230200
:10E8F000D3D56B4B01369E4200D13AE10120694BE2
:10E900001C407B0807401F43E007074364088BE770
:10E9100023003B4300D1CBE18022120314432403A4
:10E92000240B9EE72E007FE70800104300D1B4E0DF
:10E93000581E002800D0DEE0BA18BA429B41641885
:10E940005B42E418170001262302A6D50226D5E76C
:10E95000002D6ED1701C4005400D012800DCF9E04F
:10E96000B81A844687428041E51A40422D1A28028F
:10E9700000D489E0D71BBA4292411C1B5242A51A0F
:10E98000D84629E74546002400276AE7454CF61A91
:10E990002C4049E73D002838854000272EE7380005
:10E9A00001F042FD20301DE70A43511E8A4100213B
:10E9B00007E7002B00D0F3E0701C43055B0D012B33
:10E9C00000DCADE0364B984200D1D1E0BA18BA4233
:10E9D000BF4164187F42E419E707520817436408EF
:10E9E000060021E72E48854200D193E01D00D0E6C5
:10E9F00029001F3EF140202B00D18DE04022D31A88
:10EA00009D402F437D1EAF4100240F43002644E765
:10EA10002B000800203BD8400300202D00D17DE0D2
:10EA20004020451BA9400A43511E8A4100211A4338
:10EA3000C7E6002E50D01A4EB04257D080266B4207
:10EA40009946360434434B46382B00DDD6E01F2B65
:10EA500000DD35E12026F51A2600AE40B2463E0024
:10EA6000DE40AC46350056462E436546AF407D1E1F
:10EA7000AF41DC403743D71BBA4292410C1B524294
:10EA8000A41A0600D846A3E6644667462C4300D085
:10EA9000A2E600250026002706E71E00C4E6C046C1
:10EAA000FF070000FFFF7FFFFFFF0F801F2B63DCCE
:10EAB0002020C31A080098409C4683465346100005
:10EAC000D84003005846184363469A40531E9A4163
:10EAD00053460243D94003E726003E4306D0EB43AA
:10EAE0009946002BC7D0944EB042ACD10C00170011
:10EAF0000600D84698E6904B9A450BD08246E7E64A
:10EB0000002800D09EE01800104300D1E9E01C006E
:10EB10001700D846884E87E6002572E7002182E775
:10EB200023003B43002E00D0ABE0002B00D1E7E0F8
:10EB30000B00134300D177E6BA18BA42BF416418FC
:10EB40007F42E419230200D4F2E07C4B17001C4002
:10EB5000060069E620003843002ED1D100285BD1A1
:10EB60001C00144300D1A8E01C001700D8465BE647
:10EB700006000024002797E650460B002038C340CB
:10EB800099465346202B00D195E0402350461B1A4E
:10EB900099400A43511E8A414B4600211A439FE681
:10EBA000002E30D126003E4367D0DB439A46002B2F
:10EBB0001CD0614EB04260D05346382B00DD96E049
:10EBC0001F2B00DD9FE02026F31A26009E409C4666
:10EBD000B34653463E00DE4033005E461E43634666
:10EBE0009F407B1E9F415346DC403743BF189742EE
:10EBF000924164185242A418060078E627437C1E0E
:10EC0000A741002437E74C4EB04236D080265B4205
:10EC100036049A463443CFE71800104300D103E688
:10EC2000B81A84466745AD41E01A6D42401B0502A3
:10EC300000D42CE6D71BBA4292411C1B5242A41AA4
:10EC4000D846F1E51800104300D163E7F8086707DC
:10EC500007438020E4080003044208D0DD08054291
:10EC600005D1D208590711430F002C00D8467B0F5D
:10EC7000E4001C43FF00304ED6E50C0017000600F0
:10EC8000D2E5002B38D00B00134300D142E7F8083F
:10EC9000670707438020E40800030442E7D0CB085D
:10ECA0000342E4D1D208490711430F001C00DEE7FC
:10ECB00000270024D5E500216BE700250027F3E5B8
:10ECC0004E462500203EF5404B462E00202B2DD0F1
:10ECD0004025ED1AAC4027437C1EA7410024374352
:10ECE000C9E6802400252403134E0027DCE52743D2
:10ECF0007C1EA741002479E70C0017000E4E93E517
:10ED00000C00170090E556462300203EF34099463C
:10ED10005346202B0ED0402356469B1B9C40274336
:10ED20007C1EA7414B4600241F435FE70024D2E727
:10ED30001700B2E50024F2E7FF070000FFFF7FFFA6
:10ED4000F0B557464546DE464E46E0B54C000E034C
:10ED500087B0834692461D008046360B640DCF0F68
:10ED6000002C4FD06F4B9C4235D08023420F1B04A8
:10ED7000F600134333439946C30098466A4B002676
:10ED80009C460023644403932B031B0B9B466B00A0
:10ED9000ED0F50465B0D01955ED0624A934253D011
:10EDA0005A46D1008022400F120402430A43934680
:10EDB0005246D1005C4A94460022634438006840C1
:10EDC00084460290E41A16430F2E00D9B4E0574B44
:10EDD000B6009B599F460300334399466CD10023EC
:10EDE0009846023308260393CEE7CB464146039A62
:10EDF0000197022A65D1019B4A4C9C4600230022C0
:10EE000098466BE00300334399464ED0002E00D164
:10EE1000BCE1300001F008FB03000B3B1C2B00DDC4
:10EE2000ACE11D22D31A5A460100DA4008398E405F
:10EE30001300334399465B468B40984600233C4C75
:10EE40000026241A03939FE751465A46114329D1BD
:10EE5000002293460232B1E7594601431ED05B4679
:10EE6000002B00D19EE1584601F0DEFA03000B3B77
:10EE70001C2B00DD8FE102005946083A91408B4679
:10EE80001D21CB1A5146D9400B0059460B43514620
:10EE90009B469140264B00221B1A8FE7002301223C
:10EEA0009B468BE75146032288E7002398460133AF
:10EEB00004260024039367E70323B14603930C263B
:10EEC00062E7032A00D15CE2019B012A00D0E4E161
:10EED00013409C4600230024002298460021120380
:10EEE000130B0A0D12051A432305124C404622400B
:10EEF000134362465B00D2075B081343190007B057
:10EF00003CBC90469946A246AB46F0BD0023802209
:10EF10009C4612039846034CE0E70023014C002274
:10EF20009846DBE7FF07000001FCFFFFC03B010044
:10EF30000DFCFFFFFFFF0F80D94500D939E100D15B
:10EF400034E1002346464D469A46013C5B460A0E94
:10EF50001B021A430B02170C039313041B0C3900FA
:10EF6000280090460193F8F7FFFC0200019B8346BE
:10EF70005A43280039009146F8F730FD350C090452
:10EF80000D43A9450DD95B464544013BA84500D931
:10EF90003AE1A94500D837E102235B429C4645444B
:10EFA000E3444B46EB1A390018000493F8F7DCFCF5
:10EFB000019B05004343390004989946F8F70EFD7C
:10EFC000330409041B0C0B43994509D943446A1EB9
:10EFD000984500D91AE1994500D817E1023D43440C
:10EFE0004A469B1A5A4612042A4303999346100C28
:10EFF0000A0C914609045A46090C4E460D001204AB
:10F00000120C4543059151437243704352190E0C43
:10F01000B218954203D980256D02AC466044150CA8
:10F0200009041204090C28185218834200D2CEE0B9
:10F0300000D1C8E01D1A53469E1AB2459241524271
:10F04000AB1A9A46984500D117E139001800F8F735
:10F050008BFC019B05004343390050460493F8F7AD
:10F06000BDFC04980B04310C1943884209D9414472
:10F070006B1E884500D907E1884200D804E1023DB3
:10F080004144049BCB1A180039000493F8F76CFC38
:10F09000019B82464343390004980193F8F79EFC94
:10F0A00001980B043104090C194388420DD95346C9
:10F0B0004144013B884500D9E8E0884200D8E5E0BA
:10F0C00002235B429C464144E244019B2D04CE1A3C
:10F0D00051462943059D4F462A000B04080C1B0C82
:10F0E0005A4345437B4378435B19170CFB189D42F9
:10F0F00003D980256D02AC4660441D0C12041B042C
:10F10000120C28189B18864200D293E000D18EE0A2
:10F1100001231943A04BE318002B00DC99E04A07B8
:10F1200000D09EE05A46D20106D55A469B4B1A4063
:10F1300080239346DB00E318994A934268DD01235C
:10F14000029A984C1A400023944698460022C5E63D
:10F1500080224B46120313420AD05B46134206D16B
:10F160001A431203120BAC4688468E4CB6E64B4649
:10F170001A431203120BBC468A4CAFE603005A46F0
:10F18000283B9A4000239146984657E6584601F09E
:10F190004BF9203040E603005246283B9A400021BC
:10F1A000934677E601F040F920305FE6884500D2CB
:10F1B000C7E64B46DE075D0843465B081E434346F1
:10F1C000DB079A46C2E60025924500D333E7039E4B
:10F1D0005946B446E244B245AD416D424544EB1850
:10F1E0000139984507D2984200D97FE000D1BCE0B0
:10F1F0001D1A8B461FE79845FAD1039D5545F2D954
:10F2000043468B461D1A16E79B46CAE61500E7E6FD
:10F210005A46C90852070A435B0590465C0D5A4698
:10F220000123029952021940120B8C4656E6002B1C
:10F2300000D16FE746444A1EB04529D911008642E5
:10F2400000D065E7039A934200D061E762E70121AD
:10F2500049420120C21A382A21DD029B03409C4604
:10F2600038E60F220A40042A00D15BE70A00111D8C
:10F27000914292415242934454E7474BE318002B8A
:10F28000E5DD01225242F2E71D00FAE69A461CE74C
:10F29000B04239D86ED011003AE702933AE71F2AFC
:10F2A0003CDC20239B1A0C005846994098404B1E8A
:10F2B00099415B46D440D340204308431A0043079A
:10F2C00009D00F230340042B05D00100081D8842FC
:10F2D0009B415B42D21813023AD50123029A0124C2
:10F2E0001A400023944698460022F7E5022149423D
:10F2F0008C46039DE344AC46E244AA45AD416D42D1
:10F300004544ED182D1A96E68A1E03994D008D424C
:10F31000894149424144761803958FE71F204042B6
:10F32000C31A5846D8400300202A28D040205D4602
:10F33000821A954029434A1E91411943072300220E
:10F340000B4009D00F2300220B400800042BBDD135
:10F35000010053075202120BC908194301238846C2
:10F360000299002419408C46B8E55245BED88B4618
:10F37000002560E6039D9D42C6D3110062E700258B
:10F38000D8E780225B4612031A43019B1203120B3B
:10F390009C468846034CA1E5FF030000FFFFFFFEEB
:10F3A000FE070000FF070000F0B54F464646D64670
:10F3B0005C00C0B51F03DB0F9A46174B0E034D00D0
:10F3C00084468046360B6D0DC90F91463F0B640D88
:10F3D00001209D4208D09C4201D0A5420BD01CBC0C
:10F3E00090469946A246F0BD63463343F7D1AC42FE
:10F3F000F5D13A43F3D10120BE42F0D1C845EED158
:10F40000514507D0002DEAD163461E433000461E09
:10F41000B041E4E70020E2E7FF070000F0B5454611
:10F42000DE4657464E46E0B51F033D0B2C4F0E03FC
:10F430004C00AB465D008446360B640DC90F904608
:10F440006D0DDB0FBC422AD0254FBD422DD0002CC4
:10F450000FD130430700814678427841C0B2002D79
:10F4600017D15F463A4314D14B460020002B0AD0F7
:10F4700006E0002D02D15846024301D0994218D02F
:10F480004842012108433CBC90469946A246AB46FF
:10F49000F0BD0028F2D00120013B1843F3E737000C
:10F4A0000743D1D002204042EDE75F461743CED05C
:10F4B000F8E7AC42E4DC03DA481E01210843E2E746
:10F4C0005E45DDD806D000205E45DCD20123481E13
:10F4D0001843D8E7C445D3D80020C445F6D3D2E7B3
:10F4E000FF070000F0B54E464546DE4657465C0035
:10F4F000E0B51F03DB0F99462A4B0E034D00C90FE1
:10F500008446360B6D0D8B4690463F0B640D9D4235
:10F5100020D0244B9C4222D0002D12D130434342B4
:10F520004341DBB2002C1FD0002B0CD04B460120F6
:10F53000013B034318003CBC90469946A246AB46AB
:10F54000F0BD002C16D0CB4517D05B4659420123A5
:10F550000B43EFE7310002230143EBD1D9E7390038
:10F5600002231143E6D1D7E73A43DDD10023002837
:10F57000E0D0EAE73A43E6D1E7E7A542E5DC05DB80
:10F58000BE42E2D807D00023BE42D3D2594601235F
:10F5900001390B43CEE7C445D7D80023C445F5D382
:10F5A000C8E7C046FF070000F0B557464546DE46AF
:10F5B0004E46E0B50C0398464E00230B87B007007B
:10F5C00092469B46760DCD0F002E6BD06D4B9E4222
:10F5D00035D080245B46420F2404DB0014431C43D7
:10F5E000C3009946684BA3469C4600230027664407
:10F5F000029343461C035A00DB0F5046240B520D66
:10F60000984600D176E05F4B9A426DD08023410F3F
:10F610001B040B435C49E4008C461C43C3000020E0
:10F6200062444146B6186940721C019194460743F2
:10F630000F2F00D9B0E0554ABF00D25997465B461C
:10F640000343994600D087E000239B4602330827F6
:10F650000293CEE742460192022867D0032800D1E8
:10F660000EE2012800D062E1002300240022994626
:10F6700001990140CDB2002112030B0D120B1B05A5
:10F680001343434A240513401C436400ED076408F8
:10F690002C434846210007B03CBC90469946A24600
:10F6A000AB46F0BD034399464FD05B46002B00D1DB
:10F6B00089E1584600F0B8FE03000B3B1C2B00DD2F
:10F6C0007AE11D22D31A3A0001005C46DA4008397B
:10F6D0008C4013008F4023439B46B94600232D4E98
:10F6E0000027361A029384E7534623432AD1002485
:10F6F000022096E75346234320D0002C00D157E147
:10F70000200000F091FE03000B3B1C2B00DD49E1C3
:10F710001D21CB1A51460200D9405346083A944065
:10F7200093400C431B4A121A00207AE70125019BE3
:10F73000144C1D400023002299469CE7002400221F
:10F7400001206EE7534603206BE700239B460133FD
:10F750000427002602934CE7032381460C270293DB
:10F7600047E780220023002512039946054C82E7D3
:10F770005C464B4602986FE75C464B460195029803
:10F780006AE7C046FF07000001FCFFFF003C0100E4
:10F79000FFFF0F800DFCFFFF4A464946170C1A0C6D
:10F7A0001B041B0C08041900000C4143150088467B
:10F7B00019007D4379430395894629001500454387
:10F7C0004D44029545462D0CAA46029D5544A94537
:10F7D00006D98A46802149028946CA445146039186
:10F7E000290C0491414609042D04090C884629007E
:10F7F000250C24044144240C0591210041438846F2
:10F80000210079438A466843414650448146080CAA
:10F8100048446F43824503D98021490289464F44B9
:10F82000010C894639004944029141460F0404996C
:10F830003F0C88460004C019804441460491594653
:10F840000F0C0904090C884659438A463900514374
:10F85000894641464A435146090C8B467B43D218A0
:10F860005A44934203D980235B029B46D9445146B4
:10F870000904090C8A46414661437C43130C120477
:10F880004B445244A1468A463C0041466C434D439A
:10F8900051464D440F0C7D19A94503D980214902D9
:10F8A00088464444049F0399B84641448B468345A7
:10F8B000804141428846514608042F04000C3F18FD
:10F8C0005846029910188946904292414F44BA46D0
:10F8D000524299469346C244D144CB448F42BF41E1
:10F8E000C245894199459B41934592417F42494296
:10F8F0002D0C52420F435B4213437F19FF185B46A6
:10F900003C19DB0D059A64021C43430213435D1E40
:10F91000AB415A46C00D034352021343E20156D590
:10F9200001205A0803401343E207134364085A486E
:10F93000604400284DDD5A0709D00F221A40042ADE
:10F9400005D01A1D9A429B415B42E4181300E20164
:10F9500004D58020514AC00014406044504A90426F
:10F9600000DDE3E60125DB0862071A436402019B20
:10F970009146220B4405640D1D407CE680225946C9
:10F980001203114208D0144206D122431203120B73
:10F9900045469946434C6EE65B461A431203120BEA
:10F9A000404C68E603005446283B9C400023B9E6DF
:10F9B00000F03AFD2030A6E60300283B9F400023DC
:10F9C000BB4699468AE600F02FFD203074E6B44627
:10F9D000ADE701252A1A382A06DD019B00241D40C7
:10F9E00000230022994646E61F2A21DC202520001C
:10F9F000AD1A1E00AB40A840D6405D1EAB4130435F
:10FA00001843D440430709D00F230340042B05D0EB
:10FA10000300181D98429B415B42E418230221D544
:10FA20000125019B01241D4000230022994622E666
:10FA30001F2521006D42281AC1400800202A1DD030
:10FA40005F35AA1A944023435C1EA3410725034354
:10FA50001D400022002D09D00F2200241A4018005A
:10FA6000042AD6D1030065076402220BDB082B436E
:10FA700001259946019B00241D40FCE50024E2E796
:10FA8000802201251203224301991203120B0D401B
:10FA90009946044CEFE5C046FF030000FFFFFFFE60
:10FAA000FE070000FF070000F0B54646D6464F4669
:10FAB0000C03C0B5CD0F4E00610A440F0C43C100CA
:10FAC0005800400D84468A460F001903500F490A1A
:10FAD0000143C648760DA846DB0FD200844500D10D
:10FAE000D8E001204340AB4200D1A6E06046351A81
:10FAF000002D00DC05E1002810D10B00134300D1DC
:10FB0000D7E06B1E002B00D04BE153469F1ABA453D
:10FB10008041641A4042241A01261EE0B34B9E42E3
:10FB200048D080231B041943382D00DD19E11F2D17
:10FB300000DD4CE120230F005B1B10009A409F402A
:10FB4000E840531E9A41E940074317435346DF1BE1
:10FB5000611ABA45A44164420C1B230200D4C5E0DB
:10FB60006402650A002D00D1F6E0280000F05CFC7C
:10FB70000300083B1F2B00DDE9E020223C00D21AE5
:10FB80009D40D4409F4025439E4200DDDBE09E1B0C
:10FB9000731C1F2B00DD0AE120223800D21A290035
:10FBA00097402C009140D8407A1E9741DC400026B7
:10FBB00001430F437B0709D00F233B40042B05D0A3
:10FBC0003B1DBB42BF417F42E4191F00230225D5E4
:10FBD000864B01369E4200D1AFE0854B01251C408B
:10FBE00043466207FF08640276051743240B760D2F
:10FBF0001D4000212403230B0C0D7E4A24051C43C9
:10FC00001440330523435B00ED075B082B433800AA
:10FC100019001CBC90469946A246F0BD01254346FA
:10FC20006207FF081743E4081D40704B9E4236D020
:10FC300024037605240B760DDBE76346F31A002BCD
:10FC400000DC94E06046002835D068488642B1D098
:10FC500080273F043943382B00DCFDE00A431700BE
:10FC600000217A1E97415744574580410919444263
:10FC70000C1923023AD55D4B01369E4200D14BE16F
:10FC800001225B4B1C407B0817401F43E2071743D0
:10FC900064088FE70800104300D024E721E7230021
:10FCA0003B4300D1B9E18022120314432403240B07
:10FCB0009FE72E007EE70800104300D1CAE0581EDF
:10FCC0008446002800D0E7E0524452458041641841
:10FCD0004042241817000126230207D50226CFE749
:10FCE00064462C4300D1B3E12C0067467B0700D06B
:10FCF00062E76307FF081F4301254346E4081D40F0
:10FD000093E7002D78D1751C6D056D0D012D00DC7C
:10FD1000F2E05046801A8245BF41651A7F42ED1BD2
:10FD20008446280200D48CE05046171ABA42924109
:10FD30000C1B5542651B984614E7012543460024D9
:10FD40001D40002755E72A4CF61A2C4032E73D00AB
:10FD500028388540002717E7380000F065FB203081
:10FD600006E70A43170000217A1E9741EEE6002BB2
:10FD700000D0E5E0731C9C465B055B0D012B00DCAD
:10FD80009FE01A4B9C4500D1C5E05244524580414A
:10FD9000641840422418E70752081743640866466F
:10FDA00008E71248854200D185E01D00BCE6290025
:10FDB0001F3EF140202B00D17FE04022D31A9D400E
:10FDC0002F437D1EAF4100240F4300268EE72B00FA
:10FDD0000F00203BDF40202D71D040235D1BA94048
:10FDE0000A43511E8A4100211743AFE6FF07000076
:10FDF000FFFF7FFFFFFF0F80002E3ED0B34EB445C4
:10FE000045D0802636046D423443382D00DDA8E00D
:10FE10001F2D00DD1FE1202627005046761BB7402E
:10FE2000E84007435046B040461EB041EC403843DE
:10FE3000171ABA4292410C1B5242A41A66469846BF
:10FE40008BE6644667462C4300D08BE600250026EF
:10FE50000027EAE61E00ADE61F2B60DC2027F81A1B
:10FE60000F00844687401000D84007436046824018
:10FE7000501E8241D9401743F5E6260050460643FE
:10FE800005D0ED43002DD3D0904EB445BDD10C002C
:10FE90001700664698468DE68C4883420BD0634631
:10FEA000D9E6002D00D096E00800104300D1E2E032
:10FEB0000C0017009846854E7CE6002580E700215F
:10FEC0008EE7230050460343002E00D0A8E0002B0D
:10FED00000D1DEE00B00134300D16BE652445245E3
:10FEE00080416418404224181700230200D4FDE624
:10FEF000774B66461C405DE6250050460543002EC4
:10FF0000CFD1002D4FD10C00144300D1A0E00C0044
:10FF1000170098464EE666460024002785E61F0037
:10FF20000800203FF8400700202B00D18EE0402041
:10FF3000C31A99400A43511E8A410021174392E691
:10FF4000002E14D126005046064362D0DB43002B1E
:10FF50005CD187189742924164185242A4186646B1
:10FF600087E650462043441EA041002460E7574ED8
:10FF7000B4454ED0802636045B423443382B00DD36
:10FF80007FE01F2B00DD8BE0202627005046F61A6D
:10FF9000B740D84007435046B040461EB0410743E3
:10FFA000DC40BF18D6E70D00154300D102E65046ED
:10FFB000801A8245BF41651A7F42ED1B84462802A4
:10FFC00000D48DE65046171ABA4292410C1B524299
:10FFD000A41A9846EEE50D00154300D16BE7504694
:10FFE0006707C00807438020E4080003044207D0E5
:10FFF000CD08054204D12C009846D70849070F4385
:020000021000EC
:100000007B0FE4001C43FF00304ED3E52F4EB44578
:10001000B4D10C0017006646CCE500270024E8E5C3
:10002000002B39D00B00134300D144E7C008670709
:1000300007438020E40800030442E1D0CB080342D8
:10004000DED1D70849070F431C00D9E7002171E72B
:1000500000250027E9E52E002700203EF740202D4F
:100060002FD04026751BAC4050462043441EA04173
:1000700000243843DCE6802400252403134E0027A7
:10008000D3E5504620430700781E87410024BF185F
:1000900060E70C0017008DE50C0017000B4E89E59A
:1000A0001E002700203EF740202B0CD04026F31ADC
:1000B0009C4050462043441EA04107430024BF18E3
:1000C00048E70024D0E70024F3E7C046FF0700001C
:1000D000FFFF7FFF70B50E4E0D031C0349005B0050
:1000E0002D0B490D240B5B0DB14204D008490020B3
:1000F0008B4208D070BD05430120002DFAD1044980
:1001000000208B42F6D114432000441EA041F1E7A9
:10011000FF07000030B5134D0A034B00120B5B0DB7
:10012000C90F0024AB4210DD0F4CA3420FDC80242A
:100130000E4D64032243ED1A1F2D0BDD0C48C31A2C
:10014000DA405442002900D11400200030BD094B90
:10015000CC18FAE7084CE840A44663449A400243AE
:10016000EFE7C046FE0300001D040000330400005A
:1001700013040000FFFFFF7FEDFBFFFF70B50028B9
:1001800030D0C317C4185C40C50F200000F04CF9F4
:10019000174B184A1B1AD21A1F2A18DD164AD21AF0
:1001A0009440002224035B05240B5B0D002110000A
:1001B00024030A0D240B12052243104C1B05224078
:1001C00013435B00ED075B082B43190070BD210052
:1001D00091400A000B21081AC4405B052403240B3C
:1001E0005B0DE3E70025002300240022DEE7C04684
:1001F0001E0400003304000013040000FFFF0F8002
:1002000010B5041E28D000F00FF9154B154A1B1A23
:10021000D21A1F2A15DD144AD21A94400022240350
:100220005B05240B5B0D0021100024030A0D240B39
:10023000120522430D4C1B05224013435B00590855
:1002400010BD210091400A000B21081AC4405B0533
:100250002403240B5B0DE6E7002300240022E2E7E1
:100260001E0400003304000013040000FFFF0F8091
:100270004100090E4B1C70B5DBB24602750AC40F73
:10028000012B14DDE0239B006D07360BCB180021FA
:100290000A0D280012051C4D32435B052A405B08FD
:1002A00013435B00E4075B082343190070BD00297A
:1002B00014D1002D1ED0280000F0B6F80A281CDC4E
:1002C0000B232A001B1ADA40030015339D400F4B05
:1002D00012031B1A5B05160B5B0DD8E7002D06D029
:1002E000320B802636036D071643094BCFE7084BC8
:1002F0000026CCE700230026C9E703002A000B3BB9
:100300009A400025E3E7C046FFFF0F808903000005
:10031000FF070000F0B54C00640D0B03621C450F95
:100320005B0A52052B43C90FC500520D012A28DD77
:100330003A4AA618FE2E1BDC002E3EDD800102008C
:10034000501E82416D0F2A43DB0013435A0704D02D
:100350000F221A40042A00D004338022D2041A400B
:100360005AD00136FF2E03D09B015B0AF4B201E0A4
:10037000FF2400235802E405400AC907204308432C
:10038000F0BD002C07D01D43F2D08020DB0080049C
:100390000343FF26DAE72B4303D00523DB08FF2CBA
:1003A00003D05B025B0AE4B2E4E7002B32D080208A
:1003B000C00303435B025B0ADCE73200173214DB45
:1003C00080221E2712041343BF1B1F2F0FDC144A69
:1003D000944664442A00A5402E00A340751EAE41F9
:1003E000FA40334313430026B0E70024D5E7022246
:1003F0005242961B1A00F240202F09D00948844629
:100400006444A3402B435D1EAB41002613439DE78C
:100410000023F7E70023ADE73400BFE780FCFFFFD0
:1004200082FCFFFFA2FCFFFF1C2101231B0498425A
:1004300001D3000C10391B0A984201D3000A083975
:100440001B09984201D30009043902A2105C40182C
:100450007047C046040302020101010100000000D0
:1004600000000000414208401C2101231B04984267
:1004700001D3000C10391B0A984201D3000A083935
:100480001B09984201D30009043902A2105C401AEA
:100490007047C0461B1C1D1D1E1E1E1E1F1F1F1F3A
:1004A0001F1F1F1F0A4D73674944203D20257820D8
:1004B0007C2043414E2044617461204669656C6430
:1004C000203D2030782578206F7220256C640A004A
:1004D0000A526563656976656420627920417843D4
:1004E0005F546F703A20257820446174612025782C
:1004F0002025782025782025782025780000000008
:10050000900500009405000090050000A40500007F
:10051000A40500009005000094050000A40500005B
:10052000AA0500003E060000440600004A0600003E
:1005300050060000560600005C060000696E6974F3
:100540005F4D6F746F725F537472756374204E5594
:100550004C4C20506F696E7465722E0A00000000CA
:10056000696E69745F4D6F746F725F5374727563F7
:10057000742829202D3E20496E636F727265637462
:10058000204D6F746F72204E616D652070617373C2
:1005900065640A002E2E2F68616C2F696E636C757E
:1005A00064652F68616C5F7764742E6800000000DA
:1005B0000A414443204D6178203D20256C64207C15
:1005C0002041444320417667203D20256C64207CF7
:1005D00020414443204D696E203D20256C640A0073
:1005E0000A414443205241572056616C756573207F
:1005F0006930203D20256C64207C206931203D201D
:10060000256C640A000000000A6368697020696E46
:10061000666F203D20256C64206F72203078256C39
:10062000580A00000A53504920436F6D6D732077BC
:1006300069746820544D4334363731206973207310
:1006400075636365737366756C0000000A457874A2
:1006500020466C61736820494420436865636B20C1
:10066000506173730A0000000A2D2D2D2D2D2D2DA4
:100670002D544D433436373120535049204368655B
:10068000636B204661696C65642D2D2D2D2D2D2DFC
:100690002D0A00000A2D2D2D2D2D2D50617373690B
:1006A000766520466C617368205350492043686525
:1006B000636B204661696C65642D2D2D2D2D0A001C
:1006C0000A45787420466C617368204353202D3EA0
:1006D000202564207C20494F5850204353202D3E34
:1006E0002025640A000000004576656E210A00009E
:1006F0004F6464210A000000536F75746842726988
:1007000064676520416464722073657420746F208F
:100710005245454C4552315F47554944455F524526
:10072000454C455241444A312E20496E69746961F5
:100730006C697A6564205245454C4552312C2047FE
:100740005549444520616E64205245454C4552410F
:10075000444A3120737472756374732E0A0000006A
:10076000536F75746842726964676520416464728E
:100770002073657420746F205641525245535420A3
:1007800031203220616E6420536F6C656E6F696436
:100790002E20496E697469616C697A6564205641DE
:1007A00052524553543120616E642032207374726A
:1007B000756374732E0A0000536F75746842726912
:1007C00064676520416464722073657420746F20CF
:1007D0005245454C4552325F5245454C4552414485
:1007E0004A325F46524F4E5443414D2E20496E6966
:1007F0007469616C697A6564205245454C45523292
:100800002C205245454C455241444A3220616E6489
:100810002046524F4E5443414D2073747275637499
:10082000732E0A000A546F70205265656C65722041
:10083000526F7461727920456E636F6465722052E5
:1008400065736F6C7574696F6E203D2025356C641F
:1008500020707072000000000A546F7020526565AD
:100860006C657220526F7461727920456E636F649B
:10087000657220446972656374696F6E203D20253E
:100880006C640A000A0A58206178697320526F74F8
:1008900061727920456E636F646572204469726588
:1008A0006374696F6E20495320616C69676E65647B
:1008B0002E0000000A0A59206178697320526F7473
:1008C00061727920456E636F646572204469726558
:1008D0006374696F6E20495320616C69676E65644B
:1008E0002E0000000A0A5A206178697320526F7442
:1008F00061727920456E636F646572204469726528
:100900006374696F6E20495320616C69676E65641A
:100910002E0000000A58204178697320526F7461DC
:10092000727920456E636F646572204469726563F5
:1009300074696F6E204953204E4F5420616C696773
:100940006E65642E000000000A592041786973200A
:10095000526F7461727920456E636F6465722044D2
:100960006972656374696F6E204953204E4F54203D
:10097000616C69676E65642E000000000A5A2041B0
:1009800078697320526F7461727920456E636F6469
:10099000657220446972656374696F6E20495320E3
:1009A0004E4F5420616C69676E65642E0000000034
:1009B0000A58204178697320526F7461727920451A
:1009C0006E636F64657220446972656374696F6EEB
:1009D00020697320464F52574152442E205365746C
:1009E00020697420746F20524556455253452E009D
:1009F0000A59204178697320526F746172792045D9
:100A00006E636F64657220446972656374696F6EAA
:100A100020697320464F52574152442E205365742B
:100A200020697420746F20524556455253452E005C
:100A30000A5A204178697320526F74617279204597
:100A40006E636F64657220446972656374696F6E6A
:100A500020697320464F52574152442E20536574EB
:100A600020697420746F20524556455253452E001C
:100A70000A58204178697320526F74617279204559
:100A80006E636F64657220446972656374696F6E2A
:100A900020697320524556455253452C20536574A6
:100AA00020697420746F20464F52574152442E00E3
:100AB0000A59204178697320526F74617279204518
:100AC0006E636F64657220446972656374696F6EEA
:100AD00020697320524556455253452C2053657466
:100AE00020697420746F20464F52574152442E00A3
:100AF0000A5A204178697320526F746172792045D7
:100B00006E636F64657220446972656374696F6EA9
:100B100020697320524556455253452C2053657425
:100B200020697420746F20464F52574152442E0062
:100B3000440B01004C0B0100540B01005C0B010045
:100B4000257300005B4552525D2000005B57524EFA
:100B50005D2000005B494E465D2000005B4442473B
:100B60005D20000051120000191200004820000012
:100B7000BA210000482200009A230000202400002F
:100B80004024000060240000E62400006C250000E2
:100B9000F2250000FA25000048200000482000004F
:100BA000482000004820000074280000C6280000EB
:100BB0003E220000CA210000D62100003E22000093
:100BC0003E220000DC210000E6210000F2210000AE
:100BD000FE2100003E2200003E2200003E220000D6
:100BE0000A220000142200003E2200003E220000E3
:100BF0003E2200001E220000242200003E220000AF
:100C00003E2200002E2200003E2200003E22000074
:100C10003E2200003E22000034220000902300000B
:100C20009023000010230000902300009023000078
:100C3000202300002E2300003E2300004E2300004E
:100C40005E23000068230000902300009023000032
:100C5000182300009023000090230000722300005E
:100C60007C230000862300001624000016240000C8
:100C7000AA2300001624000016240000BA23000056
:100C8000C8230000D8230000E82300001624000039
:100C9000162400001624000016240000B2230000D1
:100CA0001624000016240000F8230000022400008F
:100CB0000C240000DC240000DC2400007024000070
:100CC000DC240000DC240000802400008E240000CE
:100CD0009E240000AE240000DC240000DC24000080
:100CE000DC240000DC24000078240000DC24000068
:100CF000DC240000BE240000C8240000D224000030
:100D00006225000062250000F62400006225000034
:100D1000622500000625000014250000242500009F
:100D200034250000622500006225000062250000D5
:100D300062250000FE2400006225000062250000FC
:100D4000442500004E25000058250000E82500003D
:100D5000E82500007C250000E8250000E8250000CB
:100D60008C2500009A250000AA250000BA25000065
:100D7000E8250000E8250000E8250000E82500003F
:100D800084250000E8250000E8250000CA250000B1
:100D9000D4250000DE250000102600004A260000B1
:100DA0006A2800006A2800006A2800006A280000FB
:100DB0006A2800006A2800006A2800006A280000EB
:100DC0006A2800006A2800006A2800006A280000DB
:100DD0006A2800006A280000DC2600006A2800005B
:100DE000F62600001A2700006A2800006A28000082
:100DF000542800005265656C657220536574205656
:100E0000656C6F6369747920256C642072706D0A5B
:100E1000000000005265656C6572205365742054B3
:100E200065657468204E756D626572206F7220541E
:100E300072696767657220537465702053697A65BB
:100E400020617320256C640A000000005365742043
:100E5000456E636F646572204D6F6465207C2076FB
:100E6000616C203D20256C64207C20456E636F649E
:100E70006572204D6F6465203D20256400000000F0
:100E80000A477569646520566172726573742056ED
:100E9000656C6F636974792053657420746F2025C5
:100EA0006C64207573746570732F7365630A00003A
:100EB000636865636B5F4F70656E5F5269676874E6
:100EC0005F4C696D69745F53746174757328292070
:100ED0006D206E756C6C207074722072656365692C
:100EE0007665640A00000000636865636B5F4F709D
:100EF000656E5F52696768745F4C696D69745F53B2
:100F00007461747573282920494F585020636F6DA0
:100F10006D73206661696C65640A0000496E7369CF
:100F20006465204D534B5F4D4F54315F525F4C49C8
:100F30004D0A000053696E676C65204C696D6974D9
:100F4000204D6F746F72204F70656E205269676814
:100F500074204C696D697420486974210A0000008E
:100F6000446F75626C65204C696D6974204D6F74B7
:100F70006F72204F70656E205269676874204C69EB
:100F80006D697420486974210A000000496E736914
:100F90006465204D534B5F4D4F54325F525F4C4957
:100FA0004D0A0000554152542041646472657373C8
:100FB000206E6F742070617274206F66206375728A
:100FC00072656E7420636F6E666967202D3E202502
:100FD000640A00000A4F70656E20526967687420C9
:100FE0004C696D697420697320484954210A0000D6
:100FF0000A4F70656E205269676874204C696D698C
:1010000074206973206E6F7420484954210A0000CF
:101010005468652063757272656E74205265656CE4
:10102000657220506F736974696F6E206973203D1B
:101030002041425320256C642075737465707320C1
:101040007C2052454C20256C642075737465707348
:10105000000000005265656C657220537461727403
:101060003A2056454C5F54494D45522053746172A5
:10107000746564207C2053616720616E6420526F28
:10108000746174652056656C204D6F646520456EF3
:1010900061626C65640000005B4859425D205265E6
:1010A000656C657220526573756D65640A00000099
:1010B0000A5265656C6572205374617274204D6FBD
:1010C000746F7220776974682056656C6F636974F9
:1010D0007920256C642072706D0A00005B485942CB
:1010E0005D204F6E652D53686F742061726D65646D
:1010F00020666F722074686973206D6F76650A00D0
:101100005265656C6572204D6F766520546F2025A1
:101110006C642073746570730A0000005265656C1E
:101120006572204D6F766520427920256C642073AE
:10113000746570730A0000005265656C6572205317
:10114000657420496E697469616C20506F736974AD
:10115000696F6E20746F20256C64207374657073E2
:101160000A0000005265656C657220486F6D696EFB
:101170006720436D642052786376640A00000000A3
:101180000A5265656C65722053746F70204D6F74E0
:101190006F720A005265656C6572205061757365E7
:1011A000204D6F746F720A00746D63323230395F94
:1011B0004D6F766528293A20636865636B5F4F70D1
:1011C000656E5F52696768745F4C696D69745F53DF
:1011D000746174757328292072657475726E656404
:1011E0002066616C736520666F7220612073696E82
:1011F000676C65206C696D6974206D6F746F722EF9
:10120000204E6F74204D6F76696E672E0A000000C5
:101210006D6F76655F6469722E70726576203D3DF4
:10122000206D6F76655F6469722E61745F726C69A0
:101230006D6974203D3D20464F52574152440A008B
:101240006D6F76655F6469722E70726576203D3DC4
:10125000206D6F76655F6469722E61745F6C6C6976
:101260006D6974203D3D20524556455253450A0054
:101270000A4D6F766520546F3A2043757272656E21
:101280007420506F73203D20256C64207C205461B5
:101290007267657420506F73203D20256C64207C3C
:1012A0002056656C6F63697479203D20256C64203D
:1012B00075737465702F730A000000005468656FC1
:1012C0007265746963616C204D6F76652074696D19
:1012D00065203D20256C64206D730A000A546172FC
:1012E00067657420506F736974696F6E206973202D
:1012F00073616D652061732043757272656E742031
:10130000506F736974696F6E2E204E6F74204D6F2D
:1013100076696E672E2E2E0A000000000A416C725C
:101320006561647920696E204F70656E204C696D2F
:1013300069742E204E6F74206D6F76696E6720740D
:101340006F7761726473204F70656E204C696D69B0
:10135000740A00000A4775696465204D6F76652040
:10136000546F204F70656E204C696D697420436D19
:10137000642052786376640A00000000416C726554
:1013800061647920696E20436C6F7365204C696DD0
:1013900069742E204E6F74206D6F76696E672074AD
:1013A0006F776172647320436C6F7365204C696D55
:1013B00069740A000A4775696465204D6F76652077
:1013C000746F20436C6F7365204C696D69742043A2
:1013D0006D642052786376640A000000746D633295
:1013E0003230395F5265666572656E63655F53655D
:1013F000617263683A204D6F746F725F496E666FF9
:101400005F74204E756C6C20707472210A000000AD
:10141000544D4332323039205265666572656E63D1
:1014200065205365617263682055415254206164A0
:101430006472203D2025640A000000004F70656E34
:10144000205269676874204C696D69742053746117
:10145000747573203D2025640A000000486F6D6993
:101460006E67202D204D6F746F7220616C72656104
:101470006479206174206C696D69742E204E6F74DC
:10148000206D6F76696E6720616E642073656E648F
:10149000696E6720686F6D696E6720646F6E652086
:1014A0007265706C790A0000486F6D696E67202D57
:1014B000204D6F746F72206E6F74206174206C69A0
:1014C0006D69742E204D6F76696E6720746F776139
:1014D000726473204F70656E205269676874204C87
:1014E000696D69740A0000004D6F746F7220616C41
:1014F0007265616479206174204F70656E204C695B
:101500006D69742E206D6F76696E6720746F7761D8
:1015100072647320636C6F7365206C696D69742EDF
:101520000A0000000A4775696465204D6F746F7288
:101530002053746F700A0000544D4332323039200A
:1015400041444452455353202564204375727265CB
:101550006E7420506F73203D20256C64207C202504
:101560006C640A00544F5020564152524553542047
:10157000312032204D6573736167652049442052E4
:10158000786376642066726F6D204D49202D20327D
:1015900030300A00544F5020496E76616C696420E7
:1015A0004D657373616765204944205278637664A2
:1015B0002066726F6D204D49202D203230300A0098
:1015C000544F50205261636B205245454C45523177
:1015D0005F47554944455F5245454C41444A312097
:1015E0004D65737361676520494420527863766462
:1015F0002066726F6D204D490A000000424F542052
:101600005261636B204D65737361676520494420A7
:1016100052786376642066726F6D204D490A00002F
:10162000544F5020536167205265656C6572204DA0
:10163000657373616765204944205278637664203E
:1016400066726F6D20537973204374726C0A0000C8
:101650000A5361672053656E736F7220456E616235
:101660006C65204F7065726174696F6E205278638B
:1016700076642E205265656C6572204D6F746F72B2
:1016800020697320726561647920746F20526F74D1
:101690006174652E0A0000000A5361672053656E6D
:1016A000736F7220456E61626C65204F7065726168
:1016B00074696F6E2052786376642E205265656C73
:1016C0006572204D6F746F7220697320726561645A
:1016D0007920746F2053746F702E0A000A5361676B
:1016E0002053656E736F7220496E76616C69642059
:1016F0004F7065726174696F6E2052786376640A08
:10170000000000000A424F54544F4D20536167209F
:101710005265656C6572204D65737361676520491C
:10172000442052786376642066726F6D205379731B
:10173000204374726C0A00000A4754726F6E205482
:101740006F702041784320426F617264204163745E
:101750006976652050696E67205278637664092047
:10176000426F617264204163746976652050696ECE
:1017700067205265706C792053656E740A00000012
:101780000A4754726F6E20426F74746F6D204178F7
:101790004320426F61726420416374697665205012
:1017A000696E672052786376640920426F617264C3
:1017B000204163746976652050696E6720526570B8
:1017C0006C792053656E740A000000000A544F5073
:1017D000205261636B204D657373616765204944D6
:1017E0002052786376642066726F6D20494F2043E3
:1017F00074726C0A000000000A424F542052616368
:101800006B204D657373616765204944205278638E
:1018100076642066726F6D20494F204374726C0AA3
:10182000000000000A44454641554C5420256C6494
:101830000A0000005265656C6572204D6F746F720E
:1018400020496E76616C6964204F706572617469BD
:101850006F6E2052786376640A00000047756964F1
:1018600065204D6F746F7220496E76616C696420DB
:101870004F7065726174696F6E2052786376640A86
:10188000000000000A56657274204172726573741C
:101890006F722031204D6F746F7220496E76616CCB
:1018A0006964204F7065726174696F6E205278634D
:1018B00076640A004775696465204F70656E204C38
:1018C000696D697420496E76616C6964204F70653A
:1018D000726174696F6E2052786376640A0000004A
:1018E000477569646520436C6F7365204C696D6949
:1018F0007420496E76616C6964204F706572617402
:10190000696F6E2052786376640A00000A56657229
:1019100074204172726573746F722032204D6F743F
:101920006F7220496E76616C6964204F70657261D8
:1019300074696F6E2052786376640A000A52656596
:101940006C65722041646A2031204D6F746F722083
:10195000496E76616C6964204F7065726174696F5D
:101960006E2052786376640A000000000A526565B2
:101970006C65722041646A2032204D6F746F722052
:10198000496E76616C6964204F7065726174696F2D
:101990006E2052786376640A000000005B4859426A
:1019A0005D20487962726964205472696767657264
:1019B00020666C616720456E61626C65640A000098
:1019C0005B4859425D2048796272696420547269AB
:1019D0006767657220666C61672044697361626C39
:1019E00065640A00546F6C657261626C6520536CAB
:1019F000697073207265636569766564203D202592
:101A0000640A00005B4859425D204879627269644B
:101A100020496E7370656374696F6E205041555331
:101A200045440A005B454E435D20546F74616C2051
:101A30004E2053686F7473203D20256C64207C20F9
:101A4000496E7370656374696F6E0A005B48594232
:101A50005D20546F74616C204E2053686F74732046
:101A60003D20256C64207C20496E73706563746929
:101A70006F6E0A005B454E435D20456E636F646583
:101A800072205472696767657220666C61672045D1
:101A90006E61626C656420666F7220496E7370655A
:101AA0006374696F6E0A00005B4859425D20487993
:101AB00062726964205472696767657220666C613E
:101AC0006720456E61626C656420666F7220496EA6
:101AD0007370656374696F6E0A0000005B454E4366
:101AE0005D20456E636F6465722054726967676537
:101AF00072204E2053686F7420666C616720456EBB
:101B000061626C6564207C204E6F206F66204E20E1
:101B100053686F7473203D20256C640A0000000038
:101B20005B4859425D204879627269642054726949
:101B300067676572204E2053686F7420666C61671A
:101B400020456E61626C6564207C204E6F206F665C
:101B5000204E2053686F7473203D20256C640A006A
:101B60005265656C65722053746172743A205645F3
:101B70004C5F54494D455220537461727465642022
:101B80007C2053616720616E6420526F74617465BC
:101B90002056656C204D6F646520456E61626C65F2
:101BA000640A0000546F74616C20546F6C6572613C
:101BB000626C6520436F6E74696E756F7573205328
:101BC0006C697073207365742061732025640A004A
:101BD000487962726964205465726D696E616C2027
:101BE0005769647468207265636569766564203D31
:101BF00020256C6420757374657073000A487962DF
:101C0000726964205472696767657220496E7661F3
:101C10006C6964204F7065726174696F6E205278D0
:101C20006376640A00000000494F58502053504921
:101C30002052443A20446576204F70636F64653AC1
:101C40002030782578207C205265672041646472BA
:101C50003A2030782578207C2052656164204279D2
:101C600074653A20307825780A0000000A494F58F8
:101C70005020496E697420446F6E65005B454A547C
:101C80005D20466C757368696E6720616C6C2071AD
:101C900075657565732E0A005B454A545D20547264
:101CA00061636B696E672051207C20496E646578A2
:101CB000203D20256C64207C20506F73203D202522
:101CC0006C64207C20436F756E74203D20256C640D
:101CD0000A0000005B454A545D2050617274204345
:101CE0006F756E74207265636569766564203D204A
:101CF000256C6420666F7220456A6563746F72207C
:101D000025640A005B454A545D20456A6563746931
:101D10006F6E20456A6563742042696E20256420D9
:101D20007C2050617274204E6F203D20256C642011
:101D30007C20435F506F73203D20256C640A0000B7
:101D40005B454A545D20456A656374696F6E205037
:101D5000617573652042696E202564207C20506186
:101D60007274204E6F203D20256C64207C20435FE0
:101D7000506F73203D20256C640A00005B454A5477
:101D80005D2042616420456A6563746F7220494436
:101D90000A0000005B454A545D205374616C652065
:101DA0005061727420284C61746520656A656374A3
:101DB0002F5061757365290A000000005B454A5485
:101DC0005D20416374696F6E204672616D65207796
:101DD0006974686F7574205061727420436F756EFA
:101DE000742E0A005B454A545D2054617267657425
:101DF000205175657565204F766572666C6F7765E5
:101E0000642E0A005B454A545D2053657420456A80
:101E10006563746F722044697374616E63652F44E7
:101E2000656C746120666F7220456A6563746F72B9
:101E3000202564203D20256C6420757374657073C3
:101E40000A000000416374696F6E206672616D65FF
:101E500020776173206E6F742070726563656465AE
:101E60006420627920706172742D636F756E7420C6
:101E70006672616D652E0A0050656E64696E67203A
:101E8000284F6666736574202B20416374696F6EFA
:101E90002920656A6563746F72206973206E6F74A0
:101EA000207468652073616D6520617320746865B6
:101EB000206F6E652072656365697665642E0A0021
:101EC0005265636569766564205061727420636F42
:101ED000756E7420256C6420213D205472696767FB
:101EE00065722764205061727420436F756E742090
:101EF000256C640A000000005B454A545D20456A79
:101F00006563746F72202564277320256C64202814
:101F10005061727420506F7329202B20256C64202F
:101F200028456A745F44656C746129202B20256CF8
:101F30006420286F666673657429203D20256C64D3
:101F4000207573746570732028456A7420506F7310
:101F5000290A0000416C72656164792070687973A8
:101F60006963616C6C79207061737365642E2043C2
:101F70005F506F73203D20256C64207C20455F708E
:101F80006F73203D20256C640A0000005B454A54B5
:101F90005D20456E717565756520456A6563746F72
:101FA00072202564207C20506F73203D20256C64B6
:101FB00020757374657073207C2050617274204E9C
:101FC0006F203D20256C640A0000000068616E648B
:101FD0006C655F6E5F73686F745F7469636B2829EB
:101FE0003A20705F7265656C6572315F696E666F0D
:101FF000204E756C6C207074722065727200000047
:1020000053707572696F75732053656E736F7220AC
:1020100054726967676572207278637664207768A6
:10202000696C65206379636C652061726D65642EEF
:102030002049676E6F72696E672E2E2E0A000000AF
:102040004669727374205472696767657220536BB6
:102050006970706564207C2041726D696E672066CE
:102060006F72206E657874206379636C652E0A0048
:1020700044656C7461206F66207072657620746FA1
:10208000206375727220616E63686F7220706F7367
:10209000203D20256C640A005B454E435D2063753E
:1020A0007272203D20256C64207C20616E63686F15
:1020B000725F706F73203D20256C64207C206375F7
:1020C0007272202D20616E63686F725F706F732073
:1020D0003D20256C640A00005B4859425D20637511
:1020E0007272203D20256C64207C20616E63686FD5
:1020F000725F706F73203D20256C64207C206375B7
:102100007272202D20616E63686F725F706F732032
:102110003D20256C640A00005B454E435D20282568
:102120006C6429204E2D53686F7473206669726544
:1021300064206F7574206F6620256C640A000000AF
:102140005B4859425D2028256C6429204E2D536838
:102150006F7473206669726564206F7574206F6692
:1021600020256C640A0000005B454E435D20282555
:102170006C6429204E2D53686F74732066697265F4
:1021800064206F7574206F6620256C64207C204469
:10219000697361626C696E67204E2053686F7420AA
:1021A0004D6F64650A0000005B4859425D20282598
:1021B0006C6429204E2D53686F74732066697265B4
:1021C00064206F7574206F6620256C64207C204429
:1021D000697361626C696E67204E2053686F74206A
:1021E0004D6F64650A0000009642000056440000EE
:1021F00000460000F24700006E4900004E4B000010
:10220000084D0000A44E00000A4C656674204C691D
:102210006D697420506F73203D20256C64207573A8
:1022200074657073207C20252E3266206D6D0952F6
:1022300069676874204C696D697420506F73203D24
:1022400020256C6420757374657073207C20252EA6
:102250003266206D6D0A00000A536F6674204C6967
:102260006D69742048696768203D20256C6420757D
:1022700073746570737C20252E3266206D6D095352
:102280006F6674204C696D6974204C6F77203D2017
:10229000256C6420757374657073207C20252E3244
:1022A00066206D6D0A000000494F585020496E7439
:1022B000657272757074205261697365642E0A00CC
:1022C000544D4332323039204D4F544F52312069F2
:1022D0007320686F6D696E67210A0000544D4332A8
:1022E000323039204D4F544F523120697320696E7E
:1022F000204D6F76696E67205374617465210A0002
:10230000544D4332323039204D4F544F52322069B0
:102310007320686F6D696E67210A0000544D433267
:10232000323039204D4F544F523220697320696E3C
:10233000204D6F76696E67205374617465210A00C1
:10234000636865636B5F4C696D69745F466C616758
:10235000732C204D6F746F725F496E666F5F7420CF
:10236000706F696E746572206973204E554C4C21F4
:102370000A000000494F5850204C696D697420488C
:1023800069740A004D6F746F722031204F70656E52
:10239000205269676874204C696D697420486974BB
:1023A00021210A004D6F746F72203120436C6F73CE
:1023B00065204C656674204C696D697420486974A9
:1023C00021210A004D6F746F722032204F70656EAC
:1023D000205269676874204C696D6974204869747B
:1023E00021210A004D6F746F72203220436C6F738D
:1023F00065204C656674204C696D69742048697469
:1024000021210A004F50454E20285249474854295F
:10241000204C494D4954204445544543544544209B
:10242000464F522053494E474C45204C494D495444
:10243000204D4F544F52210A000000005365747420
:10244000696E672056656C6F6369747920746F20BC
:10245000302E2053746F7070696E67207468652029
:102460004D6F746F722E0A000A4D6F766520746F7F
:10247000204F70656E204C696D697420446F6E65E5
:102480002E2053657474696E672043757272656E91
:102490007420506F736974696F6E20617320256CAE
:1024A000642E2E2E0A0000004F70656E202852699F
:1024B00067687429204C696D69742044657465638C
:1024C00074656420666F7220446F75626C65204C81
:1024D000696D6974204D6F746F722E20536574207E
:1024E00056656C6F6369747920746F20302E0A0012
:1024F000544D4332323039205246533A204F7065A2
:102500006E2028526967687429204C696D697420AF
:1025100068697421204D6F76696E6720746F7761EA
:1025200072647320436C6F736520284C6566742950
:10253000204C696D69740A000A4D6F766520746FCE
:10254000204F70656E205269676874204C696D6910
:102550007420446F6E652E2053657474696E672015
:1025600043757272656E7420506F736974696F6E13
:1025700020617320256C642E2E2E0A00496E73692B
:102580006465204D534B5F4D4F54315F4C5F4C4958
:102590004D0A0000436C6F736520284C65667429F2
:1025A000204C696D697420446574656374656420AA
:1025B000666F7220446F75626C65204C696D69743A
:1025C000204D6F746F722E205365742056656C6FAA
:1025D0006369747920746F20302E0A00544D4332A1
:1025E000323039205246533A20436C6F73652028AD
:1025F0004C65667429204C696D6974206869742182
:10260000204D6F76696E6720746F776172647320F6
:102610004F70656E2028526967687429204C696D77
:1026200069740A00544D4332323039205246533ACD
:1026300020436C6F736520284C65667429204C69B3
:102640006D697420686974212052465320446F6E6E
:10265000650A00000A4D6F766520746F20436C6F29
:102660007365204C656674204C696D697420446FF5
:102670006E652E2053657474696E6720437572729F
:10268000656E7420506F736974696F6E206173207A
:10269000256C642E2E2E0A004F70656E20284C6526
:1026A000667429204C696D6974204465746563748F
:1026B000656420666F7220446F75626C65204C699A
:1026C0006D6974204D6F746F722E2053657420569F
:1026D000656C6F6369747920746F20302E0A000076
:1026E000496E73696465204D534B5F4D4F54325FA3
:1026F0004C5F4C494D0A00000A205265656C6572BA
:1027000020526967687420696D69742053656E731F
:102710006F72204564676520446574656374656401
:10272000210000000A50483120256420252E326601
:102730002061203D20252E326620252E326620760F
:10274000203D20256420252E326620657272203DB2
:102750002025640A000000000A5048322025642029
:10276000252E32662061203D20252E326620252E22
:1027700032662076203D20256420252E3266206595
:102780007272203D2025640A000000000A50483380
:1027900020256420252E32662061203D20252E3202
:1027A0006620252E32662076203D20256420252EA9
:1027B000326620657272203D2025640A0000000008
:1027C0000A50483420256420252E32662061203DA1
:1027D00020252E326620252E32662076203D2025AB
:1027E0006420252E326620657272203D2025640A01
:1027F000000000000A50483520256420252E32664E
:102800002061203D20252E326620252E326620763E
:10281000203D20256420252E326620657272203DE1
:102820002025640A000000000A5048362025642054
:10283000252E32662061203D20252E326620252E51
:1028400032662076203D20256420252E32662065C4
:102850007272203D2025640A000000000A504820C2
:102860002D20370A000000000A5048372025642038
:10287000252E32662061203D20252E326620252E11
:1028800032662076203D20256420252E3266206584
:102890007272203D2025640A000000005B48594206
:1028A0005D204F6E652D53686F74206D6F766520C7
:1028B000646F6E652077697468206E6F2065646749
:1028C000653B206175746F2D64697361626C65642A
:1028D0000A0000000A5265656C6572204D6F7665CE
:1028E00020446F6E65202D3E2052484400000000B9
:1028F0000A2D2D2D2D2D53544F50504544204D4F12
:10290000544F52204D4F56454D454E542041532073
:10291000544845204D4F544F522049532053544161
:102920004C4C4544204F5220535455434B2D2D2D94
:102930002D2D000054256C64207C2063256C6420C0
:102940007C2065256C640A00000010001F01000057
:1029500000008000EF17000000008000EE1800006B
:10296000000080002016000000008000C21200005D
:1029700000008000C21100000A2057205461672027
:10298000202020466C6173685F6D656D5F707472A6
:10299000203D20307825582020207C20546167205D
:1029A0003D202564206F72203078255800000000FB
:1029B0000A2057204C656E67746820466C61736806
:1029C0005F6D656D5F707472203D203078255820F2
:1029D00020207C204C656E677468203D2025642093
:1029E0006F722030782558000A20572056616C7588
:1029F000652020466C6173685F6D656D5F707472F1
:102A0000203D20307825582020207C2056616C7590
:102A100065203D20256C64206F72203078256C582D
:102A20000A0000000A426F74682054616720616EDA
:102A300064204C656E67746820617265203078464A
:102A4000460A00000A436865636B20526573756C23
:102A500074203D202564207C20546F206265207303
:102A6000746F72656420256C64203D3D2053746F43
:102A700072656420256C64203F0A00000A56616C70
:102A800075652073746F7265642069732073616D5E
:102A9000652E204E6F742077726974696E670A0024
:102AA0000A56616C75652073746F72656420697372
:102AB000206E6F742073616D652E2045726173699D
:102AC0006E6720536563746F722E2E2E0A0000000D
:102AD0000A526561643A20546167203D20307825B0
:102AE00058206F72202564207C204C656E677468C6
:102AF000203D2030782558206F72202564207C20CE
:102B000056616C7565203D203078256C58206F72B9
:102B100020256C640A0000002E2E2F68616C2F7334
:102B200072632F68616C5F6164635F73796E632E9B
:102B3000630000002E2E2F68616C2F7372632F6864
:102B4000616C5F63616E5F6173796E632E63000019
:102B50002E2E2F68616C2F7372632F68616C5F6912
:102B60006F2E63002E2E2F68616C2F7372632F6897
:102B7000616C5F70776D2E63000000002E2E2F6851
:102B8000616C2F7372632F68616C5F74696D65721D
:102B90002E6300002E2E2F68616C2F7372632F68D6
:102BA000616C5F75736172745F6173796E632E63BC
:102BB000000000002E2E2F68616C2F7372632F6847
:102BC000616C5F75736172745F73796E632E6300FD
:102BD0002E2E2F68616C2F7574696C732F7372635E
:102BE0002F7574696C735F6C6973742E63000000D9
:102BF0002E2E2F68616C2F7574696C732F7372633E
:102C00002F7574696C735F72696E6762756666654D
:102C1000722E630000000685000009180000000005
:102C200000000000000000000100000000000000A3
:102C30002E2E2F68706C2F6164632F68706C5F613B
:102C400064632E6300000000000102030405060710
:102C5000080C101418203040000000000000000094
:102C60000000000000000000000000000000000064
:102C70000000000000000000000000000000000054
:102C80000000000000000000000000000000000044
:102C90000000000000000000000000000000000034
:102CA0000000000000000000000000000000000024
:102CB0000000000000000000000000000000000014
:102CC0000000000000000000000000000000000004
:102CD00000000000000000000000000000000000F4
:102CE00000000000000000000100000011000000D2
:102CF00002000000120000000300000013000000AA
:102D0000050000003500000007000000370000004B
:102D10000800000050000000090000005100000001
:102D20000A000000520000000C00000054000000E7
:102D30000D000000550000002E2E2F68706C2F65CE
:102D400069632F68706C5F6569632E630000000023
:102D50000004004200080042000C00420010004243
:102D60000014004200180042000000430004004329
:102D70000100000004001040000003002BF60000DA
:102D800000000000070000000400304000000300C5
:102D90005555000000000000000000000000000089
:102DA0000000000000000000000000000000000023
:102DB0000000000000000000000000000000000013
:102DC0000000000000000000000000000000000003
:102DD000000000002E2E2F68706C2F736572636FD9
:102DE0006D2F68706C5F736572636F6D2E6300008A
:102DF000003000420034004200380042003C0042F3
:102E00000040004200080043000C00430010004353
:102E10002E2E2F68706C2F74632F68706C5F746334
:102E20002E6300002E2E2F68706C2F7764742F682D
:102E3000706C5F7764742E6300000000417843205B
:102E40006462675F7072696E74206F6E6C696E6524
:102E500020402032204D626175642C2061786973B6
:102E60003D25640A000000000A417843202D2047D8
:102E700054726F6E20544F500A0000004178432076
:102E80002D204754726F6E20424F54544F4D0A000C
:102E90007265706561745F72616D70203D203020D5
:102EA0007C204E6F20456E647572616E63652052A2
:102EB000756E207C204E6F20486F6D696E670A002A
:102EC0007265706561745F72616D70203D203220A3
:102ED0007C20456E647572616E63652052756E204C
:102EE0007C20486F6D696E670A000000726570652E
:102EF00061745F72616D70203D2034207C204E6FC4
:102F000020456E647572616E63652052756E207C1B
:102F100020486F6D696E670A000000005265656C9D
:102F2000657220526F74617279204178697320450F
:102F30006E61626C6564210A0000000096920000D8
:102F4000B0920000BA920000C4920000CE9200003D
:102F5000D8920000E292000010940000E29200007B
:102F60001094000052940000989400000A792025E3
:102F700064203D20256C640A000000000A696E731D
:102F80006964652069646C65000000000A7256205F
:102F90003D3D20303F0000000A7256203D2074560F
:102FA000000000000A7374617465203D206472693A
:102FB00076696E67000000000A696E7369646520B7
:102FC00064726976696E67000A7256656C203D20EE
:102FD000256C64097456656C203D20256C6409726B
:102FE000506F73203D20256C640974506F73203D31
:102FF00020256C640A0000000A72563E303F000033
:103000000A72563C303F00000A64696666782061A7
:103010006273203D20256C640A0000000A6163632E
:10302000656C5374657073203D20256C640A000044
:103030000A564D41580000000A496E7369646543A1
:103040004F6D7075746556656C0000000A616356BB
:10305000656C203D20256C64096456203D20256C5C
:10306000640A00000A7256656C203C207456656C38
:10307000000000000A7256656C203E207456656C94
:10308000000000000A6163506F73203D20256C64CE
:10309000097072656369736F6E203D20256C640A48
:1030A000000000000A6478203D20256C640A0000BE
:1030B0000A72657475726E20647800000A64782064
:1030C000636D702C2076616C203D20256C640A00B5
:1030D0000A6163635374657073203D20256C640A34
:1030E000000000000A566D6178202A204A65726B44
:1030F000203D20252E3266207C206163636C657242
:103100006174696F6E5E32203D20252E32660A00A2
:103110000A53203E20535F6D696E0A000A53203C1B
:1031200020535F6D696E0A000A53203D20535F6D86
:10313000696E0A000A436173652025640A5661209E
:103140003D20252E3266207C205361203D20252EF7
:103150003266207C205376203D20252E3266207C4E
:1031600020535F6D696E203D20252E3266000000E1
:103170000A4361736520410A000000000A4361733D
:103180006520420A000000000A4361736520433154
:103190000A0000000A436173652043320A00000000
:1031A0000A436173652044310A0000000A436173D9
:1031B000652044320A0000000A546A203D20252E72
:1031C0003266207C205461203D20252E3266207CF2
:1031D000205476203D20252E32660A000A743120C4
:1031E0003D20252E3266207C207432203D20252E65
:1031F0003266207C207433203D20252E3266207CD0
:10320000207434203D20252E3266207C2074352009
:103210003D20252E3266207C207436203D20252E30
:103220003266207C207437203D20252E32660A002D
:103230000A6131203D20252E3266207C206132201B
:103240003D20252E3266207C206133203D20252E16
:103250003266207C206134203D20252E3266207C81
:10326000206135203D20252E3266207C20613620CD
:103270003D20252E3266207C206137203D20252EE2
:1032800032660A000A563320213D20566D61780AC5
:10329000000000000A7631203D20252E3266207C79
:1032A000207632203D20252E3266207C2076332069
:1032B0003D20252E3266207C207634203D20252E90
:1032C0003266207C207635203D20252E3266207CFB
:1032D000207636203D20252E3266207C2076372031
:1032E0003D20252E32660A000A7031203D20252E11
:1032F0003266207C207032203D20252E3266207CD4
:10330000207033203D20252E3266207C2070342012
:103310003D20252E3266207C207035203D20252E34
:103320003266207C207036203D20252E3266207C9F
:10333000207037203D20252E32660A000A546F7413
:10334000616C2044697374616E6365203D20252E95
:103350003266207374657073206F7220252E32667A
:10336000206D6D0A000000000A496E697469616C85
:1033700020506F736974696F6E203D20252E326670
:10338000207374657073206F7220252E3266206D55
:103390006D0A00000A54617267657420506F73698A
:1033A00074696F6E203D20252E326620737465701F
:1033B00073206F7220252E3266206D6D0A0000008A
:1033C0000A5461726765742056656C6F636974791D
:1033D000203D20252E326620707073206F722025CC
:1033E0002E32662072706D0A000000000A4163638D
:1033F000656C65726174696F6E203D20252E3266A2
:10340000207070732F73206F7220252E3266207209
:10341000706D2F730A0000000A4A65726B203D2010
:10342000252E3266207070732F732F73206F7220D9
:10343000252E32662072706D2F732F730A000000E4
:1034400048A500007EA5000086A500008EA500000E
:1034500096A500009EA50000A6A500006368656310
:103460006B5F446961675F323230392829206D31E2
:10347000204E554C4C207074720A000063686563DE
:103480006B5F446961675F323230392829206D32C1
:10349000204E554C4C207074720A000044696167DC
:1034A00020496E7465727275707420526563656927
:1034B000766564210A0000000A56656C6F636974C2
:1034C00079203E2030207C20436F756E742055504B
:1034D000202B20310A0000000A56656C6F63697466
:1034E00079203C2030207C20436F756E7420444F3F
:1034F000574E202D20310A0063757272656E745F1D
:103500006D73636E74203D2025640A0064696666ED
:10351000203D2025640A00000A544D4332323039E0
:10352000204D6F766520446F6E652E204375727254
:10353000656E7420506F736974696F6E203D20252D
:103540006C6420757374657073207C2054696D659C
:103550002054616B656E203D20256C64206D730ADC
:1035600000000000636865636B5F57686963685FAC
:10357000323230395F4D6F746F725F4D6F76696EA6
:10358000672829206D31206D6F745F6172726179D7
:1035900020656E747279204E554C4C2070747220E8
:1035A0006572726F722E204D6F746F722053746F3C
:1035B00070706565640A0000636865636B5F5768D7
:1035C0006963685F323230395F4D6F746F725F4D7F
:1035D0006F76696E672829206D32206D6F745F6188
:1035E0007272617920656E747279204E554C4C2050
:1035F000707472206572726F722E204D6F746F72CC
:103600002053746F707065640A000000636865631E
:103610006B5F57686963685F323230395F4D6F7432
:103620006F725F4D6F76696E672829204D6F746FDA
:10363000725F496E666F5F74204E554C4C207074FB
:1036400072206572726F722E0A0000000091E372A0
:103650000796E4750E9FED7C0998EA7B1C8DFF6E42
:103660001B8AF8691283F1601584F66738A9DB4A72
:103670003FAEDC4D36A7D54431A0D24324B5C75662
:1036800023B2C0512ABBC9582DBCCE5F70E1930252
:1036900077E694057EEF9D0C79E89A0B6CFD8F1E02
:1036A0006BFA881962F3811065F4861748D9AB3A32
:1036B0004FDEAC3D46D7A53441D0A23354C5B72622
:1036C00053C2B0215ACBB9285DCCBE2FE071039212
:1036D000E7760495EE7F0D9CE9780A9BFC6D1F8EC2
:1036E000FB6A1889F2631180F5641687D8493BAAF2
:1036F000DF4E3CADD64735A4D14032A3C45527B6E2
:10370000C35220B1CA5B29B8CD5C2EBF900173E2D1
:10371000970674E59E0F7DEC99087AEB8C1D6FFE81
:103720008B1A68F9821361F0851466F7A8394BDAB1
:10373000AF3E4CDDA63745D4A13042D3B42557C6A1
:10374000B32250C1BA2B59C8BD2C5ECF032301024E
:10375000020101030000000000000000020201025B
:103760000200000000000000000000000000020055
:103770000000000000000000000000000000000049
:103780000000000000000000000000000201020034
:103790000000000000000000000000000000000029
:1037A0000000000000000000000000000000000019
:1037B00000000000000001010300000103010100FE
:1037C0000000000000000000000000002E2E2F74FA
:1037D0006D63323230395F756172742F544D4332EC
:1037E0003230392E63000000544D433232303920DC
:1037F000496E697420446F6E6520666F72204D6F4C
:10380000746F722055415254206164647265737301
:103810002025642E0A000000544D433232303920F6
:1038200047434F4E462076616C203D203078255826
:103830000A0000000A477569646520746F74616C42
:10384000205374657073203D20256C64207C2054C7
:103850006F74616C2044697374203D20256C640A88
:10386000000000000A526561642056616C75657342
:103870003A0A67636F6E66203D202578207C2074AD
:1038800070777264776E203D202578207C206968EF
:103890006F6C64203D202578207C2063686F702049
:1038A0003D202578207C2070776D203D2025780AEA
:1038B0000000000073717274000000007C000020A2
:1038C000494E4600696E66004E414E006E616E00C4
:1038D00030003031323334353637383941424344A1
:1038E000454600303132333435363738396162631A
:1038F00064656600496E66696E697479004E614E52
:1039000000000000000000000000000000000000B7
:1039100000000000000000000000000000000000A7
:103920000000000000000000000000000000000097
:103930000000000000000000000000000000000087
:103940000000000000000000000000000000000077
:103950000000000000000000000000000000000067
:1039600000000000000000000080E03779C3414300
:10397000176E05B5B5B89346F5F93FE9034F384DD5
:10398000321D30F94877825A3CBF737FDD4F157581
:10399000000000000000F03F000000000000244094
:1039A00000000000000059400000000000408F406F
:1039B000000000000088C34000000000006AF840DA
:1039C0000000000080842E4100000000D0126341FE
:1039D0000000000084D797410000000065CDCD4174
:1039E000000000205FA00242000000E87648374255
:1039F000000000A2941A6D42000040E59C30A242F3
:103A00000000901EC4BCD64200003426F56B0C4367
:103A10000080E03779C3414300A0D885573476430E
:103A200000C84E676DC1AB43003D9160E458E1436F
:103A3000408CB5781DAF154450EFE2D6E41A4B44E4
:103A400092D54D06CFF08044F64AE1C7022DB54429
:103A5000B49DD9794378EA440500000019000000BC
:103A60007D000000232D302B2000686C4C00656623
:103A700067454647004300504F534958002E000009
:103A8000202020202020202020282828282820200E
:103A90002020202020202020202020202020202026
:103AA000881010101010101010101010101010109E
:103AB000040404040404040404041010101010107E
:103AC0001041414141414101010101010101010157
:103AD000010101010101010101010110101010108B
:103AE0001042424242424202020202020202020228
:103AF0000202020202020202020202101010102050
:103B000000000000000000000000000000000000B5
:103B100000000000000000000000000000000000A5
:103B20000000000000000000000000000000000095
:103B30000000000000000000000000000000000085
:103B40000000000000000000000000000000000075
:103B50000000000000000000000000000000000065
:103B60000000000000000000000000000000000055
:103B70000000000000000000000000000000000045
:103B800068E10000B8E00000B8E00000B6E0000026
:103B90005AE100005AE1000050E10000B6E00000E8
:103BA0005AE1000050E100005AE10000B6E00000D8
:103BB00060E1000060E1000060E10000F0E1000071
:103BC00038EF00001AEF0000D4EE0000F2ED000024
:103BD000D4EE00000CEF0000D4EE0000F2ED000087
:103BE0001AEF00001AEF00000CEF0000F2ED0000E9
:103BF000EAED0000EAED0000EAED000050F10000FF
:103C000098F7000058F6000058F6000054F600003F
:103C100070F7000070F7000062F7000054F6000033
:103C200070F7000062F7000070F7000054F6000023
:103C300078F7000078F7000078F700007CF90000C2
:103C4000F8B5C046F8BC08BC9E467047E5000000C9
:103C5000F8B5C046F8BC08BC9E467047BD000000E1
:103C600001000000E80E0020800D0020900C0020D4
:103C7000700E0020F80D0020080D002068210020A3
:103C800078210020802200206022002014070020DC
:103C9000240700202C070020011500000800000068
:103CA000000001324FC30000A761000002160000AF
:103CB0000801000000000100E8030000000000000F
:103CC000041800000801000000000100E8030000E3
:103CD00000000000010000007C0000200000000047
:103CE00024390100443901000439010000000000BA
:103CF00000000000000000000000000000000000C4
:103D000000000000000000000000000000000000B3
:103D100000000000000000000000000000000000A3
:103D20000000000000000000000000000000000093
:103D30000000000000000000000000004300000040
:103D40000000000000000000000000000000000073
:103D50000000000000000000000000004300000020
:103D60000000000000000000000000000000000053
:103D70000000000000000000000000004300000000
:103D80000000000000000000000000000000000033
:103D900000000000000000000000000043000000E0
:103DA0000000000000000000000000000000000013
:103DB00000000000000000000000000043000000C0
:103DC00000000000000000000000000000000000F3
:103DD00000000000000000000000000043000000A0
:103DE00000000000000000000000000000000000D3
:103DF0000000000000000000000000004300000080
:103E000000000000000000000000000000000000B2
:103E100000000000000000000000000059DD00006C
:103E200099DC0000000000007F3A01007D3A0100AB
:103E3000693A0100693A0100693A0100693A0100F2
:103E4000693A0100693A0100693A0100693A0100E2
:103E5000693A0100FFFFFFFFFFFFFFFFFFFFFFFFCA
:103E6000FFFF0000010041534349490000000000EA
:103E70000000000000000000000000000000000042
:103E800000000000000041534349490000000000C9
:103E90000000000000000000000000000000000022
:083EA00000000000000000001A
:00000001FF
